trace_file,game_number,child_id,generation,parent_id,parent_rank,sampled_op,arm,prompt_sha256,prompt_chars,llm_parse_failed,proposed_word,proposed_words,proposed_word_invalid,realized_rank,predicted_closeness,predicted_closeness_clamped,predicted_bucket,self_report_parse_failed,basis_words_count,reason_chars
ea_llm_self_adaptive_api_1384_run1_20260728_223943.json,1384,99bda7ae21394ad7ac6f36bfb238c20c,2,5c4e62300ea446f4921df65f743a7558,164,ml_mutation,genuine,4c2350e58aef1a6e4b9dd334da5870cdaf5aa031e5b0f2d5ccf8e088d8b3c1f5,3716,False,warm,warm;deep;tender,False,5694,0.4,False,top500,False,1,223
ea_llm_self_adaptive_api_1384_run1_20260728_223943.json,1384,99bda7ae21394ad7ac6f36bfb238c20c,2,5c4e62300ea446f4921df65f743a7558,164,ml_mutation,wrong,137b272bc579328ff47179514db351323c9d3ab25266917fb3404f291cb2ec6a,3693,False,sympathy,sympathy;compassion;attachment,False,8024,0.6,False,top500,False,2,197
ea_llm_self_adaptive_api_1384_run1_20260728_223943.json,1384,99bda7ae21394ad7ac6f36bfb238c20c,2,5c4e62300ea446f4921df65f743a7558,164,ml_mutation,filler,3f6b3b47bd5ef2098b61e7752a7ac7f65a15146f9058ac323a522c4ae1696b71,3703,False,cherish,cherish;admire;treasure,False,6032,0.7,False,top500,False,1,193
ea_llm_self_adaptive_api_1384_run1_20260728_223943.json,1384,99bda7ae21394ad7ac6f36bfb238c20c,2,5c4e62300ea446f4921df65f743a7558,164,ml_mutation,absent,c9866064f36dd245ef0e0c820050dd8db8abf7dafb04ad9e3a60eb51406ae537,3438,False,affection,affection;compassion;sympathy,False,4205,0.7,False,top100,False,1,170
ea_llm_self_adaptive_api_1384_run1_20260728_223943.json,1384,567f33841c114426b38294440db48cda,2,80c2f8bc162c43fd81a8c4d0b025d8fd,170,ml_mutation,genuine,fb1c30ce12acb15c050b0f6d4dfb1549a7eb6cdcba563e2600ab20043fcbddcb,3694,False,evaluate,evaluate;assess;analyze,False,24570,0.6,False,top500,False,1,168
ea_llm_self_adaptive_api_1384_run1_20260728_223943.json,1384,567f33841c114426b38294440db48cda,2,80c2f8bc162c43fd81a8c4d0b025d8fd,170,ml_mutation,wrong,127882a1106ccc9736cb7da34b8c9b4fa41dbaf7745805f93263c188de0aea3e,3683,False,assess,assess;appraise;judge,False,24455,0.35,False,top500,False,1,113
ea_llm_self_adaptive_api_1384_run1_20260728_223943.json,1384,567f33841c114426b38294440db48cda,2,80c2f8bc162c43fd81a8c4d0b025d8fd,170,ml_mutation,filler,a51b8722a86148dd4a953a9f34fbe622f2626b8e48b0679ca69981451c94cc2a,3691,False,evaluate,evaluate;assess;examine,False,24570,0.6,False,top500,False,1,186
ea_llm_self_adaptive_api_1384_run1_20260728_223943.json,1384,567f33841c114426b38294440db48cda,2,80c2f8bc162c43fd81a8c4d0b025d8fd,170,ml_mutation,absent,6b287c8189dea3a4d17959e4f762ba16fa7e417f5957a04c90d2fbab030111f3,3463,False,assess,assess;evaluate;examine,False,24455,0.6,False,top500,False,1,161
ea_llm_self_adaptive_api_1384_run1_20260728_223943.json,1384,46bf68d6f81b45978ef142fe3cec9b8e,3,07326e6774ef40bdab08c833b9faae1e,109,l_mutation,genuine,016adb434ec41e2f70363c26bacb9bb980a9081530c920af43b20d3b6af50af4,4343,False,arrangement,arrangement;layout;configuration,False,54030,0.25,False,top500,False,1,182
ea_llm_self_adaptive_api_1384_run1_20260728_223943.json,1384,46bf68d6f81b45978ef142fe3cec9b8e,3,07326e6774ef40bdab08c833b9faae1e,109,l_mutation,wrong,0afcf518878f4ec557eed51db8ce23c7a8c896ba55a946ad8f31e3c61efa44d6,4320,False,system,system;framework;structure,False,28534,0.3,False,top500,False,1,179
ea_llm_self_adaptive_api_1384_run1_20260728_223943.json,1384,46bf68d6f81b45978ef142fe3cec9b8e,3,07326e6774ef40bdab08c833b9faae1e,109,l_mutation,filler,be9601e8ef094b69c1b3b06740588e0dcc698396177003773310399bcde212d0,4335,False,ridge,ridge;plateau;slope,False,17609,0.2,False,top500,False,1,225
ea_llm_self_adaptive_api_1384_run1_20260728_223943.json,1384,46bf68d6f81b45978ef142fe3cec9b8e,3,07326e6774ef40bdab08c833b9faae1e,109,l_mutation,absent,77fcd022e8183233fb17f24725538a349aa5b6799b018f5164852d3be209b7ad,4107,False,node,node;system;structure,False,36136,0.4,False,top500,False,1,168
ea_llm_self_adaptive_api_1384_run1_20260728_223943.json,1384,1b8e3636f49540bd9dd30ba467cb0a3b,3,5c4e62300ea446f4921df65f743a7558,164,ml_mutation,genuine,f18ea460a2fb1a2403c558df967832f39afb480668cdbbe8e5171a41d39093b3,4317,False,cherish,cherish;adore;treasure,False,6032,0.6,False,top100,False,1,182
ea_llm_self_adaptive_api_1384_run1_20260728_223943.json,1384,1b8e3636f49540bd9dd30ba467cb0a3b,3,5c4e62300ea446f4921df65f743a7558,164,ml_mutation,wrong,de6a1d4fa471db9998b8a7d55949d3a2112a1cb7d38c9cdc3f2ca196b7bd626f,4277,False,anchor,anchor;sail;boat,False,3250,0.2,False,beyond,False,2,145
ea_llm_self_adaptive_api_1384_run1_20260728_223943.json,1384,1b8e3636f49540bd9dd30ba467cb0a3b,3,5c4e62300ea446f4921df65f743a7558,164,ml_mutation,filler,c41f620729d0be38de691c2b25a554e35394100af76b86e53d47c58821cd07a5,4304,False,help,help;console;communicate,False,4157,0.7,False,top500,False,3,148
ea_llm_self_adaptive_api_1384_run1_20260728_223943.json,1384,1b8e3636f49540bd9dd30ba467cb0a3b,3,5c4e62300ea446f4921df65f743a7558,164,ml_mutation,absent,b2d543075a7b527b760ac92a6a75d7f898c1309cbeebe95095ad32c1963c81b6,4039,False,calm,calm;hope;trust,False,9998,0.3,False,top500,False,1,225
ea_llm_self_adaptive_api_1384_run2_20260728_235849.json,1384,d0b0a67f0d684c1fb6ffeb69101b4451,2,0ffae012c59e4ad3b36408af9f202524,303,m_mutation,genuine,1a16500cac77ea407a7c8a9e58cf5d798ea34f6f62ef9afb3011f0c4edec03bd,3845,False,spread,spread;relay;share,False,262,0.4,False,top500,False,1,156
ea_llm_self_adaptive_api_1384_run2_20260728_235849.json,1384,d0b0a67f0d684c1fb6ffeb69101b4451,2,0ffae012c59e4ad3b36408af9f202524,303,m_mutation,wrong,2dea365be77fab9a2bf7aba2e611bb95a8382b904dbccbcb0a96b48ee565e32c,3791,False,media,media;proof;web,False,73,0.5,False,top500,False,1,165
ea_llm_self_adaptive_api_1384_run2_20260728_235849.json,1384,d0b0a67f0d684c1fb6ffeb69101b4451,2,0ffae012c59e4ad3b36408af9f202524,303,m_mutation,filler,5979c1263b1719e6d9fc5ff0bafe17c9ce602f09fcba7ecfdb6962dd3672bdb9,3837,False,release,release;reveal;announce,False,307,0.4,False,top500,False,1,160
ea_llm_self_adaptive_api_1384_run2_20260728_235849.json,1384,d0b0a67f0d684c1fb6ffeb69101b4451,2,0ffae012c59e4ad3b36408af9f202524,303,m_mutation,absent,0ca44ba09919d2b2eaeea4cb0bafe43322ebc594bcb9da69b2feedd837424443,3572,False,broadcast,broadcast;disseminate;release,False,1123,0.6,False,top500,False,1,144
ea_llm_self_adaptive_api_1384_run2_20260728_235849.json,1384,bbcc7573c1ea4eb6b42d98cdd2d0a8c9,2,5246b9d11d4a42e18264f191ad8a3738,328,ml_mutation,genuine,ba24e36da39ad45533e183a23e66063bf3b1a2f25bfb7972a9316b41d86102f1,3831,False,talk,talk;support;greet,False,32,0.4,False,top500,False,2,154
ea_llm_self_adaptive_api_1384_run2_20260728_235849.json,1384,bbcc7573c1ea4eb6b42d98cdd2d0a8c9,2,5246b9d11d4a42e18264f191ad8a3738,328,ml_mutation,wrong,4996db4ab5b10a6c3f287cfc18f43b465e60759008472a993edca6c49171cf07,3820,False,giggle,giggle;hum;chant,False,928,0.4,False,top500,False,1,147
ea_llm_self_adaptive_api_1384_run2_20260728_235849.json,1384,bbcc7573c1ea4eb6b42d98cdd2d0a8c9,2,5246b9d11d4a42e18264f191ad8a3738,328,ml_mutation,filler,ed475c5923e66763b3f42369e8b04658a983e80e0a7f117649bcfe3040c80a5b,3795,False,speak,speak;scream;whisper,False,1805,0.4,False,top500,False,1,173
ea_llm_self_adaptive_api_1384_run2_20260728_235849.json,1384,bbcc7573c1ea4eb6b42d98cdd2d0a8c9,2,5246b9d11d4a42e18264f191ad8a3738,328,ml_mutation,absent,131ec37ed9b679c557670a3364b80137f944bb0465174a9388f04f86b1bf100a,3530,False,giggle,giggle;gasp;sigh,False,928,0.5,False,top500,False,1,148
ea_llm_self_adaptive_api_1384_run2_20260728_235849.json,1384,c2c6a313f7ac40f6b007fa3c05b1f7cf,3,bbcc7573c1ea4eb6b42d98cdd2d0a8c9,32,ml_mutation,genuine,7eb59987ecb181e10c6ec74a80bc60247556139180199160331d679847e230d8,4172,False,tone,tone;pitch;volume,False,3617,0.5,False,top500,False,1,100
ea_llm_self_adaptive_api_1384_run2_20260728_235849.json,1384,c2c6a313f7ac40f6b007fa3c05b1f7cf,3,bbcc7573c1ea4eb6b42d98cdd2d0a8c9,32,ml_mutation,wrong,c29134dc3bd78389ac2ea41918964313053ff297ac995b3d93dcd8c004576d58,4177,False,speak,speak;write;sign,False,1805,0.7,False,top100,False,1,173
ea_llm_self_adaptive_api_1384_run2_20260728_235849.json,1384,c2c6a313f7ac40f6b007fa3c05b1f7cf,3,bbcc7573c1ea4eb6b42d98cdd2d0a8c9,32,ml_mutation,filler,3149fe2dc724ea0d0fb1219966ae660096d0e0f33008b69859f222cda6409d5e,4180,False,speak,speak;write;gesture,False,1805,0.7,False,top500,False,1,170
ea_llm_self_adaptive_api_1384_run2_20260728_235849.json,1384,c2c6a313f7ac40f6b007fa3c05b1f7cf,3,bbcc7573c1ea4eb6b42d98cdd2d0a8c9,32,ml_mutation,absent,c1c151c608b5938b916c2d3f8bb2c31f3f469b0eb3fcedf92eb144db5ea8585a,3915,False,speak,speak;write;sign,False,1805,0.6,False,top100,False,1,214
ea_llm_self_adaptive_api_1384_run2_20260728_235849.json,1384,4e37f26fb8164aae897aa2eae85cd096,3,a6d74ef120b7467b8fdc80f5a36dd3f1,211,l_mutation,genuine,70e125020fa56e0605f2d697c72822f6ef31427f135b1942eb24c5f1e93adb9a,4529,False,agency,agency;purpose;trajectory,False,5516,0.4,False,top500,False,1,221
ea_llm_self_adaptive_api_1384_run2_20260728_235849.json,1384,4e37f26fb8164aae897aa2eae85cd096,3,a6d74ef120b7467b8fdc80f5a36dd3f1,211,l_mutation,wrong,11ea3ccc7a59ace063469feb30c1352805243ee1de59d35b85889ceb17eaec29,4477,False,perception,perception;cognition;schema,False,9673,0.4,False,top500,False,1,164
ea_llm_self_adaptive_api_1384_run2_20260728_235849.json,1384,4e37f26fb8164aae897aa2eae85cd096,3,a6d74ef120b7467b8fdc80f5a36dd3f1,211,l_mutation,filler,42c9304fc1e9b55723816d8a6cc03ba6ea2010f5380332bce014310c0b538d4c,4522,False,cognition,cognition;awareness;perception,False,43305,0.3,False,top500,False,2,138
ea_llm_self_adaptive_api_1384_run2_20260728_235849.json,1384,4e37f26fb8164aae897aa2eae85cd096,3,a6d74ef120b7467b8fdc80f5a36dd3f1,211,l_mutation,absent,f088230098966df4ff6819bf1caf026cc9868e4f961443e9e76aa1685515087b,4257,False,agency,agency;initiative;choice,False,5516,0.5,False,top500,False,1,114
ea_llm_self_adaptive_api_1384_run2_20260728_235849.json,1384,96a11f8a40bf4690907e1455fe3b189c,3,0ffae012c59e4ad3b36408af9f202524,303,m_mutation,genuine,511f3d10d5b5eda3a04f04725dc874b145987ccfcc1db37419397a902b6bab8e,4417,False,release,release;announce;disseminate,False,307,0.35,False,top500,False,1,156
ea_llm_self_adaptive_api_1384_run2_20260728_235849.json,1384,96a11f8a40bf4690907e1455fe3b189c,3,0ffae012c59e4ad3b36408af9f202524,303,m_mutation,wrong,347ecf8a6a56e1d3c2fb19285f4e480bb40add33ac49fbe793875db49e597a96,4363,False,expose,expose;announce;reveal,False,700,0.2,False,beyond,False,1,160
ea_llm_self_adaptive_api_1384_run2_20260728_235849.json,1384,96a11f8a40bf4690907e1455fe3b189c,3,0ffae012c59e4ad3b36408af9f202524,303,m_mutation,filler,8686ea903cb42b2dc5cf56c9a3c84872fe09e5139f2ac580ec89e50692b448ba,4409,False,reveal,reveal;announce;expose,False,427,0.3,False,beyond,False,1,167
ea_llm_self_adaptive_api_1384_run2_20260728_235849.json,1384,96a11f8a40bf4690907e1455fe3b189c,3,0ffae012c59e4ad3b36408af9f202524,303,m_mutation,absent,005ebbc47e356604415e6b5418d15c4545e7eb6ecbe38fb6e2b745e2c9af8b1c,4144,False,expose,expose;divulge;reveal,False,700,0.2,False,beyond,False,1,124
ea_llm_self_adaptive_api_1384_run2_20260728_235849.json,1384,a3353ab51d604745ad64dbcf2da152eb,4,5f5af88626134e0294cee978b6cca206,28,s_mutation,genuine,486e007030d10583636c460d9e48adeda1cd7cb0cc6713cbd0508012c3cdd0ab,4671,False,speak,speak;banter;chatter,False,1805,0.7,False,top100,False,1,169
ea_llm_self_adaptive_api_1384_run2_20260728_235849.json,1384,a3353ab51d604745ad64dbcf2da152eb,4,5f5af88626134e0294cee978b6cca206,28,s_mutation,wrong,ffb15286f7b162f04f7256d3ea1024aaee70d1dec24d91de10ab71ca848f9e79,4650,False,mingle,mingle;exchange;share,False,310,0.6,False,top500,False,1,121
ea_llm_self_adaptive_api_1384_run2_20260728_235849.json,1384,a3353ab51d604745ad64dbcf2da152eb,4,5f5af88626134e0294cee978b6cca206,28,s_mutation,filler,8a14a160882b267b1bc1681936506fdf6fd5485e5a1c5208c7393328346de1e5,4663,False,chatter,chatter;converse;banter,False,14,0.8,False,top100,False,1,76
ea_llm_self_adaptive_api_1384_run2_20260728_235849.json,1384,a3353ab51d604745ad64dbcf2da152eb,4,5f5af88626134e0294cee978b6cca206,28,s_mutation,absent,27b9c81d3ec181699493150459f7414134a11f6960d680f6f013dbd94dcb06ed,4398,False,converse,converse;mingle;banter,False,2594,0.8,False,top100,False,1,104
ea_llm_self_adaptive_api_1384_run2_20260728_235849.json,1384,ca720dab42b64bbcb10b86d0fa9e560b,4,d4cc77f384b9487ca37a1e05c9a83cd6,56,m_mutation,genuine,c324b002da0bdd1700cced62905024f93b251d5663f53cbcafa208a1fd009230,4705,False,cable,cable;router;server,False,10851,0.3,False,top500,False,1,168
ea_llm_self_adaptive_api_1384_run2_20260728_235849.json,1384,ca720dab42b64bbcb10b86d0fa9e560b,4,d4cc77f384b9487ca37a1e05c9a83cd6,56,m_mutation,wrong,a6537896950915a29c9d5b83735f2524be39d6866cef0673f2ae270138b8989c,4653,False,cable,cable;router;server,False,10851,0.6,False,top500,False,1,111
ea_llm_self_adaptive_api_1384_run2_20260728_235849.json,1384,ca720dab42b64bbcb10b86d0fa9e560b,4,d4cc77f384b9487ca37a1e05c9a83cd6,56,m_mutation,filler,27797cf7f053f20598ab2393bd29568e4165c0a4d40bd98cff50ba553d726509,4683,False,cable,cable;router;server,False,10851,0.4,False,top500,False,1,157
ea_llm_self_adaptive_api_1384_run2_20260728_235849.json,1384,ca720dab42b64bbcb10b86d0fa9e560b,4,d4cc77f384b9487ca37a1e05c9a83cd6,56,m_mutation,absent,293527b26b7fcff5ea45318b38b995a1200792b8661c1ee7b871dde25d358397,4418,False,data,data;server;bandwidth,False,11518,0.6,False,top500,False,1,66
ea_llm_self_adaptive_api_1384_run2_20260728_235849.json,1384,bbd4eb3b56f44f1ca3cc444f5d8e9e10,4,a6d74ef120b7467b8fdc80f5a36dd3f1,211,m_mutation,genuine,61fcaabd71ed041576f981cfa53a1b12d8a9aad08e883064941edb686c49c30c,4831,False,behavior,behavior;demeanor;disposition,False,3820,0.6,False,top500,False,1,163
ea_llm_self_adaptive_api_1384_run2_20260728_235849.json,1384,bbd4eb3b56f44f1ca3cc444f5d8e9e10,4,a6d74ef120b7467b8fdc80f5a36dd3f1,211,m_mutation,wrong,4313c6f97915b9e4e1da2723f0c4983b22238e38f7cc7bf9ce550d99f62ccc0b,4795,False,expression,expression;manner;demeanor,False,11586,0.4,False,top500,False,1,146
ea_llm_self_adaptive_api_1384_run2_20260728_235849.json,1384,bbd4eb3b56f44f1ca3cc444f5d8e9e10,4,a6d74ef120b7467b8fdc80f5a36dd3f1,211,m_mutation,filler,433d98613bdadfc66ff18b82122dfed7a34880c9c935eb6b5cbd64a89f6970da,4824,False,expression,expression;demeanor;manner,False,11586,0.6,False,top500,False,1,139
ea_llm_self_adaptive_api_1384_run2_20260728_235849.json,1384,bbd4eb3b56f44f1ca3cc444f5d8e9e10,4,a6d74ef120b7467b8fdc80f5a36dd3f1,211,m_mutation,absent,04b93858adb87b13340d19c08ca97c6afbf692e864836a9c8d87f27bcff4ec88,4559,False,behavior,behavior;pattern;expression,False,3820,0.7,False,top500,False,1,168
ea_llm_self_adaptive_api_1384_run3_20260729_114104.json,1384,6a26cde295094c97a4c54bdf35e5a8a3,2,9f4dc0002a5a4447bb056701719b1803,274,s_mutation,genuine,e4e483ce62a1447380aed59697cc4e4db1549aaac663a90a4ccccabdad46a7da,3496,False,common,common;frequent;typical,False,1254,0.7,False,top500,False,1,136
ea_llm_self_adaptive_api_1384_run3_20260729_114104.json,1384,6a26cde295094c97a4c54bdf35e5a8a3,2,9f4dc0002a5a4447bb056701719b1803,274,s_mutation,wrong,4c0b38741fd5ba08b59ba5651d7c02feba46f179a5e2107d2bdb16d122456f85,3481,False,common,common;normal;typical,False,1254,0.6,False,top500,False,1,206
ea_llm_self_adaptive_api_1384_run3_20260729_114104.json,1384,6a26cde295094c97a4c54bdf35e5a8a3,2,9f4dc0002a5a4447bb056701719b1803,274,s_mutation,filler,00e43abd5f69aea5c78f5f9079f8c54e46f313e69d62d8193562491d4292b173,3510,False,common,common;normal;typical,False,1254,0.6,False,top500,False,1,95
ea_llm_self_adaptive_api_1384_run3_20260729_114104.json,1384,6a26cde295094c97a4c54bdf35e5a8a3,2,9f4dc0002a5a4447bb056701719b1803,274,s_mutation,absent,aea62d786bd939aac1a2d112535ae56b230da08ea747c036421a06acfef51894,3245,False,common,common;typical;normal,False,1254,0.7,False,top500,False,1,133
ea_llm_self_adaptive_api_1384_run3_20260729_114104.json,1384,803f155915e24292aa0ed66e0c6ab225,3,2a8795256b904fefbaf369da7e01eca9,363,m_mutation,genuine,8ce40a93548efe8fc1727c27f07e857e9da4e0fb0617b94cc953132441a2be76,4096,False,pivot,pivot;axis;gear,False,16063,0.4,False,top500,False,1,153
ea_llm_self_adaptive_api_1384_run3_20260729_114104.json,1384,803f155915e24292aa0ed66e0c6ab225,3,2a8795256b904fefbaf369da7e01eca9,363,m_mutation,wrong,d155da1039bc8851d03af479ad420431b7685832952df2296ec63c5664bfa8d7,4120,False,wheel,wheel;pivot;axis,False,6845,0.6,False,top500,False,1,103
ea_llm_self_adaptive_api_1384_run3_20260729_114104.json,1384,803f155915e24292aa0ed66e0c6ab225,3,2a8795256b904fefbaf369da7e01eca9,363,m_mutation,filler,a0771cf87f1b5824ba72cfd6b3857ca8f92dafd6570e7dc195aae05a37826f14,4102,False,rotate,rotate;axis;revolve,False,14353,0.3,False,beyond,False,1,124
ea_llm_self_adaptive_api_1384_run3_20260729_114104.json,1384,803f155915e24292aa0ed66e0c6ab225,3,2a8795256b904fefbaf369da7e01eca9,363,m_mutation,absent,59d532b2e01f5b778623913219594f27ae85af869c39a48c7fda5b3fd069c23e,3874,False,gear,gear;wheel;axis,False,8751,0.6,False,top500,False,1,112
ea_llm_self_adaptive_api_1384_run3_20260729_114104.json,1384,36c1ba354a32451aaa6467f57f1aaa93,4,2a8795256b904fefbaf369da7e01eca9,363,ml_mutation,genuine,86563f48d8993933301b991923be85cb69742cb4e41f2436db4e5b1deab37c20,4538,False,circle,circle;roll;twirl,False,854,0.5,False,top500,False,2,135
ea_llm_self_adaptive_api_1384_run3_20260729_114104.json,1384,36c1ba354a32451aaa6467f57f1aaa93,4,2a8795256b904fefbaf369da7e01eca9,363,ml_mutation,wrong,29e8e580473a5ef91329335e987aa7b5e4ff776d47e5eae9ed56b161b048823d,4574,False,fluid,fluid;smooth;undulating,False,28035,0.3,False,top500,False,2,174
ea_llm_self_adaptive_api_1384_run3_20260729_114104.json,1384,36c1ba354a32451aaa6467f57f1aaa93,4,2a8795256b904fefbaf369da7e01eca9,363,ml_mutation,filler,f111c6d51875478cc1afd8d92d286b9f7cc8bad4aadeff475049c2422c87a54a,4544,False,rotational,rotational;circular;spiral,False,43673,0.3,False,top500,False,1,182
ea_llm_self_adaptive_api_1384_run3_20260729_114104.json,1384,36c1ba354a32451aaa6467f57f1aaa93,4,2a8795256b904fefbaf369da7e01eca9,363,ml_mutation,absent,747c5991d0cd7ba61931ac2ecd795ab9a137fbfee8db3004b89751608a788625,4316,False,twirl,twirl;spiral;orbit,False,8323,0.6,False,top500,False,1,136
ea_llm_self_adaptive_api_1384_run3_20260729_114104.json,1384,bcaab425f32e435aaa702b51d46b0be4,5,9f4dc0002a5a4447bb056701719b1803,274,ml_mutation,genuine,c5f088c680161b07e4af6e724ec7ad903f0f8eac1976b4412680d5ce6fbfa2e7,5105,False,custom,custom;habit;norm,False,15859,0.6,False,top500,False,1,201
ea_llm_self_adaptive_api_1384_run3_20260729_114104.json,1384,bcaab425f32e435aaa702b51d46b0be4,5,9f4dc0002a5a4447bb056701719b1803,274,ml_mutation,wrong,79a1024b94439d2aedbfa3107a06ce0ca471a0baf3cd52da89b7b2a8475bb7df,5090,False,custom,custom;habitual;expected,False,15859,0.6,False,top500,False,1,111
ea_llm_self_adaptive_api_1384_run3_20260729_114104.json,1384,bcaab425f32e435aaa702b51d46b0be4,5,9f4dc0002a5a4447bb056701719b1803,274,ml_mutation,filler,efd87e80842f50adedd2792cf90d663625a5a0e2775c68f8383427ba1516d264,5119,False,typical,typical;habitual;characteristic,False,3160,0.3,False,beyond,False,1,149
ea_llm_self_adaptive_api_1384_run3_20260729_114104.json,1384,bcaab425f32e435aaa702b51d46b0be4,5,9f4dc0002a5a4447bb056701719b1803,274,ml_mutation,absent,c00e84538efff8b5fc57415b678f771c505b203c4d985238b1540cebd8dc0fe9,4854,False,uniform,uniform;steadfast;uninterrupted,False,11859,0.4,False,top500,False,1,104
ea_llm_self_adaptive_api_1384_run3_20260729_114104.json,1384,e8ac9942724c4026b352de3f684e24b3,6,424b09edaee4403cab4241c9d7c62f86,305,ml_mutation,genuine,81d679423aff27165731e8ea6a0381068fc1b63db7b69a24f2494be0e852907a,5501,False,characteristic,characteristic;element;property,False,17887,0.3,False,beyond,False,1,154
ea_llm_self_adaptive_api_1384_run3_20260729_114104.json,1384,e8ac9942724c4026b352de3f684e24b3,6,424b09edaee4403cab4241c9d7c62f86,305,ml_mutation,wrong,5b915a41385d90436dd3eaa27f067356253ac00ab9c9615a663520745d4d2ed4,5441,False,aspect,aspect;attribute;characteristic,False,4737,0.6,False,top500,False,1,138
ea_llm_self_adaptive_api_1384_run3_20260729_114104.json,1384,e8ac9942724c4026b352de3f684e24b3,6,424b09edaee4403cab4241c9d7c62f86,305,ml_mutation,filler,cf9ddfeacc70bdaa8c8a73a4ac642d479738af7ba1cfa2ac04f40c579cb5b286,5475,False,attribute,attribute;property;quality,False,11842,0.3,False,top500,False,1,175
ea_llm_self_adaptive_api_1384_run3_20260729_114104.json,1384,e8ac9942724c4026b352de3f684e24b3,6,424b09edaee4403cab4241c9d7c62f86,305,ml_mutation,absent,4bebd31647787d7c7141e1e2c8b76e40dc1a24075455451ee1f4457ad5dd2a52,5210,False,descriptor,descriptor;characteristic;trait,False,55204,0.7,False,top500,False,1,104
ea_llm_self_adaptive_api_1384_run3_20260729_114104.json,1384,cc1c439809694a1d87e907a039a8e764,7,424b09edaee4403cab4241c9d7c62f86,305,l_mutation,genuine,25589f0f1a7a9b98d64ec85034bbb1085ed26e1b3791ff0f32d3640214353184,5994,False,celestial,celestial;element;component,False,13553,0.4,False,top500,False,1,212
ea_llm_self_adaptive_api_1384_run3_20260729_114104.json,1384,cc1c439809694a1d87e907a039a8e764,7,424b09edaee4403cab4241c9d7c62f86,305,l_mutation,wrong,564a359780173f2981c9e62b0db73d5528d19c9e11be2b1ed8a4cd5ddd684ec9,5934,False,asteroid,asteroid;comet;planet,False,19153,0.2,False,beyond,False,1,160
ea_llm_self_adaptive_api_1384_run3_20260729_114104.json,1384,cc1c439809694a1d87e907a039a8e764,7,424b09edaee4403cab4241c9d7c62f86,305,l_mutation,filler,1dc739c93ed5eb21f0325421e15e354352e86eeaeb55298a423a87ace979cd75,5968,False,celestial,celestial;star;galaxy,False,13553,0.4,False,top500,False,1,183
ea_llm_self_adaptive_api_1384_run3_20260729_114104.json,1384,cc1c439809694a1d87e907a039a8e764,7,424b09edaee4403cab4241c9d7c62f86,305,l_mutation,absent,af683a25d22a8b0e54587ed72daa298069f98b56a5ffe9d856ad62495440c24c,5703,False,trait,trait;characteristic;attribute,False,10069,0.6,False,top500,False,1,181
ea_llm_self_adaptive_api_1384_run3_20260729_114104.json,1384,d85a0766f8204f37bdec2cd4ab02d3f4,8,2a8795256b904fefbaf369da7e01eca9,363,ml_mutation,genuine,ace7b5dae9664d8a155cd9d13f3aa0c599385ce0659a49d5e90c6213d9a09eed,6221,False,swirl,swirl;swivel;swoop,False,2479,0.4,False,top500,False,1,89
ea_llm_self_adaptive_api_1384_run3_20260729_114104.json,1384,d85a0766f8204f37bdec2cd4ab02d3f4,8,2a8795256b904fefbaf369da7e01eca9,363,ml_mutation,wrong,06455b72a813e3914feb01460ef0a61affae89627ce5bf45777c225f7c33c398,6255,False,spiral,spiral;orbit;vortex,False,32057,0.4,False,top500,False,1,175
ea_llm_self_adaptive_api_1384_run3_20260729_114104.json,1384,d85a0766f8204f37bdec2cd4ab02d3f4,8,2a8795256b904fefbaf369da7e01eca9,363,ml_mutation,filler,5fb44101f7728bd9b66fbaa3479e8578e151db368a6bda1c306ca466337b2e17,6227,False,twist,twist;twirl;swirl,False,1107,0.5,False,top500,False,1,131
ea_llm_self_adaptive_api_1384_run3_20260729_114104.json,1384,d85a0766f8204f37bdec2cd4ab02d3f4,8,2a8795256b904fefbaf369da7e01eca9,363,ml_mutation,absent,556fa4ed08656b066edcb9ec69e0f4cd675e61c0d00b6b86645a09d7dbc7df98,5999,False,rotate,rotate;revolve;curl,False,14353,0.6,False,top500,False,1,159
ea_llm_self_adaptive_api_1384_run3_20260729_114104.json,1384,96005a0c912546b1bc6dfe5a6b211c59,9,2a8795256b904fefbaf369da7e01eca9,363,l_mutation,genuine,6f7f1779dd3e08f632fd2d8e93dd3904e62cc7b25e24e047e7ff9f8817815b5b,6572,False,dynamic,dynamic;system;change,False,14864,0.3,False,top500,False,1,197
ea_llm_self_adaptive_api_1384_run3_20260729_114104.json,1384,96005a0c912546b1bc6dfe5a6b211c59,9,2a8795256b904fefbaf369da7e01eca9,363,l_mutation,wrong,2ad7169d5064400bca758c658b51855f2953cad8e7ff30cc17d29c764b897251,6590,False,gyre,gyre;loop;pivot,False,41744,0.2,False,beyond,False,2,159
ea_llm_self_adaptive_api_1384_run3_20260729_114104.json,1384,96005a0c912546b1bc6dfe5a6b211c59,9,2a8795256b904fefbaf369da7e01eca9,363,l_mutation,filler,2126b6ce5a6cf4244847ac4b5b92beac5d466c8f5e3d9ef22fc01847adaa821b,6578,False,glow,glow;pulse;ripple,False,5235,0.4,False,top500,False,2,147
ea_llm_self_adaptive_api_1384_run3_20260729_114104.json,1384,96005a0c912546b1bc6dfe5a6b211c59,9,2a8795256b904fefbaf369da7e01eca9,363,l_mutation,absent,db90dea38fb7e628b9f6abe52176fe6d4b47a371ad2242f17c7c823c30af1404,6350,False,gears,gears;wheels;axle,False,8751,0.5,False,top500,False,1,166
ea_llm_self_adaptive_api_1384_run3_20260729_114104.json,1384,8964d88fa0184fb289827020d9a0ed80,10,c8f2895f0de9415c91522f31ebcf6904,109,ml_mutation,genuine,f715e88386529f78043e5bb5898df164d4d9f275397125a6f802e0cf3aaa6df9,6962,False,junction,junction;mesh;beam,False,38658,0.3,False,top500,False,1,169
ea_llm_self_adaptive_api_1384_run3_20260729_114104.json,1384,8964d88fa0184fb289827020d9a0ed80,10,c8f2895f0de9415c91522f31ebcf6904,109,ml_mutation,wrong,2a23ac5fdc71483cc455d6788dce003e624429a49b7b34117eb4c288249a4674,6865,False,node,node;point;structure,False,36136,0.4,False,top500,False,1,147
ea_llm_self_adaptive_api_1384_run3_20260729_114104.json,1384,8964d88fa0184fb289827020d9a0ed80,10,c8f2895f0de9415c91522f31ebcf6904,109,ml_mutation,filler,1f32fae79bb1b7c4f0aed0f78391fb5549852ed60087f604a4872570d91ef582,6986,False,node,node;junction;path,False,36136,0.6,False,top500,False,1,174
ea_llm_self_adaptive_api_1384_run3_20260729_114104.json,1384,8964d88fa0184fb289827020d9a0ed80,10,c8f2895f0de9415c91522f31ebcf6904,109,ml_mutation,absent,88c3930b6f3a2970c1c59db8c014ddea4695b39e4c5a3f61a2dbb9182d47cc98,6645,False,node,node;joint;tie,False,36136,0.6,False,top500,False,1,154
ea_llm_self_adaptive_api_1384_run3_20260729_114104.json,1384,b7f641dcbdac4f8792a872c541f94b76,11,257d076a0b934de6b5f55bb975ec982d,73,ml_mutation,genuine,ebe200babb281f6a74c31b3d026641b2ef521ea560b49785144c38edb4cb8c0d,6998,False,conduit,conduit;vehicle;means,False,29918,0.7,False,top500,False,1,145
ea_llm_self_adaptive_api_1384_run3_20260729_114104.json,1384,b7f641dcbdac4f8792a872c541f94b76,11,257d076a0b934de6b5f55bb975ec982d,73,ml_mutation,wrong,d5686bbe49010bf49b32ba65646ef1919718a8dc4a9e16b7e944217534b3aae7,6995,False,conduit,conduit;means;vehicle,False,29918,0.5,False,top500,False,1,137
ea_llm_self_adaptive_api_1384_run3_20260729_114104.json,1384,b7f641dcbdac4f8792a872c541f94b76,11,257d076a0b934de6b5f55bb975ec982d,73,ml_mutation,filler,994b2ed22e27b7bc5ee67a0421533ed00e20436a9f6cefb049c8a8ebc0ca1660,6986,False,conduit,conduit;pathway;tool,False,29918,0.6,False,top500,False,1,148
ea_llm_self_adaptive_api_1384_run3_20260729_114104.json,1384,b7f641dcbdac4f8792a872c541f94b76,11,257d076a0b934de6b5f55bb975ec982d,73,ml_mutation,absent,c280ebef814493fc9396462f14ee913baedbd2b8b336367ccb5a6ff126524125,6758,False,format,format;platform;type,False,10967,0.3,False,top500,False,3,203
ea_llm_self_adaptive_api_1384_run3_20260729_114104.json,1384,3817255408994120b7342910225c2ee9,12,c8f2895f0de9415c91522f31ebcf6904,109,ml_mutation,genuine,bcf925a3327f8e0e7eb0aacb9797c75c02ca8765776b398fe2e26aa506b72fe5,7473,False,junction,junction;path;conduit,False,38658,0.6,False,top500,False,1,196
ea_llm_self_adaptive_api_1384_run3_20260729_114104.json,1384,3817255408994120b7342910225c2ee9,12,c8f2895f0de9415c91522f31ebcf6904,109,ml_mutation,wrong,dbd6b0a986a0dd49941476a75e6f7ead399cdda5d94a058523c588124abf5e68,7385,False,node,node;junction;hub,False,36136,0.25,False,beyond,False,1,180
ea_llm_self_adaptive_api_1384_run3_20260729_114104.json,1384,3817255408994120b7342910225c2ee9,12,c8f2895f0de9415c91522f31ebcf6904,109,ml_mutation,filler,98f4af7904bc204849b0ce3141c952316698f0f9c5c49783fee6e84682c72c0c,7497,False,node,node;router;server,False,36136,0.3,False,top500,False,1,134
ea_llm_self_adaptive_api_1384_run3_20260729_114104.json,1384,3817255408994120b7342910225c2ee9,12,c8f2895f0de9415c91522f31ebcf6904,109,ml_mutation,absent,917fd591d5006d86e3fb500a3ec4366647ac08622cfc95e20f9501e88257fd11,7156,False,web,web;system;mesh,False,345,0.5,False,top500,False,1,119
ea_llm_self_adaptive_api_1384_run3_20260729_114104.json,1384,b53fc5ad60b446068777c67b009f9ba3,13,9411e99e9f5a4cb08013189baabba2f1,345,ml_mutation,genuine,bba22dc43fd197fefcd31562ccddee25c2068f13d8405de82b4a567195a1e3c9,7604,False,loom,loom;weft;warp,False,30137,0.4,False,top500,False,1,206
ea_llm_self_adaptive_api_1384_run3_20260729_114104.json,1384,b53fc5ad60b446068777c67b009f9ba3,13,9411e99e9f5a4cb08013189baabba2f1,345,ml_mutation,wrong,7b8fb02ec4ccf85942dc94bfff73f167f76954df8ce5c0c9a26aa597721723a3,7479,False,webbing,webbing;weave;knit,False,345,0.6,False,top500,False,1,125
ea_llm_self_adaptive_api_1384_run3_20260729_114104.json,1384,b53fc5ad60b446068777c67b009f9ba3,13,9411e99e9f5a4cb08013189baabba2f1,345,ml_mutation,filler,967523a21a3099dc1c81f297bd1e37a195ea0add6b37a7268d6c90ef3d4c030d,7607,False,weft,weft;fabric;thread,False,26632,0.3,False,beyond,False,1,120
ea_llm_self_adaptive_api_1384_run3_20260729_114104.json,1384,b53fc5ad60b446068777c67b009f9ba3,13,9411e99e9f5a4cb08013189baabba2f1,345,ml_mutation,absent,046b3309570fc8aabfbd8fc05e34f7b8db2000a1e54a5931d9607d3df2c64e4d,7266,False,weave,weave;thread;knit,False,11376,0.6,False,top500,False,1,193
ea_llm_self_adaptive_api_1384_run3_20260729_114104.json,1384,655130dc582145d89fc83b12fde79297,14,257d076a0b934de6b5f55bb975ec982d,73,l_mutation,genuine,9cc9f7cb7525298bf548828a0d444d81f86cb0bd758a40617c1ce230e4e2c15f,7782,False,terrain,terrain;space;surface,False,48868,0.4,False,top500,False,1,161
ea_llm_self_adaptive_api_1384_run3_20260729_114104.json,1384,655130dc582145d89fc83b12fde79297,14,257d076a0b934de6b5f55bb975ec982d,73,l_mutation,wrong,fb0814515e631217808bdf920f02e80cc25cfbde7160ebc8418940385f74b2bb,7775,False,substrate,substrate;space;vector,False,58921,0.3,False,top500,False,1,180
ea_llm_self_adaptive_api_1384_run3_20260729_114104.json,1384,655130dc582145d89fc83b12fde79297,14,257d076a0b934de6b5f55bb975ec982d,73,l_mutation,filler,8f9c36267d7dcaaf6a1413b346a28b74cd2ce1e0b2ee8ba66b102f2da832ea31,7770,False,means,means;vector;medium,False,1146,0.3,False,top500,False,1,199
ea_llm_self_adaptive_api_1384_run3_20260729_114104.json,1384,655130dc582145d89fc83b12fde79297,14,257d076a0b934de6b5f55bb975ec982d,73,l_mutation,absent,f171adee401ae6417faa8cb2fb5cea038a8a5c80caae5044b98d86f4ad78dc4a,7542,False,tool,tool;vessel;instrument,False,5223,0.4,False,top500,False,2,156
ea_llm_self_adaptive_api_1384_run3_20260729_114104.json,1384,b78de136f5784fcfb4d64c240f78fc42,15,9411e99e9f5a4cb08013189baabba2f1,345,l_mutation,genuine,db0e5046f7933da557d0c7dce1483e5be9a094465bc0e7dff1870ee51f268ea1,8152,False,tissue,tissue;vein;fiber,False,30676,0.2,False,beyond,False,1,198
ea_llm_self_adaptive_api_1384_run3_20260729_114104.json,1384,b78de136f5784fcfb4d64c240f78fc42,15,9411e99e9f5a4cb08013189baabba2f1,345,l_mutation,wrong,753389a3a25768f4f72cd07037a1d812f94fe34269c7876bcca1553c4505f8ab,8043,False,tapestry,tapestry;mosaic;texture,False,39853,0.4,False,top500,False,1,158
ea_llm_self_adaptive_api_1384_run3_20260729_114104.json,1384,b78de136f5784fcfb4d64c240f78fc42,15,9411e99e9f5a4cb08013189baabba2f1,345,l_mutation,filler,fdf6ef5d22ff31c8de7324dd93a376f5d1af867a6f6dfc7fe5fb0b68712c9878,8155,False,ecosystems,ecosystems;habitats;biomes,False,37509,0.3,False,top500,False,1,148
ea_llm_self_adaptive_api_1384_run3_20260729_114104.json,1384,b78de136f5784fcfb4d64c240f78fc42,15,9411e99e9f5a4cb08013189baabba2f1,345,l_mutation,absent,a5864816702414bb5544df952d5d6cacb738ac192f3635cb18bd80b7f664b39d,7814,False,constellation,constellation;orbit;nebula,False,27715,0.3,False,top500,False,1,147
ea_llm_self_adaptive_api_1384_run3_20260729_114104.json,1384,e4e3fb13359f4400863fb0032b967781,16,9411e99e9f5a4cb08013189baabba2f1,345,s_mutation,genuine,b7e118d0071ced37e7272611b3da8a61f313c77572d46c9b9852467c1ed8a52f,8147,False,lattice,lattice;tangle;weave,False,40016,0.4,False,top500,False,1,205
ea_llm_self_adaptive_api_1384_run3_20260729_114104.json,1384,e4e3fb13359f4400863fb0032b967781,16,9411e99e9f5a4cb08013189baabba2f1,345,s_mutation,wrong,fcf670fd07e13905b2f6187de00d2cce21ecae3220feb3933d22c5e44447dbd6,8028,False,weave,weave;knit;tangle,False,11376,0.6,False,top500,False,1,114
ea_llm_self_adaptive_api_1384_run3_20260729_114104.json,1384,e4e3fb13359f4400863fb0032b967781,16,9411e99e9f5a4cb08013189baabba2f1,345,s_mutation,filler,1368d0da8f1c38051641b2dccbe55edd729ddc0ca17b1f1af17ecba702ea98cc,8150,False,thread,thread;loom;knit,False,1457,0.3,False,beyond,False,1,63
ea_llm_self_adaptive_api_1384_run3_20260729_114104.json,1384,e4e3fb13359f4400863fb0032b967781,16,9411e99e9f5a4cb08013189baabba2f1,345,s_mutation,absent,450948bb418feabdb27199d057307fbe7f484787a62f3afbe9b54c82eaba457b,7809,False,tangle,tangle;weave;lattice,False,4373,0.8,False,top500,False,1,94
ea_llm_self_adaptive_api_1384_run3_20260729_114104.json,1384,c40c55bad1324c3d998c14d30fd3ff32,17,760c73dc73754e76a9510a6e2e195eaa,60,m_mutation,genuine,ec51aea8630fd9c3d0f1766b2cdfb18b8ef230ebebae20c7f0628d665a37e883,10411,False,scene,scene;stage;script,False,146,0.3,False,top500,False,1,215
ea_llm_self_adaptive_api_1384_run3_20260729_114104.json,1384,c40c55bad1324c3d998c14d30fd3ff32,17,760c73dc73754e76a9510a6e2e195eaa,60,m_mutation,wrong,e5f75a3f091ff426478cead9cbad697a29e8121bd43766a9ca026bcbd948b3ab,10375,False,film,film;stage;script,False,498,0.6,False,top500,False,1,246
ea_llm_self_adaptive_api_1384_run3_20260729_114104.json,1384,c40c55bad1324c3d998c14d30fd3ff32,17,760c73dc73754e76a9510a6e2e195eaa,60,m_mutation,filler,05cb1666a7408911cf268f87b1a2743c04b1db2b851df27fc2d88d27dbaf90ca,10425,False,scene,scene;script;stage,False,146,0.7,False,top500,False,1,178
ea_llm_self_adaptive_api_1384_run3_20260729_114104.json,1384,c40c55bad1324c3d998c14d30fd3ff32,17,760c73dc73754e76a9510a6e2e195eaa,60,m_mutation,absent,ea9d390d3505d29912c4dc961260be2ebb683b74f70acfa17a0bf9961470ced4,10160,False,narrative,narrative;tension;scene,False,6277,0.6,False,top100,False,3,177
ea_llm_self_adaptive_api_1384_run3_20260729_114104.json,1384,4a80090a6b264c14a93ccac8a65db27c,18,eab2097227f14457b63ff18b826a91ea,30,m_mutation,genuine,1ff7eda78ab493dbd699b2316df6449ef102c72ad55ee18ad0158f88a96d59fa,10745,False,motif,motif;archetype;myth,False,29742,0.6,False,top100,False,1,173
ea_llm_self_adaptive_api_1384_run3_20260729_114104.json,1384,4a80090a6b264c14a93ccac8a65db27c,18,eab2097227f14457b63ff18b826a91ea,30,m_mutation,wrong,d75ac9c5627b75f029e2d39bea9161617a5a7a2e8503829f7d6881de6a3948a0,10723,False,myth,myth;legend;epic,False,974,0.6,False,top500,False,1,180
ea_llm_self_adaptive_api_1384_run3_20260729_114104.json,1384,4a80090a6b264c14a93ccac8a65db27c,18,eab2097227f14457b63ff18b826a91ea,30,m_mutation,filler,94dc900051e91caa959fb60502733d6783811d784d8e3a391fd7afa9b7a0020d,10730,False,tale,tale;myth;fable,False,534,0.4,False,top500,False,2,129
ea_llm_self_adaptive_api_1384_run3_20260729_114104.json,1384,4a80090a6b264c14a93ccac8a65db27c,18,eab2097227f14457b63ff18b826a91ea,30,m_mutation,absent,671d3a2e9cf7ff87f7949a454b5bd40dc26c1d4ac29e3c9139b84649fe56ebd0,10502,False,myth,myth;legend;epic,False,974,0.4,False,top500,False,3,208
ea_llm_self_adaptive_api_1384_run3_20260729_114104.json,1384,2280405f89db4470a857033f9556667c,19,c94bc28dd6de4b8bb740d3c229fa7a43,69,m_mutation,genuine,fb4a009184feb058e8303ebbeda5f2b5ece7c69b5db07b5f82f554b8eb3cd296,8782,False,construct,construct;perceive;sensory,False,31913,0.4,False,top500,False,1,187
ea_llm_self_adaptive_api_1384_run3_20260729_114104.json,1384,2280405f89db4470a857033f9556667c,19,c94bc28dd6de4b8bb740d3c229fa7a43,69,m_mutation,wrong,94a1e3cdacd116cc6086f7eaf9e20365ac9e708b1353829259b97aab66700917,8695,False,physical,physical;empirical;tangible,False,15978,0.4,False,top500,False,1,191
ea_llm_self_adaptive_api_1384_run3_20260729_114104.json,1384,2280405f89db4470a857033f9556667c,19,c94bc28dd6de4b8bb740d3c229fa7a43,69,m_mutation,filler,c92c707663ddf80d0c237d45f8ffebdf98a4bd4982fc5a887e444753069b662e,8788,False,material,material;existence;substance,False,3270,0.6,False,top500,False,1,141
ea_llm_self_adaptive_api_1384_run3_20260729_114104.json,1384,2280405f89db4470a857033f9556667c,19,c94bc28dd6de4b8bb740d3c229fa7a43,69,m_mutation,absent,3332fccf389198f95ad349ae3269d955c6d6d67f235490894433e81ec00ca228,8447,False,perception,perception;experience;sensory,False,9673,0.6,False,top500,False,1,153
ea_llm_self_adaptive_api_1384_run3_20260729_114104.json,1384,70b9e92f28764ffcb694b9470758cc44,20,c94bc28dd6de4b8bb740d3c229fa7a43,69,ml_mutation,genuine,68c019d78116cdc7d639d3217349861f8e972e3ca0611d531907a033618813cc,9073,False,existence,existence;world;universe,False,3625,0.3,False,top500,False,1,165
ea_llm_self_adaptive_api_1384_run3_20260729_114104.json,1384,70b9e92f28764ffcb694b9470758cc44,20,c94bc28dd6de4b8bb740d3c229fa7a43,69,ml_mutation,wrong,5a16dc56cedb042e8286665f4c95d5f344daad101da3aeaa6f19bfaceb53b80c,8986,False,universe,universe;space;matter,False,3654,0.3,False,top500,False,1,206
ea_llm_self_adaptive_api_1384_run3_20260729_114104.json,1384,70b9e92f28764ffcb694b9470758cc44,20,c94bc28dd6de4b8bb740d3c229fa7a43,69,ml_mutation,filler,1086847c9abb58ad4b1f3c8eb0836d0f2e67213ca677716e8ac042437c87e824,9079,False,law,law;theory;hypothesis,False,3736,0.6,False,top500,False,1,173
ea_llm_self_adaptive_api_1384_run3_20260729_114104.json,1384,70b9e92f28764ffcb694b9470758cc44,20,c94bc28dd6de4b8bb740d3c229fa7a43,69,ml_mutation,absent,5f36f9bfaa6a782cda19a090345895f99652402a76bbca35bbc8fb6d49d5a3ca,8738,False,sight,sight;touch;smell,False,4564,0.3,False,beyond,False,1,197
ea_llm_self_adaptive_api_1384_run3_20260729_114104.json,1384,cd328f34e5ec4f42b9d7c91a43670acf,21,e2b7a2ef43974930a4a69ecfe8a357e4,185,l_mutation,genuine,9925612bdcc8a04032be8317e579517c6939d0d81f506d02a4a56b1fb2b48f0b,9518,False,pulse,pulse;rhythm;vibrancy,False,7545,0.3,False,top500,False,1,227
ea_llm_self_adaptive_api_1384_run3_20260729_114104.json,1384,cd328f34e5ec4f42b9d7c91a43670acf,21,e2b7a2ef43974930a4a69ecfe8a357e4,185,l_mutation,wrong,5650fc7e082f2827648cd9e7b6af40a3e3dfaff7797705b85700fe951cd3b8a9,9477,False,resonance,resonance;fluidity;dynamic,False,40626,0.3,False,top500,False,1,173
ea_llm_self_adaptive_api_1384_run3_20260729_114104.json,1384,cd328f34e5ec4f42b9d7c91a43670acf,21,e2b7a2ef43974930a4a69ecfe8a357e4,185,l_mutation,filler,1b2ebf9295629010496ba07ec2371441b727301e53e72af4df565ced10d9a914,9513,False,pulse,pulse;flow;grid,False,7545,0.3,False,top500,False,1,155
ea_llm_self_adaptive_api_1384_run3_20260729_114104.json,1384,cd328f34e5ec4f42b9d7c91a43670acf,21,e2b7a2ef43974930a4a69ecfe8a357e4,185,l_mutation,absent,5f209e3712f7b545a5307f1ea63f759fea5baff5ecc9d146f921bf6805fd9e20,9248,False,interweave,interweave;resonate;flux,False,16654,0.4,False,top500,False,1,185
ea_llm_self_adaptive_api_1384_run3_20260729_114104.json,1384,8ae45ebc6e32440e86247b281934ade0,22,eab2097227f14457b63ff18b826a91ea,30,l_mutation,genuine,3e4becdf58abb8d69f03d7b2218e27163f9914c7bb75e3504b3d8f440d15661f,9509,False,self,self;personality;individual,False,4542,0.4,False,top500,False,1,201
ea_llm_self_adaptive_api_1384_run3_20260729_114104.json,1384,8ae45ebc6e32440e86247b281934ade0,22,eab2097227f14457b63ff18b826a91ea,30,l_mutation,wrong,907b5101b2f567767d98b26238e1c4114c56576fd5be04ca859d8c1fdb34a8d7,9503,False,artistic,artistic;expressions;forms,False,9029,0.3,False,top500,False,1,163
ea_llm_self_adaptive_api_1384_run3_20260729_114104.json,1384,8ae45ebc6e32440e86247b281934ade0,22,eab2097227f14457b63ff18b826a91ea,30,l_mutation,filler,5e7b12e807608f0ac241f6c260873c76afdceffaeee305928a90713b9589ef6c,9494,False,resonance,resonance;pulse;flow,False,40626,0.3,False,top500,False,1,208
ea_llm_self_adaptive_api_1384_run3_20260729_114104.json,1384,8ae45ebc6e32440e86247b281934ade0,22,eab2097227f14457b63ff18b826a91ea,30,l_mutation,absent,13227301c05a7c19dfc8b644a64b4d407b9123505d96b7f531bb4606e31f634a,9266,False,motivation,motivation;behavior;identity,False,3420,0.3,False,top500,False,1,168
ea_llm_self_adaptive_api_1384_run3_20260729_114104.json,1384,6e6dea6d8fc24253aa1927317af2cb43,23,e2b7a2ef43974930a4a69ecfe8a357e4,185,l_mutation,genuine,4b05236d5ee37870eacd9f62c26e5757f0760fc6263e3a781500e955b678e8ae,9916,False,energy,energy;dynamic;pulse,False,14895,0.3,False,top500,False,1,192
ea_llm_self_adaptive_api_1384_run3_20260729_114104.json,1384,6e6dea6d8fc24253aa1927317af2cb43,23,e2b7a2ef43974930a4a69ecfe8a357e4,185,l_mutation,wrong,04bdc0331c8a39aa8ca8f48e8b27769739b1219b9f9a8690ccaf32855c3b2406,9875,False,resonance,resonance;texture;domain,False,40626,0.3,False,top500,False,1,138
ea_llm_self_adaptive_api_1384_run3_20260729_114104.json,1384,6e6dea6d8fc24253aa1927317af2cb43,23,e2b7a2ef43974930a4a69ecfe8a357e4,185,l_mutation,filler,178a42497a97545cb2ae8cce7b8b6d2f16dd7359431dcc34744dda3c1966278c,9911,False,resonance,resonance;interconnect;synergy,False,40626,0.6,False,top500,False,1,190
ea_llm_self_adaptive_api_1384_run3_20260729_114104.json,1384,6e6dea6d8fc24253aa1927317af2cb43,23,e2b7a2ef43974930a4a69ecfe8a357e4,185,l_mutation,absent,30f1e53d1fe342b7aba822856765a75fd0e12a4b31de10f987db9d0cb3d4986a,9646,False,resonance,resonance;lattice;loom,False,40626,0.4,False,top500,False,1,169
ea_llm_self_adaptive_api_1384_run3_20260729_114104.json,1384,60765b3dea794c42aa7a6d8890628007,24,e2b7a2ef43974930a4a69ecfe8a357e4,185,ml_mutation,genuine,4adbcf7b48c1a2fa8af4ddcc58aab41c5c2619f9d7f70a542365c8282edd370a,9842,False,veracity,veracity;validity;fidelity,False,8542,0.4,False,beyond,False,1,192
ea_llm_self_adaptive_api_1384_run3_20260729_114104.json,1384,60765b3dea794c42aa7a6d8890628007,24,e2b7a2ef43974930a4a69ecfe8a357e4,185,ml_mutation,wrong,46bbf859e67d019e4982edcb9c39c2b2689b03e45c35e9ae94de4eb58eb3d97a,9803,False,reality,reality;validity;integrity,False,69,0.4,False,top500,False,1,112
ea_llm_self_adaptive_api_1384_run3_20260729_114104.json,1384,60765b3dea794c42aa7a6d8890628007,24,e2b7a2ef43974930a4a69ecfe8a357e4,185,ml_mutation,filler,4b9d20463cdd34a6f9db49be26c4fec1c51dd719a785e12af402639d619e7e0c,9837,False,principle,principle;tenet;paradigm,False,17416,0.35,False,top500,False,3,245
ea_llm_self_adaptive_api_1384_run3_20260729_114104.json,1384,60765b3dea794c42aa7a6d8890628007,24,e2b7a2ef43974930a4a69ecfe8a357e4,185,ml_mutation,absent,efe26f4c85b8c6905b345e8d71a8fa8f16f2b677bc8c14861a5e5aabb8a14b36,9572,False,principle,principle;reality;essence,False,17416,0.6,False,top500,False,3,214
ea_llm_self_adaptive_api_1384_run3_20260729_114104.json,1384,709a55467996441ba201b92125305c73,25,e2b7a2ef43974930a4a69ecfe8a357e4,185,m_mutation,genuine,b0f0c7660fee7a75303ce93d69b7473a3a7d2cb36120e9745bc2f9647207ad15,9988,False,honesty,honesty;authenticity;precision,False,2858,0.5,False,top500,False,1,176
ea_llm_self_adaptive_api_1384_run3_20260729_114104.json,1384,709a55467996441ba201b92125305c73,25,e2b7a2ef43974930a4a69ecfe8a357e4,185,m_mutation,wrong,abc89ba358a8326899932fcc3a5926f851b2864bba7de7fe87fe766f449bb204,9931,False,veracity,veracity;genuineness;authenticity,False,8542,0.4,False,top500,False,1,141
ea_llm_self_adaptive_api_1384_run3_20260729_114104.json,1384,709a55467996441ba201b92125305c73,25,e2b7a2ef43974930a4a69ecfe8a357e4,185,m_mutation,filler,73463e84a97647947f008b8ebfc49b431339d0af99ff311627aad3cb4fb5d0de,9983,False,validation,validation;confirmation;authenticity,False,34855,0.4,False,top500,False,1,115
ea_llm_self_adaptive_api_1384_run3_20260729_114104.json,1384,709a55467996441ba201b92125305c73,25,e2b7a2ef43974930a4a69ecfe8a357e4,185,m_mutation,absent,4c8b7d936fb1cafa8b7faf32b1108e56df3003376de045982861c7e4ff777771,9718,False,consistency,consistency;coherence;reliability,False,20285,0.4,False,top500,False,1,121
ea_llm_self_adaptive_api_1384_run3_20260729_114104.json,1384,068898148c7c4bd99dc7cbca5351811d,26,680e79ae3edc44ecb2fa7ea856a16527,114,ml_mutation,genuine,9f2649f8ae31f482216cdce39fa51f50ee489e8e6e35bcfcf87db5bca14174c7,9992,False,principle,principle;theory;knowledge,False,17416,0.6,False,top500,False,2,149
ea_llm_self_adaptive_api_1384_run3_20260729_114104.json,1384,068898148c7c4bd99dc7cbca5351811d,26,680e79ae3edc44ecb2fa7ea856a16527,114,ml_mutation,wrong,6f90fdb43bb85f65d313e413250438e354630bbdb6d22aa7bb7611dd599a3515,9952,False,clue,clue;evidence;proof,False,3769,0.8,False,top100,False,1,141
ea_llm_self_adaptive_api_1384_run3_20260729_114104.json,1384,068898148c7c4bd99dc7cbca5351811d,26,680e79ae3edc44ecb2fa7ea856a16527,114,ml_mutation,filler,2e0fa1309e5c584bfd49783c9973fffe450ebb4d718e702cd7a9208970dc4f3a,9975,False,truth,truth;logic;proof,False,185,0.6,False,top500,False,1,115
ea_llm_self_adaptive_api_1384_run3_20260729_114104.json,1384,068898148c7c4bd99dc7cbca5351811d,26,680e79ae3edc44ecb2fa7ea856a16527,114,ml_mutation,absent,d2a844a8ac4c693e22bafd337024334b0f10b3170582b829e3108bbd3b9bc1a2,9710,False,logic,logic;reason;argument,False,28572,0.3,False,top500,False,1,152
ea_llm_self_adaptive_api_1384_run3_20260729_114104.json,1384,c95c9bfb488741e3a3aeffe3cbfbad08,27,e2b7a2ef43974930a4a69ecfe8a357e4,185,s_mutation,genuine,4cc1e143c6c1ba5f0a176d7bc7e4fff230ff3baac3a07b7efbd44697884ed9b9,10196,False,certainty,certainty;tenet;principle,False,9596,0.6,False,top500,False,1,179
ea_llm_self_adaptive_api_1384_run3_20260729_114104.json,1384,c95c9bfb488741e3a3aeffe3cbfbad08,27,e2b7a2ef43974930a4a69ecfe8a357e4,185,s_mutation,wrong,64d8122c3ebcbb98b76221d710868ce9db0e7feef55ed8f366f829bd1a0a481f,10162,False,veracity,veracity;verity;correctness,False,8542,0.4,False,top500,False,1,141
ea_llm_self_adaptive_api_1384_run3_20260729_114104.json,1384,c95c9bfb488741e3a3aeffe3cbfbad08,27,e2b7a2ef43974930a4a69ecfe8a357e4,185,s_mutation,filler,eeeb5720d0677a4941b0807ba55bdc17b478f9a7ad4e28c4884807f96358f03a,10191,False,veracity,veracity;validity;authenticity,False,8542,0.65,False,top500,False,1,133
ea_llm_self_adaptive_api_1384_run3_20260729_114104.json,1384,c95c9bfb488741e3a3aeffe3cbfbad08,27,e2b7a2ef43974930a4a69ecfe8a357e4,185,s_mutation,absent,c2c47b52269612b37d2429439edf0ca43b726b9dfec1af929611696eca8ecaee,9926,False,veracity,veracity;fidelity;validity,False,8542,0.7,False,top500,False,1,130
ea_llm_self_adaptive_api_1384_run3_20260729_114104.json,1384,efb26104c5a841fc97bd01bf7e332e69,28,e2b7a2ef43974930a4a69ecfe8a357e4,185,ml_mutation,genuine,32fe1d5c67ecababc29f3c9124eb0d6a114d9ff2aacd964a8e376a7ccec284e3,10499,False,use,use;utility;application,False,4840,0.7,False,top500,False,1,139
ea_llm_self_adaptive_api_1384_run3_20260729_114104.json,1384,efb26104c5a841fc97bd01bf7e332e69,28,e2b7a2ef43974930a4a69ecfe8a357e4,185,ml_mutation,wrong,0a078f7442fd6ec879f1ac70f70a98f8e2c2bd5c7c8e1543c18c9f22aa3a2c8c,10448,False,veracity,veracity;fidelity;integrity,False,8542,0.6,False,top500,False,1,200
ea_llm_self_adaptive_api_1384_run3_20260729_114104.json,1384,efb26104c5a841fc97bd01bf7e332e69,28,e2b7a2ef43974930a4a69ecfe8a357e4,185,ml_mutation,filler,569d89fd70727d3ec3d7ff6cb9f976b492cd8a3e86e10ca63d965601eed5270b,10494,False,reality,reality;essence;meaning,False,69,0.6,False,top500,False,2,190
ea_llm_self_adaptive_api_1384_run3_20260729_114104.json,1384,efb26104c5a841fc97bd01bf7e332e69,28,e2b7a2ef43974930a4a69ecfe8a357e4,185,ml_mutation,absent,03eece25b6ebabe5ae3125a65e918daccac28ef5c5ca994b05f62486da903636,10229,False,validity,validity;reliability;coherence,False,25110,0.4,False,top500,False,3,148
ea_llm_self_adaptive_api_1384_run3_20260729_114104.json,1384,0c844da4ad77416886f76137ace22b5e,29,b6be3d460d7d461b89c3bafcce0af41f,188,ml_mutation,genuine,8f12e40facf14fb24819bf32ceb303ae537ff4f1c32f8a4c6d6050393e5c6627,10372,False,scene,scene;moment;event,False,146,0.3,False,top500,False,1,161
ea_llm_self_adaptive_api_1384_run3_20260729_114104.json,1384,0c844da4ad77416886f76137ace22b5e,29,b6be3d460d7d461b89c3bafcce0af41f,188,ml_mutation,wrong,3790969c38aaf7795eece7f55a143eb53ec7f33464f4cfeb60b2be1b09dacf43,10341,False,oral,oral;written;theatrical,True,,0.6,False,top500,False,1,174
ea_llm_self_adaptive_api_1384_run3_20260729_114104.json,1384,0c844da4ad77416886f76137ace22b5e,29,b6be3d460d7d461b89c3bafcce0af41f,188,ml_mutation,filler,e9304bdf091215d622e819e5977a74790947a4806d043904d699ed7491118fee,10385,False,genre,genre;style;tone,False,2171,0.3,False,top500,False,1,139
ea_llm_self_adaptive_api_1384_run3_20260729_114104.json,1384,0c844da4ad77416886f76137ace22b5e,29,b6be3d460d7d461b89c3bafcce0af41f,188,ml_mutation,absent,93a5c65247b458d11760123d611b07e8a037fe922f4d2b7ea6cb996f79a4e907,10120,False,description,description;trait;dimension,False,6267,0.4,False,top500,False,3,253
ea_llm_self_adaptive_api_1384_run3_20260729_114104.json,1384,26786304f9834e35b725793bae334fc3,30,b6be3d460d7d461b89c3bafcce0af41f,188,l_mutation,genuine,7f77be60a342d82c2db34705c58cb5a02aa6a236dc9de524657537fc262a16e8,10581,False,mind,mind;thought;cognition,False,1102,0.3,False,top500,False,1,184
ea_llm_self_adaptive_api_1384_run3_20260729_114104.json,1384,26786304f9834e35b725793bae334fc3,30,b6be3d460d7d461b89c3bafcce0af41f,188,l_mutation,wrong,6b6c9352958db69e19d11331b9b73e20cdcd44c6baaab0b7c88f5a335a6e7a02,10544,False,loop,loop;flow;rhythm,False,17534,0.4,False,top500,False,1,162
ea_llm_self_adaptive_api_1384_run3_20260729_114104.json,1384,26786304f9834e35b725793bae334fc3,30,b6be3d460d7d461b89c3bafcce0af41f,188,l_mutation,filler,34047bccc4f0467ac1a9ee502db8fda5e2a53522243587e8cc27f81ca3ace0a3,10594,False,dynamic,dynamic;network;flow,False,14864,0.4,False,top500,False,1,194
ea_llm_self_adaptive_api_1384_run3_20260729_114104.json,1384,26786304f9834e35b725793bae334fc3,30,b6be3d460d7d461b89c3bafcce0af41f,188,l_mutation,absent,a2e1a1746d0f6c7be1a33a342d56cd9fa72bedde67c7be660f1b0adb21b66b2a,10329,False,event,event;scene;moment,False,368,0.3,False,top500,False,1,183
ea_llm_self_adaptive_api_1384_run3_20260729_114104.json,1384,8fb58a563c2e4210826ae5a8532c55d5,31,9411e99e9f5a4cb08013189baabba2f1,345,ml_mutation,genuine,007f6b4cddd5c3e5e030dff381e57eb24eaeeba4b1709a27d893d6cb580a0669,10901,False,tessellation,tessellation;knit;weave,True,,0.6,False,top500,False,1,182
ea_llm_self_adaptive_api_1384_run3_20260729_114104.json,1384,8fb58a563c2e4210826ae5a8532c55d5,31,9411e99e9f5a4cb08013189baabba2f1,345,ml_mutation,wrong,ca50ce51df8648778c7d237e4fa5a2cea29a36d4ec52c91cb821754a3df2e3a6,10799,False,weave,weave;thread;tapestry,False,11376,0.4,False,top500,False,1,158
ea_llm_self_adaptive_api_1384_run3_20260729_114104.json,1384,8fb58a563c2e4210826ae5a8532c55d5,31,9411e99e9f5a4cb08013189baabba2f1,345,ml_mutation,filler,008724d4fa913769d4a07a1bb0f1fcd0fa43cd29e10fda450e2aff16891d8d83,10904,False,loom,loom;weave;thread,False,30137,0.6,False,top500,False,2,205
ea_llm_self_adaptive_api_1384_run3_20260729_114104.json,1384,8fb58a563c2e4210826ae5a8532c55d5,31,9411e99e9f5a4cb08013189baabba2f1,345,ml_mutation,absent,ee666f337f5931290684efd9857bf6b830705f8dea2f2f5f5f0d85e41eb4820e,10563,False,loom,loom;weft;tapestry,False,30137,0.4,False,top500,False,1,179
ea_llm_self_adaptive_api_1384_run3_20260729_114104.json,1384,6ffa8d9682594cc6b05218f453468e11,32,8ae45ebc6e32440e86247b281934ade0,226,ml_mutation,genuine,13ae1357ec2b21e5bc970822391b0476d0c5f59cbccdf5d0ab1da5cc9aec959d,10790,False,design,design;schema;structure,False,7497,0.7,False,top500,False,1,150
ea_llm_self_adaptive_api_1384_run3_20260729_114104.json,1384,6ffa8d9682594cc6b05218f453468e11,32,8ae45ebc6e32440e86247b281934ade0,226,ml_mutation,wrong,59ad90b6392a2eff63cabc13ca45b9c24226d1535e6f2248e75926aac6329929,10816,False,vector,vector;path;flow,False,16068,0.5,False,top500,False,1,141
ea_llm_self_adaptive_api_1384_run3_20260729_114104.json,1384,6ffa8d9682594cc6b05218f453468e11,32,8ae45ebc6e32440e86247b281934ade0,226,ml_mutation,filler,0e2b6103f59d531f5e9b3b1a0d6829bfc37c328db28cac285b2f61cfd5b9e506,10773,False,drift,drift;flow;pace,False,14515,0.5,False,top500,False,1,116
ea_llm_self_adaptive_api_1384_run3_20260729_114104.json,1384,6ffa8d9682594cc6b05218f453468e11,32,8ae45ebc6e32440e86247b281934ade0,226,ml_mutation,absent,ac6dfdef8e818fd34acb72f3af7fb904f5fbdf1e6ef20b2a89f12dc9530232c0,10583,False,flow,flow;drift;glide,False,10734,0.3,False,top500,False,1,202
ea_llm_self_adaptive_api_1384_run3_20260729_114104.json,1384,092fdd302b54482bb9c605966f5bb540,33,eab2097227f14457b63ff18b826a91ea,30,s_mutation,genuine,e3500fa13237aacec58034d1c3cec3fb7fbd958f3f6d1d4cecef91a7662a7517,14662,False,tale,tale;fable;saga,False,534,0.7,False,top100,False,1,109
ea_llm_self_adaptive_api_1384_run3_20260729_114104.json,1384,092fdd302b54482bb9c605966f5bb540,33,eab2097227f14457b63ff18b826a91ea,30,s_mutation,wrong,244539fa3106100f8036fa8cc5aae5f6af6ece44341b34b761ff7df09b042f99,14650,False,telling,telling;narration;thread,False,410,0.6,False,top500,False,1,128
ea_llm_self_adaptive_api_1384_run3_20260729_114104.json,1384,092fdd302b54482bb9c605966f5bb540,33,eab2097227f14457b63ff18b826a91ea,30,s_mutation,filler,7278e84407423b385c12f10d0c9c626245c725fc1805cf88c92244e396914c9c,14647,False,tale,tale;epic;epilogue,False,534,0.7,False,top500,False,1,97
ea_llm_self_adaptive_api_1384_run3_20260729_114104.json,1384,092fdd302b54482bb9c605966f5bb540,33,eab2097227f14457b63ff18b826a91ea,30,s_mutation,absent,37bc1e1cbeb3ad1f0f80026bf4e578ec7b76502ecafaa1cfdd1a690695a203c8,14419,False,saga,saga;myth;fable,False,1956,0.8,False,top100,False,1,106
ea_llm_self_adaptive_api_1384_run3_20260729_114104.json,1384,dec03eb78da6415c83b6842166a6ed13,34,b6be3d460d7d461b89c3bafcce0af41f,143,ml_mutation,genuine,8de59b453f60a7c9aae05a1f4876dd09b5ee34a564209134ed70bf884428fff9,10972,False,support,support;trust;unity,False,3296,0.3,False,beyond,False,1,103
ea_llm_self_adaptive_api_1384_run3_20260729_114104.json,1384,dec03eb78da6415c83b6842166a6ed13,34,b6be3d460d7d461b89c3bafcce0af41f,143,ml_mutation,wrong,4578d144dffc1d8112c83e2c3a396f4f9e7a7f48d13c9ff731cba8d9961ff278,10958,False,love,love;devotion;passion,False,164,0.3,False,top500,False,1,137
ea_llm_self_adaptive_api_1384_run3_20260729_114104.json,1384,dec03eb78da6415c83b6842166a6ed13,34,b6be3d460d7d461b89c3bafcce0af41f,143,ml_mutation,filler,e0870899375b4993e6903e48190ef18f9a6b347236265e96edd223771180d243,10985,False,partnership,partnership;collaboration;cooperation,False,6786,0.3,False,beyond,False,1,201
ea_llm_self_adaptive_api_1384_run3_20260729_114104.json,1384,dec03eb78da6415c83b6842166a6ed13,34,b6be3d460d7d461b89c3bafcce0af41f,143,ml_mutation,absent,40776d92b0ad4cb3365ac6a6faffabb4f1ef5325040cf751377287b1ec993b53,10720,False,message,message;speech;conversation,False,1187,0.4,False,top500,False,1,129
ea_llm_self_adaptive_api_1384_run3_20260729_114104.json,1384,a769edacfaae4465b2279f11c95e73c5,35,eab2097227f14457b63ff18b826a91ea,30,m_mutation,genuine,ec75f6a10662f35cb39cb4e4b115c75a3b44cd5b45dde7cc72213ec0255ce062,15014,False,saga,saga;tale;epic,False,1956,0.7,False,top100,False,1,167
ea_llm_self_adaptive_api_1384_run3_20260729_114104.json,1384,a769edacfaae4465b2279f11c95e73c5,35,eab2097227f14457b63ff18b826a91ea,30,m_mutation,wrong,bccb9d23ad60f3ae627464c894262027daf6b91d7c0345316dcee05d160d7d02,15002,False,schema,schema;structure;outline,False,59802,0.7,False,top100,False,1,123
ea_llm_self_adaptive_api_1384_run3_20260729_114104.json,1384,a769edacfaae4465b2279f11c95e73c5,35,eab2097227f14457b63ff18b826a91ea,30,m_mutation,filler,673138ca8400ab3d9f06bf3b44976f08d908cd288a3772961e17fa19bbb5ca3a,14999,False,empathy,empathy;nuance;tenderness,False,25675,0.25,False,top500,False,2,190
ea_llm_self_adaptive_api_1384_run3_20260729_114104.json,1384,a769edacfaae4465b2279f11c95e73c5,35,eab2097227f14457b63ff18b826a91ea,30,m_mutation,absent,66f215420b0df6926b36410ba6542b26952dd1626401c4531300661b33f374e5,14771,False,axis,axis;medium;sequence,False,25208,0.3,False,top500,False,4,139
ea_llm_self_adaptive_api_1384_run3_20260729_114104.json,1384,a7776a4a1fc042d6952840ff5d447966,36,b6be3d460d7d461b89c3bafcce0af41f,143,ml_mutation,genuine,3628a24f623e704efd9133f4e6eeebd16465494f9c26cc290296565c6f67ef98,11253,False,desire,desire;passion;fervor,False,2608,0.3,False,top500,False,1,125
ea_llm_self_adaptive_api_1384_run3_20260729_114104.json,1384,a7776a4a1fc042d6952840ff5d447966,36,b6be3d460d7d461b89c3bafcce0af41f,143,ml_mutation,wrong,9de451c00cb76a996b405942c9a50b2b30e04e5e509e52dc1c80e49b17734447,11222,False,passion,passion;desire;longing,False,1110,0.6,False,top500,False,1,132
ea_llm_self_adaptive_api_1384_run3_20260729_114104.json,1384,a7776a4a1fc042d6952840ff5d447966,36,b6be3d460d7d461b89c3bafcce0af41f,143,ml_mutation,filler,e85fbc6339da4f526b98b8c8b20c1d0a3d7bc3b32c62296beabf2e3969c10c2e,11266,False,kinship,kinship;bond;fellowship,False,40711,0.2,False,top500,False,1,98
ea_llm_self_adaptive_api_1384_run3_20260729_114104.json,1384,a7776a4a1fc042d6952840ff5d447966,36,b6be3d460d7d461b89c3bafcce0af41f,143,ml_mutation,absent,1792d90d64b1fafd845f5ceb88e7ae3ce9a330ccd7ca41db8c6b23d4f384a8cf,11001,False,marriage,marriage;relationship;couple,False,1134,0.3,False,top500,False,1,94
ea_llm_self_adaptive_api_1384_run3_20260729_114104.json,1384,af71db073aac4b6894f7b4e19eaa7093,37,8ae45ebc6e32440e86247b281934ade0,226,s_mutation,genuine,b46d7c789395f85eae36aaac10797f9be0f300892cddd864b5261a303ef1e1b4,11361,False,direction,direction;shift;progression,False,3223,0.7,False,top500,False,1,121
ea_llm_self_adaptive_api_1384_run3_20260729_114104.json,1384,af71db073aac4b6894f7b4e19eaa7093,37,8ae45ebc6e32440e86247b281934ade0,226,s_mutation,wrong,243739e84b1aeec2a779472d3b7d38ecdb6e27ce6e3ebf6a200c80a0345cb100,11392,False,course,course;shift;trajectory,False,4574,0.7,False,top500,False,1,110
ea_llm_self_adaptive_api_1384_run3_20260729_114104.json,1384,af71db073aac4b6894f7b4e19eaa7093,37,8ae45ebc6e32440e86247b281934ade0,226,s_mutation,filler,f1ae5a9832ac9ceba2ec096ee3e3b1b1b5aaea4535c8fcaada078fb32b2d4bbb,11344,False,direction,direction;progression;course,False,3223,0.7,False,top500,False,1,124
ea_llm_self_adaptive_api_1384_run3_20260729_114104.json,1384,af71db073aac4b6894f7b4e19eaa7093,37,8ae45ebc6e32440e86247b281934ade0,226,s_mutation,absent,d321126bd1b73c78b955aafd1561accb367f5334fe162fbcdfaa532e1345ea25,11154,False,direction,direction;course;trajectory,False,3223,0.7,False,top500,False,1,86
ea_llm_self_adaptive_api_1384_run3_20260729_114104.json,1384,c9f5ef7965234ecf8a0ab00088efd320,38,9411e99e9f5a4cb08013189baabba2f1,345,ml_mutation,genuine,e206b45c9607dbef353c8a2a9e4afaa6ff728109d3eb7f46fac7819aaec7ae9e,11758,False,weave,weave;warp;weft,False,11376,0.7,False,top500,False,1,225
ea_llm_self_adaptive_api_1384_run3_20260729_114104.json,1384,c9f5ef7965234ecf8a0ab00088efd320,38,9411e99e9f5a4cb08013189baabba2f1,345,ml_mutation,wrong,bc1ea7d23fe278866e7e40f5166f343af37862356ef00ec1e977304dc64572b0,11655,False,weave,weave;knit;tapestry,False,11376,0.6,False,top500,False,1,136
ea_llm_self_adaptive_api_1384_run3_20260729_114104.json,1384,c9f5ef7965234ecf8a0ab00088efd320,38,9411e99e9f5a4cb08013189baabba2f1,345,ml_mutation,filler,ddb2726b9d629d89c8759680920219ed372e728ae682e845311a4fd9cbe23856,11761,False,tapestry,tapestry;yarn;loom,False,39853,0.6,False,top500,False,1,204
ea_llm_self_adaptive_api_1384_run3_20260729_114104.json,1384,c9f5ef7965234ecf8a0ab00088efd320,38,9411e99e9f5a4cb08013189baabba2f1,345,ml_mutation,absent,38f82a2e97c58578226873e653a44331e1cb926fb6f738a41892958b1fca72ee,11420,False,intertwine,intertwine;overlap;woven,False,6739,0.7,False,top500,False,3,143
ea_llm_self_adaptive_api_1384_run3_20260729_114104.json,1384,d6459c09eff948cb96fc5726ad42cbe9,39,8ae45ebc6e32440e86247b281934ade0,226,m_mutation,genuine,a2e7c59c4c2ee2e9ddaf9e98eedb59c743a0d50910fdc15dc4f4e58115a7e8e5,11673,False,vector,vector;drift;flow,False,16068,0.5,False,top500,False,1,121
ea_llm_self_adaptive_api_1384_run3_20260729_114104.json,1384,d6459c09eff948cb96fc5726ad42cbe9,39,8ae45ebc6e32440e86247b281934ade0,226,m_mutation,wrong,c085b6b750987aba952a61f63ad98656a1895b76d53b8c1101259c5a316d0c65,11681,False,vector,vector;trajectory;gradient,False,16068,0.5,False,top500,False,1,144
ea_llm_self_adaptive_api_1384_run3_20260729_114104.json,1384,d6459c09eff948cb96fc5726ad42cbe9,39,8ae45ebc6e32440e86247b281934ade0,226,m_mutation,filler,b9c0e13e79362ef240c7a4a183ef611181694b48c319e0fb63028d2c550c9a51,11656,False,vector,vector;drift;inclination,False,16068,0.6,False,top500,False,1,120
ea_llm_self_adaptive_api_1384_run3_20260729_114104.json,1384,d6459c09eff948cb96fc5726ad42cbe9,39,8ae45ebc6e32440e86247b281934ade0,226,m_mutation,absent,3b50cbb2b7684c5e8a91586180393c648b2b43ef9a509cd2025a35d3dd9c1fb9,11466,False,direction,direction;trajectory;course,False,3223,0.3,False,top500,False,1,145
ea_llm_self_adaptive_api_1384_run3_20260729_114104.json,1384,ad0d3c95c16a45f082af22a493c01486,40,ddf86ed6928a44749061a02c3a4f8be0,73,s_mutation,genuine,f16a755eceeb7a3bb054fb4e166047bcca7f35123b4fc27fd3d17ac52f873ecc,11340,False,substance,substance;substrate;medium,False,4883,0.4,False,top500,False,1,125
ea_llm_self_adaptive_api_1384_run3_20260729_114104.json,1384,ad0d3c95c16a45f082af22a493c01486,40,ddf86ed6928a44749061a02c3a4f8be0,73,s_mutation,wrong,76984876ac666c9855f7239fab21e48148ed968495e1681d566bd5e5941d2dfd,11299,False,matrix,matrix;substrate;texture,False,16639,0.6,False,top500,False,1,171
ea_llm_self_adaptive_api_1384_run3_20260729_114104.json,1384,ad0d3c95c16a45f082af22a493c01486,40,ddf86ed6928a44749061a02c3a4f8be0,73,s_mutation,filler,255feb43f15cd71f24236fe7d7d1eec7916fcb799bbb36849811b6c79b5605ec,11341,False,phase,phase;surroundings;context,False,17951,0.6,False,top500,False,1,174
ea_llm_self_adaptive_api_1384_run3_20260729_114104.json,1384,ad0d3c95c16a45f082af22a493c01486,40,ddf86ed6928a44749061a02c3a4f8be0,73,s_mutation,absent,e5b580941148334f0ba3225efef5286a2c333f23b4873013555bbc6a232c732a,11076,False,conduit,conduit;channel;vehicle,False,29918,0.2,False,top500,False,1,120
ea_llm_self_adaptive_api_1384_run3_20260729_114104.json,1384,6f942c90de6f42dc9f650f3ff0636f37,41,e8ac9942724c4026b352de3f684e24b3,476,m_mutation,genuine,8697af66621e3ef8d9aad22609a75b962247bb2b9497eb82fdb9e5289b3d8d69,11552,False,graph,graph;curve;peak,False,6698,0.2,False,beyond,False,2,146
ea_llm_self_adaptive_api_1384_run3_20260729_114104.json,1384,6f942c90de6f42dc9f650f3ff0636f37,41,e8ac9942724c4026b352de3f684e24b3,476,m_mutation,wrong,2e2977ef1ff69dbc7b4cf2db694b4c91b684886a3a8205ca76c682dd263ba142,11508,False,data,data;analysis;attribute,False,11518,0.3,False,top500,False,2,121
ea_llm_self_adaptive_api_1384_run3_20260729_114104.json,1384,6f942c90de6f42dc9f650f3ff0636f37,41,e8ac9942724c4026b352de3f684e24b3,476,m_mutation,filler,b177f1d6b67379f803b3860ae3c2c97e1b7c87ea8c71f4f516895a668bed448b,11516,False,outline,outline;trait;summary,False,32478,0.35,False,beyond,False,1,144
ea_llm_self_adaptive_api_1384_run3_20260729_114104.json,1384,6f942c90de6f42dc9f650f3ff0636f37,41,e8ac9942724c4026b352de3f684e24b3,476,m_mutation,absent,6458436ff8c3f1e5aae45a62d7102f92a77dd6438dcabe53ede54475ec9f7a24,11251,False,graph,graph;silhouette;diagram,False,6698,0.4,False,top500,False,1,110
ea_llm_self_adaptive_api_1384_run4_20260729_125300.json,1384,e0c40dbe94bd4cb8a516147ac6421f54,2,e34253c1388b40a5a1fefc1472b3a3ea,363,s_mutation,genuine,0abe50cfe2eb47e56d0d2b7d95b490df41b566b2e6473a67c3de9f45d4a013ca,3515,False,rotate,rotate;pivot;twist,False,14353,0.5,False,top500,False,1,65
ea_llm_self_adaptive_api_1384_run4_20260729_125300.json,1384,e0c40dbe94bd4cb8a516147ac6421f54,2,e34253c1388b40a5a1fefc1472b3a3ea,363,s_mutation,wrong,6a97de9b1f6436b7014f63c227eb246377afce1a12b7fe5970aa81e0e9ac97e9,3583,False,swirl,swirl;rotate;revolve,False,2479,0.6,False,top500,False,1,149
ea_llm_self_adaptive_api_1384_run4_20260729_125300.json,1384,e0c40dbe94bd4cb8a516147ac6421f54,2,e34253c1388b40a5a1fefc1472b3a3ea,363,s_mutation,filler,65b6a097f971fe745b8bf3505c64f58ecc3ac04d532d7f846c892fdff0a339dc,3506,False,rotate,rotate;revolve;whirl,False,14353,0.6,False,top500,False,1,70
ea_llm_self_adaptive_api_1384_run4_20260729_125300.json,1384,e0c40dbe94bd4cb8a516147ac6421f54,2,e34253c1388b40a5a1fefc1472b3a3ea,363,s_mutation,absent,3e3a569e54c562181944e9054d06a1bab5ccc716c5f72a468903b8f432135c65,3346,False,swirl,swirl;rotate;pivot,False,2479,0.7,False,top500,False,1,99
ea_llm_self_adaptive_api_1384_run4_20260729_125300.json,1384,e4f993e4d80f4037a47a093a3c016d2f,3,f042af52f393401c953cbf66aaf8117d,216,m_mutation,genuine,cb39812b0766a3800815957721d8567c9510e9d9384250b033c664460bea7a35,4049,False,perceive,perceive;notice;sense,False,5302,0.6,False,top500,False,1,165
ea_llm_self_adaptive_api_1384_run4_20260729_125300.json,1384,e4f993e4d80f4037a47a093a3c016d2f,3,f042af52f393401c953cbf66aaf8117d,216,m_mutation,wrong,8339b5956a6074810d3162f82b7c686988edc3e512df070ea9288960ea2f3b01,4025,False,perceive,perceive;discern;identify,False,5302,0.6,False,top500,False,1,133
ea_llm_self_adaptive_api_1384_run4_20260729_125300.json,1384,e4f993e4d80f4037a47a093a3c016d2f,3,f042af52f393401c953cbf66aaf8117d,216,m_mutation,filler,cc6fc857078025729446ffdcfab75da019e56604484135c32e712e01d64d273d,4036,False,perceive,perceive;receive;comprehend,False,5302,0.6,False,top500,False,1,152
ea_llm_self_adaptive_api_1384_run4_20260729_125300.json,1384,e4f993e4d80f4037a47a093a3c016d2f,3,f042af52f393401c953cbf66aaf8117d,216,m_mutation,absent,89b5b63182ddf629fb7eda3882616103cd62896464ee9dbb7a2f8adb8472f866,3808,False,vibrate,vibrate;resonate;echo,False,29001,0.5,False,top500,False,1,144
ea_llm_self_adaptive_api_1384_run4_20260729_125300.json,1384,734bbf06b61b4bff8fcb1470bbd88ae7,3,e34253c1388b40a5a1fefc1472b3a3ea,363,ml_mutation,genuine,d03391c00532a6f4600587c5dd3a755e35437f371bf4ea07bc484c81e907060a,4027,False,fluid,fluid;syncopated;graceful,False,28035,0.2,False,beyond,False,1,107
ea_llm_self_adaptive_api_1384_run4_20260729_125300.json,1384,734bbf06b61b4bff8fcb1470bbd88ae7,3,e34253c1388b40a5a1fefc1472b3a3ea,363,ml_mutation,wrong,a1591bfdb69eb366cea123a0e301a3ccc5e0dce4802ea74ed0ba06197366532d,4096,False,roll,roll;slide;shift,False,2256,0.3,False,top500,False,1,152
ea_llm_self_adaptive_api_1384_run4_20260729_125300.json,1384,734bbf06b61b4bff8fcb1470bbd88ae7,3,e34253c1388b40a5a1fefc1472b3a3ea,363,ml_mutation,filler,65594ab583d9fe68dec74082823a45668caa6721e35ce9d2b0367e1a309f6143,4018,False,smooth,smooth;fluid;stiff,False,7280,0.3,False,beyond,False,1,131
ea_llm_self_adaptive_api_1384_run4_20260729_125300.json,1384,734bbf06b61b4bff8fcb1470bbd88ae7,3,e34253c1388b40a5a1fefc1472b3a3ea,363,ml_mutation,absent,91b888d72456da93ee90c15f12dcbf56510731c0ec5e503c817a6ba007bd2eb3,3858,False,fluid,fluid;graceful;precise,False,28035,0.5,False,beyond,False,1,135
ea_llm_self_adaptive_api_1384_run4_20260729_125300.json,1384,56fea8accf824796a3380a5aa7337b6c,4,f042af52f393401c953cbf66aaf8117d,216,ml_mutation,genuine,6ae1b748f0a55c69e89cb2dfa0dff2c385ec9a4e555763de55785d2c45932165,4472,False,react,react;respond;tune,False,4242,0.4,False,top500,False,1,166
ea_llm_self_adaptive_api_1384_run4_20260729_125300.json,1384,56fea8accf824796a3380a5aa7337b6c,4,f042af52f393401c953cbf66aaf8117d,216,ml_mutation,wrong,e5142703fb8debb5b6ef6c07937adf026f9f601658a3735a3c50c27ef9ee0370,4464,False,surprise,surprise;relief;curiosity,False,657,0.3,False,top500,False,1,107
ea_llm_self_adaptive_api_1384_run4_20260729_125300.json,1384,56fea8accf824796a3380a5aa7337b6c,4,f042af52f393401c953cbf66aaf8117d,216,ml_mutation,filler,450595f02935c6943d454933cd0fbe394dae9cacdc947e2fa666dc67ef084887,4459,False,observe,observe;trace;glimpse,False,7589,0.6,False,top500,False,1,136
ea_llm_self_adaptive_api_1384_run4_20260729_125300.json,1384,56fea8accf824796a3380a5aa7337b6c,4,f042af52f393401c953cbf66aaf8117d,216,ml_mutation,absent,a0b10c60405ad274a22ff6d5a17ad2783aeea168edaba08627f9d2415344f162,4231,False,react,react;respond;attune,False,4242,0.6,False,top500,False,1,143
ea_llm_self_adaptive_api_1384_run4_20260729_125300.json,1384,af6f7b3fb02d4238882e3d387bcd7b1d,4,3d13d87624f04765afcfe529f0279a97,216,ml_mutation,genuine,ca1edaee73030546655d0377418fcd0b8e7e35c3351cf2c8fa02e88fa09ce00e,4442,False,melody,melody;tone;pitch,False,9550,0.3,False,top500,False,1,175
ea_llm_self_adaptive_api_1384_run4_20260729_125300.json,1384,af6f7b3fb02d4238882e3d387bcd7b1d,4,3d13d87624f04765afcfe529f0279a97,216,ml_mutation,wrong,3338878eb1803811a91c14013281b43caba1baae6bbc0d87e6154f8d3133cade,4401,False,conscious,conscious;attentive;alert,False,4879,0.4,False,top500,False,1,166
ea_llm_self_adaptive_api_1384_run4_20260729_125300.json,1384,af6f7b3fb02d4238882e3d387bcd7b1d,4,3d13d87624f04765afcfe529f0279a97,216,ml_mutation,filler,3ac5a318fd1a464199f264ebf8d63d8217bd7ff9bf9edb513d53d8b9b494da3a,4449,False,loud,loud;soft;sharp,False,717,0.4,False,top500,False,1,154
ea_llm_self_adaptive_api_1384_run4_20260729_125300.json,1384,af6f7b3fb02d4238882e3d387bcd7b1d,4,3d13d87624f04765afcfe529f0279a97,216,ml_mutation,absent,f9d51581d6e264c8a06210e24a0787ee529acc6c469fd68c979a1e0ca8bb7f81,4184,False,observe,observe;realize;identify,False,7589,0.5,False,top500,False,1,126
ea_llm_self_adaptive_api_1384_run4_20260729_125300.json,1384,a83822c351eb4c3a8f43b98e0c53bd25,4,e34253c1388b40a5a1fefc1472b3a3ea,363,m_mutation,genuine,4a83bbc3e61c9ac2cee262d5142f6fdde4db03bf035f7c747d39e7eff86b5afe,4514,False,gear,gear;wheel;shaft,False,8751,0.25,False,beyond,False,1,57
ea_llm_self_adaptive_api_1384_run4_20260729_125300.json,1384,a83822c351eb4c3a8f43b98e0c53bd25,4,e34253c1388b40a5a1fefc1472b3a3ea,363,m_mutation,wrong,b232332957fe3cd158d972188c83c63dc51b28c9de515156e69546ea7e743726,4567,False,axis,axis;vortex;swivel,False,25208,0.2,False,beyond,False,1,136
ea_llm_self_adaptive_api_1384_run4_20260729_125300.json,1384,a83822c351eb4c3a8f43b98e0c53bd25,4,e34253c1388b40a5a1fefc1472b3a3ea,363,m_mutation,filler,5597d0340f57b28ca821e21a50e56300b7812ef13674d00fe0e313761208eb37,4505,False,rotation,rotation;spiral;vortex,False,15141,0.2,False,beyond,False,1,151
ea_llm_self_adaptive_api_1384_run4_20260729_125300.json,1384,a83822c351eb4c3a8f43b98e0c53bd25,4,e34253c1388b40a5a1fefc1472b3a3ea,363,m_mutation,absent,5b077fc0af56fdedf1e8afd357f51b50a6180e423e924fccb354fcd2afe170fe,4345,False,gear,gear;shaft;bearing,False,8751,0.2,False,beyond,False,1,156
ea_llm_self_adaptive_api_1384_run4_20260729_125300.json,1384,49c6afa5f7f8477dafe10028767414ad,5,28483ef7f7cd46fa810591b6078c193c,28,l_mutation,genuine,bd9f45611f9808f66d2a767992a0256f5aafd33d470c870819c14bd5301b7dda,5107,False,space,space;environment;context,False,8434,0.4,False,top500,False,2,150
ea_llm_self_adaptive_api_1384_run4_20260729_125300.json,1384,49c6afa5f7f8477dafe10028767414ad,5,28483ef7f7cd46fa810591b6078c193c,28,l_mutation,wrong,98355327378bc8b5146949ae854cf6f8516c90db7a84bef0e52918949051e50c,5157,False,space,space;map;direction,False,8434,0.2,False,beyond,False,1,159
ea_llm_self_adaptive_api_1384_run4_20260729_125300.json,1384,49c6afa5f7f8477dafe10028767414ad,5,28483ef7f7cd46fa810591b6078c193c,28,l_mutation,filler,d989a54ace3b8c9f40730daff05f7f9cb0076b54bc3084388bb0ddbe874fc412,5123,False,paper,paper;ink;pencil,False,2174,0.3,False,top500,False,1,175
ea_llm_self_adaptive_api_1384_run4_20260729_125300.json,1384,49c6afa5f7f8477dafe10028767414ad,5,28483ef7f7cd46fa810591b6078c193c,28,l_mutation,absent,31be978e4bc59df14d9f4d72c43b72c24d672cf0b21974fb0d7d8ebf248aae1e,4858,False,media,media;context;space,False,73,0.3,False,top500,False,1,189
ea_llm_self_adaptive_api_1384_run4_20260729_125300.json,1384,d261a0ff990147489418748f4670454b,5,f530163c0e1d43a99d7221dcc98510f1,109,m_mutation,genuine,b1f656dbb4b469779931251ba6d79039a246ca694b6f153802ac0746b54eef2f,5013,False,node,node;pivot;connector,False,36136,0.5,False,top500,False,1,223
ea_llm_self_adaptive_api_1384_run4_20260729_125300.json,1384,d261a0ff990147489418748f4670454b,5,f530163c0e1d43a99d7221dcc98510f1,109,m_mutation,wrong,2007f88ed4c4899e23ba8195fba39aaae59e5e47d6f12d5d7271cef745edd3ef,5010,False,chain,chain;node;junction,False,13002,0.3,False,beyond,False,1,141
ea_llm_self_adaptive_api_1384_run4_20260729_125300.json,1384,d261a0ff990147489418748f4670454b,5,f530163c0e1d43a99d7221dcc98510f1,109,m_mutation,filler,4977b578a364a6dab1efc0534a1bdb1e66a87511d33de8d9798293d1140beaab,5003,False,chain,chain;segment;element,False,13002,0.2,False,beyond,False,1,141
ea_llm_self_adaptive_api_1384_run4_20260729_125300.json,1384,d261a0ff990147489418748f4670454b,5,f530163c0e1d43a99d7221dcc98510f1,109,m_mutation,absent,e544bcb7d55ff16d3fd056fa8193519c6b80e7b82fbebaed83f3af6f4b7360e5,4775,False,hinge,hinge;mesh;latch,False,23222,0.6,False,top500,False,1,131
ea_llm_self_adaptive_api_1384_run4_20260729_125300.json,1384,ab3d86e24a9342a49ac6f96ad1143d71,5,f042af52f393401c953cbf66aaf8117d,216,l_mutation,genuine,4eca0e15494f5654df251f059e13729ac9f7c3ba549253d66cc26eeaba38c0a4,5244,False,environment,environment;context;surroundings,False,8605,0.2,False,beyond,False,1,122
ea_llm_self_adaptive_api_1384_run4_20260729_125300.json,1384,ab3d86e24a9342a49ac6f96ad1143d71,5,f042af52f393401c953cbf66aaf8117d,216,l_mutation,wrong,bdd96551d83900e64b8750121c3896576aebe39f976e9e206ac985e8fad8920b,5242,False,throb,throb;drone;pulse,False,5554,0.3,False,top500,False,1,152
ea_llm_self_adaptive_api_1384_run4_20260729_125300.json,1384,ab3d86e24a9342a49ac6f96ad1143d71,5,f042af52f393401c953cbf66aaf8117d,216,l_mutation,filler,4429075fced370c4c0250f3046624f00902090c8dd8ef4dcf3593100c75cf959,5231,False,vibrate,vibrate;wave;pulse,False,29001,0.2,False,top500,False,1,116
ea_llm_self_adaptive_api_1384_run4_20260729_125300.json,1384,ab3d86e24a9342a49ac6f96ad1143d71,5,f042af52f393401c953cbf66aaf8117d,216,l_mutation,absent,495064c45ab0568de2babfe2fc05baaba15f65d955876cbc6de82e0ffb9439eb,5003,False,pulse,pulse;rhythm;sync,False,7545,0.6,False,top500,False,1,189
ea_llm_self_adaptive_api_1384_run4_20260729_125300.json,1384,6e338c079ac74fc7a87fe921143cadf3,6,28483ef7f7cd46fa810591b6078c193c,28,m_mutation,genuine,6c216f4ee62ebaa6d8e7e1de7720566ae8fb321a5f60ac77dc785199b724f63c,5494,False,venue,venue;locale;space,False,3432,0.5,False,top500,False,3,96
ea_llm_self_adaptive_api_1384_run4_20260729_125300.json,1384,6e338c079ac74fc7a87fe921143cadf3,6,28483ef7f7cd46fa810591b6078c193c,28,m_mutation,wrong,bfdcc4a07666a2f887657fd2ec585790ff160dc8445d1584a6eaf5b227af68db,5537,False,banter,banter;tease;gossip,False,25,0.4,False,top500,False,1,130
ea_llm_self_adaptive_api_1384_run4_20260729_125300.json,1384,6e338c079ac74fc7a87fe921143cadf3,6,28483ef7f7cd46fa810591b6078c193c,28,m_mutation,filler,2b9c5b7f32b4c9698904aea13815c1c7a2ff77f7ff5b7154f2e99d8ae48df03e,5510,False,text,text;voice;video,False,4851,0.3,False,top500,False,1,142
ea_llm_self_adaptive_api_1384_run4_20260729_125300.json,1384,6e338c079ac74fc7a87fe921143cadf3,6,28483ef7f7cd46fa810591b6078c193c,28,m_mutation,absent,d1f2438446d9680e8f7e4c9daf15ec78b7d42cef0404db2cd09b2ffc4123587e,5245,False,banter,banter;gossip;chatter,False,25,0.7,False,top100,False,1,114
ea_llm_self_adaptive_api_1384_run4_20260729_125300.json,1384,2affdb1913f44deb84fbf01947d785ba,6,f530163c0e1d43a99d7221dcc98510f1,109,l_mutation,genuine,720a58f3c295ef1a81ed41a19f51e28e6c4a3a305262f7914879a6a88fff0e7d,5578,False,frame,frame;skeleton;layout,False,17871,0.4,False,top500,False,1,157
ea_llm_self_adaptive_api_1384_run4_20260729_125300.json,1384,2affdb1913f44deb84fbf01947d785ba,6,f530163c0e1d43a99d7221dcc98510f1,109,l_mutation,wrong,046dd480844c892ce717c7036ed16a678cb205b3c33d9f4bb58799d78d269279,5576,False,path,path;trail;route,False,21772,0.3,False,top500,False,1,108
ea_llm_self_adaptive_api_1384_run4_20260729_125300.json,1384,2affdb1913f44deb84fbf01947d785ba,6,f530163c0e1d43a99d7221dcc98510f1,109,l_mutation,filler,95c6e051b99e3f9ddbdac9fe0c4bfb0e7a825e33d704380f149e5b6c50933bd0,5568,False,ecosystem,ecosystem;web;grid,False,37520,0.3,False,top500,False,1,174
ea_llm_self_adaptive_api_1384_run4_20260729_125300.json,1384,2affdb1913f44deb84fbf01947d785ba,6,f530163c0e1d43a99d7221dcc98510f1,109,l_mutation,absent,a100741e369f7f3f646d5b8ad3a81c2c0455fc3e4c65d32a99594daaa90d9e8a,5340,False,grid,grid;lattice;mesh,False,29733,0.3,False,top500,False,1,118
ea_llm_self_adaptive_api_1384_run4_20260729_125300.json,1384,677f9115ac214c16b2051660ebd7d8c5,6,f042af52f393401c953cbf66aaf8117d,216,ml_mutation,genuine,fde9754c953d40a23da034b195683100524f5dfa0e1fce1fcd03a35fbafcac7a,5494,False,observe,observe;identify;trace,False,7589,0.5,False,top500,False,1,130
ea_llm_self_adaptive_api_1384_run4_20260729_125300.json,1384,677f9115ac214c16b2051660ebd7d8c5,6,f042af52f393401c953cbf66aaf8117d,216,ml_mutation,wrong,f52afeabf40fde16c36bb541e41ef79240cf3de09d1784451c684d7f799e2424,5493,False,center,center;concentrate;direct,False,4727,0.4,False,top500,False,1,145
ea_llm_self_adaptive_api_1384_run4_20260729_125300.json,1384,677f9115ac214c16b2051660ebd7d8c5,6,f042af52f393401c953cbf66aaf8117d,216,ml_mutation,filler,0f92720f62128f580c35c4b7f0f7a215edf5c8514a133ed231a011f8c54b5e7c,5481,False,listen,listen;react;observe,False,154,0.6,False,top500,False,1,144
ea_llm_self_adaptive_api_1384_run4_20260729_125300.json,1384,677f9115ac214c16b2051660ebd7d8c5,6,f042af52f393401c953cbf66aaf8117d,216,ml_mutation,absent,fb2790160e65cb3584fcb67d064a99025ce7b98ea24f43ae0187fc46575e2940,5253,False,listen,listen;understand;grasp,False,154,0.5,False,top500,False,1,145
ea_llm_self_adaptive_api_1384_run5_20260729_172325.json,1384,2cf1525f8ba44ce3af0d8f755517cab6,2,c5d66994b38b435697129172cd1089ba,506,l_mutation,genuine,66869cdf7638bfa734c3fb0f948e0e0de0bf6148fd40f7123cf57e79293f71ef,3971,False,reputation,reputation;stigma;respect,False,3085,0.35,False,top500,False,1,112
ea_llm_self_adaptive_api_1384_run5_20260729_172325.json,1384,2cf1525f8ba44ce3af0d8f755517cab6,2,c5d66994b38b435697129172cd1089ba,506,l_mutation,wrong,39575c8c7a9c60d4a54be85f8ad03e20c78946a39728779d3d6884361adef813,3916,False,status,status;influence;conformity,False,4696,0.4,False,top500,False,1,104
ea_llm_self_adaptive_api_1384_run5_20260729_172325.json,1384,2cf1525f8ba44ce3af0d8f755517cab6,2,c5d66994b38b435697129172cd1089ba,506,l_mutation,filler,ade18ff00aca877329a04b605737c0bcc6aa59781e21b17ad6906c903e9a606f,3952,False,status,status;reputation;prestige,False,4696,0.4,False,top500,False,1,151
ea_llm_self_adaptive_api_1384_run5_20260729_172325.json,1384,2cf1525f8ba44ce3af0d8f755517cab6,2,c5d66994b38b435697129172cd1089ba,506,l_mutation,absent,842ade03b6e25930db0ced158541e271f4c2b35b7ec8344d904a486a4224454a,3687,False,reputation,reputation;prestige;influence,False,3085,0.3,False,top500,False,1,151
ea_llm_self_adaptive_api_1384_run5_20260729_172325.json,1384,9b1cf05e5389446fbd231fa89cd37064,3,c5d66994b38b435697129172cd1089ba,506,l_mutation,genuine,fa21b47147f4794260152e21942440ce8794da7bf9479c50db9b8629f765d832,4407,False,symbol,symbol;gesture;context,False,20313,0.4,False,top500,False,1,193
ea_llm_self_adaptive_api_1384_run5_20260729_172325.json,1384,9b1cf05e5389446fbd231fa89cd37064,3,c5d66994b38b435697129172cd1089ba,506,l_mutation,wrong,d5f246c9afdfc97cb33898412b9e805b55764f65fec38809817b5ae3a39e385e,4336,False,posture,posture;murmur;hush,False,45413,0.3,False,beyond,False,1,229
ea_llm_self_adaptive_api_1384_run5_20260729_172325.json,1384,9b1cf05e5389446fbd231fa89cd37064,3,c5d66994b38b435697129172cd1089ba,506,l_mutation,filler,a629af8c9c289065ca60c68407cbed7e6c7b296e6c2c5682f33aff8fb04971e4,4388,False,isolation,isolation;alienation;exclusion,False,30781,0.4,False,top500,False,1,167
ea_llm_self_adaptive_api_1384_run5_20260729_172325.json,1384,9b1cf05e5389446fbd231fa89cd37064,3,c5d66994b38b435697129172cd1089ba,506,l_mutation,absent,f0a657cefad84bda72f4f32591085312c6c6e96cf417612621d907481ee04746,4123,False,role,role;position;group,False,2600,0.6,False,top500,False,1,150
ea_llm_self_adaptive_api_1384_run5_20260729_172325.json,1384,ba8acc38b7194559bfee1c27c3fcac28,4,c5d66994b38b435697129172cd1089ba,110,l_mutation,genuine,29ee8de6437967698ded6879f0b590410b0b14a9ed1775dc97e97583ec907aca,4751,False,public,public;social;noisy,False,1448,0.4,False,top500,False,1,193
ea_llm_self_adaptive_api_1384_run5_20260729_172325.json,1384,ba8acc38b7194559bfee1c27c3fcac28,4,c5d66994b38b435697129172cd1089ba,110,l_mutation,wrong,94135c71e2ad4222bd550bad7892db42829759cc484e15e3fddf5cfe2ed94122,4686,False,scene,scene;moment;event,False,146,0.6,False,top500,False,1,193
ea_llm_self_adaptive_api_1384_run5_20260729_172325.json,1384,ba8acc38b7194559bfee1c27c3fcac28,4,c5d66994b38b435697129172cd1089ba,110,l_mutation,filler,1cc8fa986aac5348eeabb0353db8873e49ee859a633c97d5c9488981035c3ff9,4732,False,flush,flush;sweat;tremble,False,20501,0.4,False,top500,False,1,169
ea_llm_self_adaptive_api_1384_run5_20260729_172325.json,1384,ba8acc38b7194559bfee1c27c3fcac28,4,c5d66994b38b435697129172cd1089ba,110,l_mutation,absent,c6657ac5eb80273b436a599947ca6d4283f9bc9e260bd50f062320ad6296c6bc,4467,False,flush,flush;tremble;gaze,False,20501,0.3,False,top500,False,1,180
ea_llm_self_adaptive_api_1384_run5_20260729_172325.json,1384,d7187258579a4f11a982006c912c6e2d,5,c5d66994b38b435697129172cd1089ba,110,ml_mutation,genuine,08148327d9a768e90beab21044cdd6f70d97d6cffee1a742224c2a5dfb053374,5180,False,awkward,awkward;humiliated;flustered,False,1461,0.6,False,top500,False,1,157
ea_llm_self_adaptive_api_1384_run5_20260729_172325.json,1384,d7187258579a4f11a982006c912c6e2d,5,c5d66994b38b435697129172cd1089ba,110,ml_mutation,wrong,6b9f53d68502b9d825f1006281199e06222b7847b63a6a453af76b8f963a03e6,5115,False,awkward,awkward;shy;uncomfortable,False,1461,0.4,False,top500,False,1,192
ea_llm_self_adaptive_api_1384_run5_20260729_172325.json,1384,d7187258579a4f11a982006c912c6e2d,5,c5d66994b38b435697129172cd1089ba,110,ml_mutation,filler,fd43e6b8e50f77e551b18f2693d88a8d7ee9c2ca02655fefaef78a1f3cd3b39e,5161,False,awkward,awkward;shy;flustered,False,1461,0.3,False,top100,False,1,140
ea_llm_self_adaptive_api_1384_run5_20260729_172325.json,1384,d7187258579a4f11a982006c912c6e2d,5,c5d66994b38b435697129172cd1089ba,110,ml_mutation,absent,8e4da9ec54436dd4b3d56a2b35c9d433fc9410905d3812095467c4b1137dc56a,4896,False,guilt,guilt;confused;shocked,False,1516,0.7,False,top500,False,1,132
ea_llm_self_adaptive_api_1384_run5_20260729_172325.json,1384,0be48b5fd1194a4fa2741cf55ba341dd,6,3b2862a89c1a4534a1b038d833cd7777,70,ml_mutation,genuine,c3273ab752a20327db4f759fb8ea0badb5ec085cf2b1345f5533151c5f14c9aa,5622,False,light,light;temperature;color,False,5355,0.6,False,top500,False,1,178
ea_llm_self_adaptive_api_1384_run5_20260729_172325.json,1384,0be48b5fd1194a4fa2741cf55ba341dd,6,3b2862a89c1a4534a1b038d833cd7777,70,ml_mutation,wrong,1bdd681409443afd90e70fd05235775e41128a275d6e3e73f24b710cc34cae61,5538,False,radiant,radiant;luminous;spectral,False,34280,0.7,False,top100,False,1,178
ea_llm_self_adaptive_api_1384_run5_20260729_172325.json,1384,0be48b5fd1194a4fa2741cf55ba341dd,6,3b2862a89c1a4534a1b038d833cd7777,70,ml_mutation,filler,4e92fdb00e94235e05abe37c747d09fc90ebca89d7b0da40ff1196da06f30e8e,5584,False,telescope,telescope;spectrum;radiation,False,25866,0.6,False,top500,False,1,179
ea_llm_self_adaptive_api_1384_run5_20260729_172325.json,1384,0be48b5fd1194a4fa2741cf55ba341dd,6,3b2862a89c1a4534a1b038d833cd7777,70,ml_mutation,absent,00918afe1876ee9493608ec34c49a5209b5388ebf0ff5e83aac7d38956b3e8a8,5319,False,radiant,radiant;glow;shimmer,False,34280,0.3,False,beyond,False,1,152
ea_llm_self_adaptive_api_1384_run5_20260729_172325.json,1384,438c4f1df09e459f9b998820d3960cda,7,ba8acc38b7194559bfee1c27c3fcac28,146,l_mutation,genuine,e7ba6c5c557539afd2e68c9d0a92765c6862ca02e25ce8112bd657fa6f1e1578,6115,False,terrain,terrain;topography;landform,False,48868,0.3,False,top500,False,1,156
ea_llm_self_adaptive_api_1384_run5_20260729_172325.json,1384,438c4f1df09e459f9b998820d3960cda,7,ba8acc38b7194559bfee1c27c3fcac28,146,l_mutation,wrong,54f59be0106593eb7e1ba72b5c4692ea7028f1a8c1b77085c5e10868f3e2e60d,6088,False,formation,formation;setup;structure,False,35398,0.4,False,top500,False,1,211
ea_llm_self_adaptive_api_1384_run5_20260729_172325.json,1384,438c4f1df09e459f9b998820d3960cda,7,ba8acc38b7194559bfee1c27c3fcac28,146,l_mutation,filler,cd85ee3b252a3cf968ae65a2cc28ad4c610a4d1b6c2f43adfd1432e9d6182b61,6119,False,domain,domain;realm;territory,False,24129,0.5,False,top500,False,1,156
ea_llm_self_adaptive_api_1384_run5_20260729_172325.json,1384,438c4f1df09e459f9b998820d3960cda,7,ba8acc38b7194559bfee1c27c3fcac28,146,l_mutation,absent,fdd760e32ed9234bbf7fb4f415a6d2879cded7ba0fecdc56c2eb1f9621c24636,5854,False,position,position;relation;proximity,False,24978,0.4,False,top500,False,2,142
ea_llm_self_adaptive_api_1384_run5_20260729_172325.json,1384,efc1a69beaa24f168759c7d9282e6964,8,c5d66994b38b435697129172cd1089ba,110,ml_mutation,genuine,d72899a1d5a6aeb566267e643f92660665e8ee8c33d7228fdfc1feaabfb65cb9,6623,False,gossip,gossip;party;argument,False,1,0.3,False,beyond,False,1,169
ea_llm_self_adaptive_api_1384_run5_20260729_172325.json,1384,efc1a69beaa24f168759c7d9282e6964,8,c5d66994b38b435697129172cd1089ba,110,ml_mutation,wrong,2171be0360c366234e99b919b2d57277bd928a856c4768d45d5901a1a3fcdc8c,6558,False,humbled,humbled;timid;modest,False,6784,0.3,False,top500,False,1,172
ea_llm_self_adaptive_api_1384_run5_20260729_172325.json,1384,efc1a69beaa24f168759c7d9282e6964,8,c5d66994b38b435697129172cd1089ba,110,ml_mutation,filler,20a36df5134332b29e5efdac9cdf25ef765f5cf987a4cdef0fd7fac3a3030d8c,6604,False,awkward,awkward;humbled;mortified,False,1461,0.4,False,top500,False,1,192
ea_llm_self_adaptive_api_1384_run5_20260729_172325.json,1384,efc1a69beaa24f168759c7d9282e6964,8,c5d66994b38b435697129172cd1089ba,110,ml_mutation,absent,600304f15d0650ac52855367b5cdf12a3e868d6d2babcfba8032868945bbaf70,6339,False,shy,shy;hesitant;timid,False,1326,0.4,False,top500,False,1,123
ea_llm_self_adaptive_api_1384_run5_20260729_172325.json,1384,7cf5b8c56386490f988a5b996811012d,9,c5d66994b38b435697129172cd1089ba,110,s_mutation,genuine,800a6abea8e70d1247ba7985c4d9ff68184f7835c2ef2c22ce838fd83d58bfb5,7028,False,flustered,flustered;bashful;shy,False,16850,0.6,False,top500,False,1,118
ea_llm_self_adaptive_api_1384_run5_20260729_172325.json,1384,7cf5b8c56386490f988a5b996811012d,9,c5d66994b38b435697129172cd1089ba,110,s_mutation,wrong,d4e4f4ac793df2eb7636b268b07454e0a751f62f349ef471ed773da42180baff,6980,False,flustered,flustered;sheepish;bashful,False,16850,0.4,False,top500,False,1,115
ea_llm_self_adaptive_api_1384_run5_20260729_172325.json,1384,7cf5b8c56386490f988a5b996811012d,9,c5d66994b38b435697129172cd1089ba,110,s_mutation,filler,b37f573226dda3f4e63f92fe64c23e5cb9007823bc0caee419c896d7e160bd74,7009,False,mortified,mortified;flustered;abashed,False,11306,0.6,False,top500,False,1,113
ea_llm_self_adaptive_api_1384_run5_20260729_172325.json,1384,7cf5b8c56386490f988a5b996811012d,9,c5d66994b38b435697129172cd1089ba,110,s_mutation,absent,d56f32be898e31f167ccf54a601124fc106ab5216b92072d78b2307f2068663f,6744,False,mortified,mortified;flustered;chagrined,False,11306,0.6,False,top500,False,1,112
ea_llm_self_adaptive_api_1384_run5_20260729_172325.json,1384,32f575c09f934d898fe7e8e95171c0ed,10,ba8acc38b7194559bfee1c27c3fcac28,146,l_mutation,genuine,e500593b5d98ee2f89c66dfffc56f3afdec438a464501b22f775082e3e83c371,7224,False,surface,surface;contour;relief,False,873,0.4,False,top500,False,1,182
ea_llm_self_adaptive_api_1384_run5_20260729_172325.json,1384,32f575c09f934d898fe7e8e95171c0ed,10,ba8acc38b7194559bfee1c27c3fcac28,146,l_mutation,wrong,b44421e5aff12adae85cc7f34e5012bdf4a0702e2038b0b4b001d6a4b5297f88,7213,False,narrative,narrative;story;plot,False,6277,0.4,False,top500,False,1,156
ea_llm_self_adaptive_api_1384_run5_20260729_172325.json,1384,32f575c09f934d898fe7e8e95171c0ed,10,ba8acc38b7194559bfee1c27c3fcac28,146,l_mutation,filler,6fb0da09eb9ceeee3f37fdfe987d50c58509eb106a3f26899d107f6b58e1657a,7228,False,element,element;medium;matrix,False,10018,0.3,False,top500,False,1,165
ea_llm_self_adaptive_api_1384_run5_20260729_172325.json,1384,32f575c09f934d898fe7e8e95171c0ed,10,ba8acc38b7194559bfee1c27c3fcac28,146,l_mutation,absent,593a0ed11e14c87be67e7e1baf46cec12bf92ab161c5d5c6cb4cc1aa6623a9e6,6963,False,objects,objects;items;entities,False,19392,0.2,False,beyond,False,1,163
ea_llm_self_adaptive_api_1384_run5_20260729_172325.json,1384,a7bc6e77aa1441bb8eda7b7974b87aef,11,ba8acc38b7194559bfee1c27c3fcac28,146,ml_mutation,genuine,1dcfd2b82ae4e610f8e89723382908c5888378cfb1dc97593e4896a0207ac8ac,7555,False,visual,visual;ambiance;aesthetic,False,4807,0.3,False,top500,False,1,115
ea_llm_self_adaptive_api_1384_run5_20260729_172325.json,1384,a7bc6e77aa1441bb8eda7b7974b87aef,11,ba8acc38b7194559bfee1c27c3fcac28,146,ml_mutation,wrong,45362d1390a552864c98a6a8b84962273162459b7b1be5820327bfd34d0c8667,7539,False,weather,weather;temperature;humidity,False,2776,0.4,False,top500,False,1,163
ea_llm_self_adaptive_api_1384_run5_20260729_172325.json,1384,a7bc6e77aa1441bb8eda7b7974b87aef,11,ba8acc38b7194559bfee1c27c3fcac28,146,ml_mutation,filler,53ba0bce7f0942aab28163584748813ac132f678e61f7aae95fe757c932ebe16,7559,False,vision,vision;look;gaze,False,11328,0.6,False,top500,False,1,114
ea_llm_self_adaptive_api_1384_run5_20260729_172325.json,1384,a7bc6e77aa1441bb8eda7b7974b87aef,11,ba8acc38b7194559bfee1c27c3fcac28,146,ml_mutation,absent,35c66e76bd8f30d8c59f1216d27d0a68f670d21fbd0567d56a04d677d332fb43,7294,False,tradition,tradition;ritual;practice,False,8284,0.3,False,beyond,False,1,212
ea_llm_self_adaptive_api_1384_run5_20260729_172325.json,1384,506a0b4a969141289b1b4c8fe5a5b092,12,72b7cee1f1364037bfff25c3560b1c28,50,m_mutation,genuine,57c8e173b72e58752d8dffa93163d9dd9759855ca2dd181c51b008aa0e9061f0,7674,False,laugh,laugh;grin;chuckle,False,328,0.3,False,top500,False,1,159
ea_llm_self_adaptive_api_1384_run5_20260729_172325.json,1384,506a0b4a969141289b1b4c8fe5a5b092,12,72b7cee1f1364037bfff25c3560b1c28,50,m_mutation,wrong,74c5ddd484fe2910612b771394f98fb5b3e9b16c18fba881d3211e3171575c33,7641,False,grin,grin;laugh;smile,False,4880,0.6,False,top100,False,1,150
ea_llm_self_adaptive_api_1384_run5_20260729_172325.json,1384,506a0b4a969141289b1b4c8fe5a5b092,12,72b7cee1f1364037bfff25c3560b1c28,50,m_mutation,filler,0f8a1f779044f6a262efc7a4dfffb02e741433254a07347f140e0771e110ea90,7658,False,giggle,giggle;laugh;chuckle,False,928,0.3,False,top500,False,1,113
ea_llm_self_adaptive_api_1384_run5_20260729_172325.json,1384,506a0b4a969141289b1b4c8fe5a5b092,12,72b7cee1f1364037bfff25c3560b1c28,50,m_mutation,absent,c3bccc43062b03b2d9fdddb08e56605e9595398914e557150afa55efb02ea7c5,7430,False,laughter,laughter;leap;play,False,1192,0.3,False,top500,False,1,157
ea_llm_self_adaptive_api_1384_run5_20260729_172325.json,1384,fa93945e66024753937422d5d86837cd,13,c5d66994b38b435697129172cd1089ba,110,m_mutation,genuine,b462b90bdea23cbacfbd02538b92b2bbbaf2a3af6f7f87bf07b3751c8d3f1899,8554,False,blush,blush;stutter;fumble,False,9995,0.4,False,top100,False,1,182
ea_llm_self_adaptive_api_1384_run5_20260729_172325.json,1384,fa93945e66024753937422d5d86837cd,13,c5d66994b38b435697129172cd1089ba,110,m_mutation,wrong,b50862706dc064bb6aebddbb78e4a4aacd57eb692ed46a6d31e25175f2228332,8490,False,humiliate,humiliate;embarrass;mortify,False,3230,0.7,False,top100,False,1,148
ea_llm_self_adaptive_api_1384_run5_20260729_172325.json,1384,fa93945e66024753937422d5d86837cd,13,c5d66994b38b435697129172cd1089ba,110,m_mutation,filler,b59c64d727b390c10bf2007e98f26fc0c9b677fcf90a00a941f433980e3641e4,8535,False,blush,blush;sweat;stammer,False,9995,0.25,False,beyond,False,1,189
ea_llm_self_adaptive_api_1384_run5_20260729_172325.json,1384,fa93945e66024753937422d5d86837cd,13,c5d66994b38b435697129172cd1089ba,110,m_mutation,absent,fbeaea27af4d459d55bbdc2fc30f19210148bf9df27cebe33071b19565395fe7,8270,False,blush,blush;sweat;stammer,False,9995,0.4,False,top500,False,1,151
ea_llm_self_adaptive_api_1384_run5_20260729_172325.json,1384,16fa89968b3f4464b94d8f21d763591b,14,813554e4a92042f592ddeea73e3188d9,18,s_mutation,genuine,2b4f8bee4b9d3e2ab4e86bd9b0304f26a5bd5a6d7cdd8b21796a81b526f761f9,8164,False,newest,newest;recent;modern,False,362,0.65,False,top500,False,1,97
ea_llm_self_adaptive_api_1384_run5_20260729_172325.json,1384,16fa89968b3f4464b94d8f21d763591b,14,813554e4a92042f592ddeea73e3188d9,18,s_mutation,wrong,f450a2ab1f189cfe0aba81cb6fc8aee1948f663c9f8fc8d3d8f88d31cbc23c01,8163,False,recent,recent;new;current,False,566,0.7,False,top500,False,1,94
ea_llm_self_adaptive_api_1384_run5_20260729_172325.json,1384,16fa89968b3f4464b94d8f21d763591b,14,813554e4a92042f592ddeea73e3188d9,18,s_mutation,filler,9a46ff543e80ac18c33d07ce9c98ecfeeade4e5a9d847b704a740077ae127977,8157,False,recent,recent;modern;present,False,566,0.7,False,top500,False,1,121
ea_llm_self_adaptive_api_1384_run5_20260729_172325.json,1384,16fa89968b3f4464b94d8f21d763591b,14,813554e4a92042f592ddeea73e3188d9,18,s_mutation,absent,85d3017974a8421105d9e99aad1072c98323462bffd1f247b827a301ab198eaa,7929,False,newest,newest;recent;fresh,False,362,0.7,False,top500,False,1,92
ea_llm_self_adaptive_api_1384_run5_20260729_172325.json,1384,f5fa2d129fb648be8b4bd2fdbe55124a,15,c5d66994b38b435697129172cd1089ba,110,ml_mutation,genuine,d155f8980ea3cd2f39a1198cd3ed02768459d5ecdf0ff0ef3a259695d6bd5f0d,9063,False,awkward,awkward;flustered;mortified,False,1461,0.5,False,top500,False,1,181
ea_llm_self_adaptive_api_1384_run5_20260729_172325.json,1384,f5fa2d129fb648be8b4bd2fdbe55124a,15,c5d66994b38b435697129172cd1089ba,110,ml_mutation,wrong,def3dd9e58e5c51e7814841920e5a8dd2201fd898d1ce1f794d8ec5fd5b2cff2,8998,False,bashful,bashful;insecure;hesitant,False,28318,0.4,False,top500,False,1,172
ea_llm_self_adaptive_api_1384_run5_20260729_172325.json,1384,f5fa2d129fb648be8b4bd2fdbe55124a,15,c5d66994b38b435697129172cd1089ba,110,ml_mutation,filler,400611ce601d312ff3371d2e418001e241b58e1a1bd80b1fc85941de6fd735ce,9044,False,flustered,flustered;mortified;shamed,False,16850,0.4,False,beyond,False,1,129
ea_llm_self_adaptive_api_1384_run5_20260729_172325.json,1384,f5fa2d129fb648be8b4bd2fdbe55124a,15,c5d66994b38b435697129172cd1089ba,110,ml_mutation,absent,f828bbbc830e908e5b9479fec65f4353ff21009220234649bcade7886fe53159,8779,False,flustered,flustered;timid;insecure,False,16850,0.3,False,top500,False,1,169
ea_llm_self_adaptive_api_1384_run5_20260729_172325.json,1384,b1ba047507194fbaa96a473057c8ff89,16,ba8acc38b7194559bfee1c27c3fcac28,146,ml_mutation,genuine,5d974f74eaaff73afeef335b4a22cb64015460b210acc9dcffee6807017ea5b2,9175,False,attribute,attribute;feature;property,False,11842,0.3,False,top500,False,1,106
ea_llm_self_adaptive_api_1384_run5_20260729_172325.json,1384,b1ba047507194fbaa96a473057c8ff89,16,ba8acc38b7194559bfee1c27c3fcac28,146,ml_mutation,wrong,a467470d58d16687ff188641e1dd3c298ed1f33fe5b2793c2171f0addbcc689e,9164,False,vista,vista;view;landscape,False,17452,0.4,False,top500,False,1,158
ea_llm_self_adaptive_api_1384_run5_20260729_172325.json,1384,b1ba047507194fbaa96a473057c8ff89,16,ba8acc38b7194559bfee1c27c3fcac28,146,ml_mutation,filler,bf4947dc76fa77b98e2b3eb199b22fc1802e67f6b17754680d65568b94e651fc,9179,False,frame,frame;stage;view,False,17871,0.25,False,beyond,False,1,123
ea_llm_self_adaptive_api_1384_run5_20260729_172325.json,1384,b1ba047507194fbaa96a473057c8ff89,16,ba8acc38b7194559bfee1c27c3fcac28,146,ml_mutation,absent,a5fcd0dcc2e0b42bb01df14bdaf1bc7701f3548a890ee57259bdf2000d35fe3f,8914,False,elements,elements;features;details,False,10018,0.4,False,top500,False,1,151
ea_llm_self_adaptive_api_1384_run5_20260729_172325.json,1384,f48267719aef4857944bf5c543a1509b,17,ba8acc38b7194559bfee1c27c3fcac28,146,m_mutation,genuine,c961fc26e9d80c9861dd367098d93f382b3a2c2e18eea035dec8d52ded11fe46,9415,False,picture,picture;stage;frame,False,45,0.7,False,top500,False,1,125
ea_llm_self_adaptive_api_1384_run5_20260729_172325.json,1384,f48267719aef4857944bf5c543a1509b,17,ba8acc38b7194559bfee1c27c3fcac28,146,m_mutation,wrong,7834248e021c68dac9bbb9f25fade22f4c0c2aca01cf1860fe923f407f1eff6c,9404,False,frame,frame;canvas;backlight,False,17871,0.6,False,top500,False,1,124
ea_llm_self_adaptive_api_1384_run5_20260729_172325.json,1384,f48267719aef4857944bf5c543a1509b,17,ba8acc38b7194559bfee1c27c3fcac28,146,m_mutation,filler,992b2b5900df84d7be3521604bf7be7fe2755be197e293b3b58263cbfe2c7f78,9419,False,element,element;moment;view,False,10018,0.7,False,top100,False,1,121
ea_llm_self_adaptive_api_1384_run5_20260729_172325.json,1384,f48267719aef4857944bf5c543a1509b,17,ba8acc38b7194559bfee1c27c3fcac28,146,m_mutation,absent,a7a90e20760c56449754d6e3a4e1106c954d201994d454b951f617c049c89dd4,9154,False,depiction,depiction;frame;layout,False,8116,0.3,False,top500,False,2,175
ea_llm_self_adaptive_api_1384_run5_20260729_172325.json,1384,28e9d4f84ac44e09bf18d45744ed8954,18,72b7cee1f1364037bfff25c3560b1c28,50,ml_mutation,genuine,5414ca65ad83d0872039720973c91a727d2414609a681c8515a2a182e7578561,9412,False,tingle,tingle;radiant;warmth,False,14453,0.3,False,top500,False,1,163
ea_llm_self_adaptive_api_1384_run5_20260729_172325.json,1384,28e9d4f84ac44e09bf18d45744ed8954,18,72b7cee1f1364037bfff25c3560b1c28,50,ml_mutation,wrong,0a4808c8110a243c335f7877ab75b16180df393398c1857f8b49798a8ba49067,9379,False,friendly,friendly;hostile;cordial,False,3705,0.5,False,top500,False,1,148
ea_llm_self_adaptive_api_1384_run5_20260729_172325.json,1384,28e9d4f84ac44e09bf18d45744ed8954,18,72b7cee1f1364037bfff25c3560b1c28,50,ml_mutation,filler,3607e92adac20177cd12671d35263cd91d7a9e489b0acbbb75723f5b8ad071eb,9396,False,posture,posture;gait;stance,False,45413,0.2,False,beyond,False,1,153
ea_llm_self_adaptive_api_1384_run5_20260729_172325.json,1384,28e9d4f84ac44e09bf18d45744ed8954,18,72b7cee1f1364037bfff25c3560b1c28,50,ml_mutation,absent,2e5f8ea86bc24e5a63f2a91e802f609e7bb125116c924f59fe977a67c274dfea,9168,False,laughter,laughter;cackle;guffaw,False,1192,0.7,False,top100,False,1,226
ea_llm_self_adaptive_api_1384_run5_20260729_172325.json,1384,92d96c3bd93f4b0b8ab074eadc682ba7,19,72b7cee1f1364037bfff25c3560b1c28,50,m_mutation,genuine,e9b623eba36c477c6d1d00a98368d3a0950b21263144837675d70fc87190625a,9575,False,festivity,festivity;merriment;triumph,False,6301,0.6,False,top500,False,1,151
ea_llm_self_adaptive_api_1384_run5_20260729_172325.json,1384,92d96c3bd93f4b0b8ab074eadc682ba7,19,72b7cee1f1364037bfff25c3560b1c28,50,m_mutation,wrong,d2e6af2a04b67f625964b07f54aa6a806991bcc56030250138df80474f48e091,9564,False,skip,skip;leap;bound,False,3146,0.3,False,top500,False,1,155
ea_llm_self_adaptive_api_1384_run5_20260729_172325.json,1384,92d96c3bd93f4b0b8ab074eadc682ba7,19,72b7cee1f1364037bfff25c3560b1c28,50,m_mutation,filler,fc7f4fbd9f84649b3275aae1f95600b0bac79c7e6ea9c415f75f30c44191e7c5,9559,False,spark,spark;cheer;game,False,1751,0.3,False,top500,False,1,137
ea_llm_self_adaptive_api_1384_run5_20260729_172325.json,1384,92d96c3bd93f4b0b8ab074eadc682ba7,19,72b7cee1f1364037bfff25c3560b1c28,50,m_mutation,absent,34ad31501414bbaa23dc54c80ce57e496d6be696daa5da40905a995838f6c770,9331,False,leap,leap;spring;bound,False,27852,0.3,False,beyond,False,1,130
ea_llm_self_adaptive_api_1384_run5_20260729_172325.json,1384,7fe1015e3dec424c9ff94e281d42fab8,20,c5d66994b38b435697129172cd1089ba,110,l_mutation,genuine,b230e43317cca3f399f25226c7d60c1e489adeb3ff1e122c8dc6de1ef0673860,9888,False,locale,locale;zone;region,False,17073,0.3,False,top500,False,1,171
ea_llm_self_adaptive_api_1384_run5_20260729_172325.json,1384,7fe1015e3dec424c9ff94e281d42fab8,20,c5d66994b38b435697129172cd1089ba,110,l_mutation,wrong,48e221eb2adf91380f3b03711e5a25003b50d9748ad35cc38ae72730c5da4f24,9835,False,dialogue,dialogue;exchange;interaction,False,2744,0.6,False,top100,False,1,235
ea_llm_self_adaptive_api_1384_run5_20260729_172325.json,1384,7fe1015e3dec424c9ff94e281d42fab8,20,c5d66994b38b435697129172cd1089ba,110,l_mutation,filler,f247cc70552ace2569d8e31aa594d464fd700fe7833f939fc961729ef04a0714,9869,False,cue,cue;signal;prompt,False,11105,0.2,False,beyond,False,1,153
ea_llm_self_adaptive_api_1384_run5_20260729_172325.json,1384,7fe1015e3dec424c9ff94e281d42fab8,20,c5d66994b38b435697129172cd1089ba,110,l_mutation,absent,a1ed7984b407b380a72be08acbb30f09a7357b56538b38d339a6f475981eebc0,9604,False,interaction,interaction;engagement;contact,False,6748,0.4,False,top500,False,1,118
ea_llm_self_adaptive_api_1384_run5_20260729_172325.json,1384,a96e60112c3244c993b9b6fbf36b4c0e,21,c5d66994b38b435697129172cd1089ba,110,l_mutation,genuine,94e80c78694265a5e81997c78e64510d2ea1bb235922ddb8e958ec559941f21a,10096,False,tremor,tremor;sweat;gasp,False,30071,0.3,False,top500,False,1,214
ea_llm_self_adaptive_api_1384_run5_20260729_172325.json,1384,a96e60112c3244c993b9b6fbf36b4c0e,21,c5d66994b38b435697129172cd1089ba,110,l_mutation,wrong,4e1a02551c8879638ffa75a86777d389cbe2d9faa66cacbb846f4b27b36f8ef8,10025,False,quiver,quiver;palpitate;shaky,False,12042,0.3,False,top500,False,1,162
ea_llm_self_adaptive_api_1384_run5_20260729_172325.json,1384,a96e60112c3244c993b9b6fbf36b4c0e,21,c5d66994b38b435697129172cd1089ba,110,l_mutation,filler,c8d398472ec875916ab833e107f2de18bbe854520ef0cd8dd7a2124697e09fbe,10077,False,greet,greet;interact;exchange,False,4427,0.3,False,top500,False,1,146
ea_llm_self_adaptive_api_1384_run5_20260729_172325.json,1384,a96e60112c3244c993b9b6fbf36b4c0e,21,c5d66994b38b435697129172cd1089ba,110,l_mutation,absent,a737080215ea2f9ba30a8492cee566534f1cf458529db21f10a5f00ddd64dd09,9812,False,gaze,gaze;posture;pose,False,7463,0.4,False,top500,False,1,186
ea_llm_self_adaptive_api_1384_run5_20260729_172325.json,1384,58b75c3e619f4de3898db542e8871fbb,5,ba8acc38b7194559bfee1c27c3fcac28,146,s_mutation,genuine,7975a656db4a572d5d6c815568776451083b5ec6a100d9167356a64a608120d9,4967,False,view,view;backdrop;stage,False,3120,0.6,False,top500,False,1,168
ea_llm_self_adaptive_api_1384_run5_20260729_172325.json,1384,58b75c3e619f4de3898db542e8871fbb,5,ba8acc38b7194559bfee1c27c3fcac28,146,s_mutation,wrong,27405ae810b49c7e0eacf4184ad3de8f754da44415a1f79f3f12e7368140bdd4,4940,False,view,view;backdrop;stage,False,3120,0.6,False,top500,False,1,122
ea_llm_self_adaptive_api_1384_run5_20260729_172325.json,1384,58b75c3e619f4de3898db542e8871fbb,5,ba8acc38b7194559bfee1c27c3fcac28,146,s_mutation,filler,d197d04e9eb9606bd3c08dde0d567672d600a1f3287c6a2190d07ac917c86390,4971,False,venue,venue;stage;frame,False,3432,0.6,False,top500,False,1,107
ea_llm_self_adaptive_api_1384_run5_20260729_172325.json,1384,58b75c3e619f4de3898db542e8871fbb,5,ba8acc38b7194559bfee1c27c3fcac28,146,s_mutation,absent,da1681a982a6a835edae7f49175840e3f0d014b0e2ba731cfdb826a4c8ed8f2c,4706,False,stage,stage;view;vista,False,5455,0.6,False,top500,False,1,133
ea_llm_self_adaptive_api_1384_run5_20260729_172325.json,1384,b289db0787414b0b86036bf485d167e0,6,c5d66994b38b435697129172cd1089ba,110,l_mutation,genuine,d91f905f6d76f431b45fb24e1eb8667784f5698c4592f053f2dc985bae5ee0f9,5762,False,gesture,gesture;posture;manner,False,15968,0.4,False,top500,False,1,207
ea_llm_self_adaptive_api_1384_run5_20260729_172325.json,1384,b289db0787414b0b86036bf485d167e0,6,c5d66994b38b435697129172cd1089ba,110,l_mutation,wrong,40d22e68d607ca7f5896f56e8f40261699764de18252101e63ad7fc1dfef0448,5714,False,attention,attention;gaze;laughter,False,710,0.6,False,top100,False,1,155
ea_llm_self_adaptive_api_1384_run5_20260729_172325.json,1384,b289db0787414b0b86036bf485d167e0,6,c5d66994b38b435697129172cd1089ba,110,l_mutation,filler,7770ff53e999157c001d518607bf8c88c755fba84f44cac24f0947c6c94a858e,5743,False,observation,observation;watch;gaze,False,2869,0.3,False,top500,False,1,181
ea_llm_self_adaptive_api_1384_run5_20260729_172325.json,1384,b289db0787414b0b86036bf485d167e0,6,c5d66994b38b435697129172cd1089ba,110,l_mutation,absent,006c55ed5454d8b8c3c85a61a4c0eb6ee32fa0ae25089edfefb4275623af0038,5478,False,taste,taste;touch;sound,False,2444,0.4,False,top500,False,1,226
ea_llm_self_adaptive_api_1384_run5_20260729_172325.json,1384,b77188e8b09e4797a122a097ff3aa110,7,c5d66994b38b435697129172cd1089ba,110,ml_mutation,genuine,637b7129217643c8fdd72150a2766a9dc8e4573758e65f12e1d52f1fc618064e,6148,False,humiliated,humiliated;mortified;abashed,False,3230,0.8,False,top100,False,1,164
ea_llm_self_adaptive_api_1384_run5_20260729_172325.json,1384,b77188e8b09e4797a122a097ff3aa110,7,c5d66994b38b435697129172cd1089ba,110,ml_mutation,wrong,9f980416131e1914bf4ebce54e82c6694b2971dc07c389fc4a4bbfd8bb72ceaa,6093,False,humble,humble;modest;reserved,False,6784,0.4,False,top500,False,1,202
ea_llm_self_adaptive_api_1384_run5_20260729_172325.json,1384,b77188e8b09e4797a122a097ff3aa110,7,c5d66994b38b435697129172cd1089ba,110,ml_mutation,filler,8889af5c55b2065ad3650c84d7cd499098fe2a8e8adf056bf420685522e1092c,6129,False,humiliated,humiliated;mortified;timid,False,3230,0.3,False,top500,False,1,164
ea_llm_self_adaptive_api_1384_run5_20260729_172325.json,1384,b77188e8b09e4797a122a097ff3aa110,7,c5d66994b38b435697129172cd1089ba,110,ml_mutation,absent,df018d799b78ae4f342f46716b6a74412adfdeb249b7954f2984f2f6b00603d3,5864,False,humiliated,humiliated;mortified;disgraced,False,3230,0.2,False,beyond,False,1,231
ea_llm_self_adaptive_api_1384_run5_20260729_172325.json,1384,1cc67da0201b410fb49367e9a0b0fcb1,8,ba8acc38b7194559bfee1c27c3fcac28,146,m_mutation,genuine,bfa312a89b5f748263872db89b73adc0a672f15f1b58f67c8bbe9e71888e435b,6488,False,view,view;stage;aspect,False,3120,0.5,False,top500,False,1,164
ea_llm_self_adaptive_api_1384_run5_20260729_172325.json,1384,1cc67da0201b410fb49367e9a0b0fcb1,8,ba8acc38b7194559bfee1c27c3fcac28,146,m_mutation,wrong,385f93596b2f1447dda4d15bdc3c46cd2974780afa7e411a3d3f79c94a3d0510,6472,False,aspect,aspect;element;facet,False,4737,0.6,False,top500,False,1,110
ea_llm_self_adaptive_api_1384_run5_20260729_172325.json,1384,1cc67da0201b410fb49367e9a0b0fcb1,8,ba8acc38b7194559bfee1c27c3fcac28,146,m_mutation,filler,e1ca88d39c84541788aaed258f98d22f6bc54a0032607e747a291236756baef7,6492,False,frame,frame;focus;lighting,False,17871,0.6,False,top500,False,1,169
ea_llm_self_adaptive_api_1384_run5_20260729_172325.json,1384,1cc67da0201b410fb49367e9a0b0fcb1,8,ba8acc38b7194559bfee1c27c3fcac28,146,m_mutation,absent,492a62cd6e492610f92059ba5b0580db1b1410f5f4e971d097d71db683d344fc,6227,False,visual,visual;element;component,False,4807,0.4,False,top500,False,1,138
ea_llm_self_adaptive_api_1384_run5_20260729_172325.json,1384,14d6afba1dbc4584a2b45c222825a0d5,9,ba8acc38b7194559bfee1c27c3fcac28,146,m_mutation,genuine,fc5aedf1b48697c9f684574a9a6755c203bb21a45f4d569a7bcb1d5ea0f8f041,6894,False,image,image;vision;frame,False,422,0.3,False,top500,False,2,163
ea_llm_self_adaptive_api_1384_run5_20260729_172325.json,1384,14d6afba1dbc4584a2b45c222825a0d5,9,ba8acc38b7194559bfee1c27c3fcac28,146,m_mutation,wrong,0c10181ec6332ce3a2e95cf27b36bb9e4038f3545d7a6f08e8af45c37bd35b72,6878,False,stage,stage;script;dialogue,False,5455,0.6,False,top500,False,1,154
ea_llm_self_adaptive_api_1384_run5_20260729_172325.json,1384,14d6afba1dbc4584a2b45c222825a0d5,9,ba8acc38b7194559bfee1c27c3fcac28,146,m_mutation,filler,91069617eba018fb9a660064dfe78c38bfe4e8a06be3afb50420995c967cfa63,6898,False,vision,vision;element;aspect,False,11328,0.4,False,top500,False,1,131
ea_llm_self_adaptive_api_1384_run5_20260729_172325.json,1384,14d6afba1dbc4584a2b45c222825a0d5,9,ba8acc38b7194559bfee1c27c3fcac28,146,m_mutation,absent,763b34eea84ee00d61a82414deae7491fcf825b818d1ae3648298bae935ecf82,6633,False,shot,shot;angle;focus,False,1287,0.4,False,top500,False,1,125
ea_llm_self_adaptive_api_1384_run5_20260729_172325.json,1384,dadc4bbd3e074dbd9a1bd52fa626720c,10,c5d66994b38b435697129172cd1089ba,110,l_mutation,genuine,0d76b34273ff3231ab0a455e2c8b9f4876ab46e36bddac56c69f7376eb707ab4,7234,False,blush,blush;sweat;flush,False,9995,0.4,False,top500,False,1,161
ea_llm_self_adaptive_api_1384_run5_20260729_172325.json,1384,dadc4bbd3e074dbd9a1bd52fa626720c,10,c5d66994b38b435697129172cd1089ba,110,l_mutation,wrong,638fe8daef77bbe273606ff958929c5f14133fef0cc75f00b7d75c0bc24147aa,7185,False,manner,manner;posture;gesture,False,2202,0.3,False,top500,False,1,124
ea_llm_self_adaptive_api_1384_run5_20260729_172325.json,1384,dadc4bbd3e074dbd9a1bd52fa626720c,10,c5d66994b38b435697129172cd1089ba,110,l_mutation,filler,d51e89e0121a3473af48fc9745cc736379efd5d787c05afbee425cb535500643,7215,False,stammer,stammer;fumble;flinch,False,22426,0.3,False,top500,False,1,149
ea_llm_self_adaptive_api_1384_run5_20260729_172325.json,1384,dadc4bbd3e074dbd9a1bd52fa626720c,10,c5d66994b38b435697129172cd1089ba,110,l_mutation,absent,aece81479e337915c3fe97160577be7e3574164f63114d12b2c2cdd69a0b1266,6950,False,gaze,gaze;proximity;tone,False,7463,0.4,False,top500,False,1,154
ea_llm_self_adaptive_api_1384_run5_20260729_172325.json,1384,15ee66059b0447139ffdd03fd37d2b10,11,c5d66994b38b435697129172cd1089ba,110,l_mutation,genuine,1d6584bcd0b04a0d5e2bbb46cd865081bd4b6cb58c9891902617f4dbea29c58e,7625,False,stimulus,stimulus;trigger;signal,False,22311,0.3,False,top500,False,1,197
ea_llm_self_adaptive_api_1384_run5_20260729_172325.json,1384,15ee66059b0447139ffdd03fd37d2b10,11,c5d66994b38b435697129172cd1089ba,110,l_mutation,wrong,6252f6a89d7f96864bb58c9e98c7af647ba3212181397c3a1e9109237edee058,7576,False,public,public;space;zone,False,1448,0.3,False,top500,False,1,188
ea_llm_self_adaptive_api_1384_run5_20260729_172325.json,1384,15ee66059b0447139ffdd03fd37d2b10,11,c5d66994b38b435697129172cd1089ba,110,l_mutation,filler,bba1454ef9b1c8ccbe552c2008b85b4ad8143a0f7f81e77f053570e907f78252,7606,False,presence,presence;group;observer,False,3556,0.3,False,top500,False,1,188
ea_llm_self_adaptive_api_1384_run5_20260729_172325.json,1384,15ee66059b0447139ffdd03fd37d2b10,11,c5d66994b38b435697129172cd1089ba,110,l_mutation,absent,69df800b1676c2e433e09a7dcb8ba4e9d85c5d130d4cd7f4c456b002987c2d24,7341,False,trigger,trigger;cue;prompt,False,18016,0.3,False,top500,False,1,191
ea_llm_self_adaptive_api_1384_run5_20260729_172325.json,1384,9e3584a0e47a43f2acf4c5774fc77d69,12,ba8acc38b7194559bfee1c27c3fcac28,146,m_mutation,genuine,4e10ea0bac82675b0ad840f2e75a04db9bbd56a694072d929de87106b3c71e36,7988,False,feature,feature;segment;part,False,305,0.5,False,top500,False,1,177
ea_llm_self_adaptive_api_1384_run5_20260729_172325.json,1384,9e3584a0e47a43f2acf4c5774fc77d69,12,ba8acc38b7194559bfee1c27c3fcac28,146,m_mutation,wrong,4629683fbfbdb8bc4f7b9befb49cd4af543888d25936ae33bf7b4f59bd244905,7961,False,visual,visual;element;part,False,4807,0.3,False,top500,False,1,141
ea_llm_self_adaptive_api_1384_run5_20260729_172325.json,1384,9e3584a0e47a43f2acf4c5774fc77d69,12,ba8acc38b7194559bfee1c27c3fcac28,146,m_mutation,filler,9e53177bfddbdfc42bf641951410e1436cb510efa1006a35db49d4ebea0ca5c9,7992,False,view,view;element;frame,False,3120,0.3,False,top500,False,1,124
ea_llm_self_adaptive_api_1384_run5_20260729_172325.json,1384,9e3584a0e47a43f2acf4c5774fc77d69,12,ba8acc38b7194559bfee1c27c3fcac28,146,m_mutation,absent,19a42989d33975f3c71856bede53beff75176fbe904ec80f6d413e3b144cde94,7727,False,spectacle,spectacle;stage;drama,False,4003,0.6,False,top500,False,3,111
ea_llm_self_adaptive_api_1384_run5_20260729_172325.json,1384,8907ca83fed04032876513870be2c837,13,72b7cee1f1364037bfff25c3560b1c28,50,l_mutation,genuine,c7b9cee03e7a1606ae1a80b57bbb00317c4986fb85b32db3901c4fb608d58626,8143,False,leap,leap;skip;dive,False,27852,0.2,False,beyond,False,1,109
ea_llm_self_adaptive_api_1384_run5_20260729_172325.json,1384,8907ca83fed04032876513870be2c837,13,72b7cee1f1364037bfff25c3560b1c28,50,l_mutation,wrong,fd39c2619e6692dfe62844e7a7279438583a076ba69a5d99cca743f95c0c077d,8110,False,movement,movement;step;motion,False,22314,0.3,False,top500,False,1,181
ea_llm_self_adaptive_api_1384_run5_20260729_172325.json,1384,8907ca83fed04032876513870be2c837,13,72b7cee1f1364037bfff25c3560b1c28,50,l_mutation,filler,e80db546cda53509a5470f858fde2c6d82ae409f002daabe276b9334c689fc8d,8127,False,orbit,orbit;nebula;comet,False,17578,0.2,False,beyond,False,1,135
ea_llm_self_adaptive_api_1384_run5_20260729_172325.json,1384,8907ca83fed04032876513870be2c837,13,72b7cee1f1364037bfff25c3560b1c28,50,l_mutation,absent,e47c23b6c8757c06218c147684fb3555767c734c4a94a8f4ec16ea016e7909b6,7899,False,celebration,celebration;festivity;party,False,4933,0.3,False,top500,False,1,135
ea_llm_self_adaptive_api_1384_run5_20260729_172325.json,1384,20269452e7f44eb3bf9eb66ba6b50671,14,c5d66994b38b435697129172cd1089ba,110,l_mutation,genuine,cf71133bcd7d015437a22e0f3ec421917fc605776a70dc5b0df257bb7bee3801,8633,False,moment,moment;event;occasion,False,513,0.4,False,top500,False,1,184
ea_llm_self_adaptive_api_1384_run5_20260729_172325.json,1384,20269452e7f44eb3bf9eb66ba6b50671,14,c5d66994b38b435697129172cd1089ba,110,l_mutation,wrong,ba339408e27a91ea7026cc6d17b18935ad70e6b81c7bfc065294bc607ad18765,8562,False,gossip,gossip;humor;whisper,False,1,0.4,False,top500,False,1,137
ea_llm_self_adaptive_api_1384_run5_20260729_172325.json,1384,20269452e7f44eb3bf9eb66ba6b50671,14,c5d66994b38b435697129172cd1089ba,110,l_mutation,filler,71444389fe2682871467e24b7d1ff0d2679b95f7d36cf12b63332e1e433d4471,8614,False,interaction,interaction;group;network,False,6748,0.6,False,top100,False,1,162
ea_llm_self_adaptive_api_1384_run5_20260729_172325.json,1384,20269452e7f44eb3bf9eb66ba6b50671,14,c5d66994b38b435697129172cd1089ba,110,l_mutation,absent,9b4df39886eb057921276c5d88b26c3924436479e5ede9c52878fc9805d33cb9,8349,False,setting,setting;incident;scenario,False,6479,0.3,False,top500,False,1,232
ea_llm_self_adaptive_api_1384_run5_20260729_172325.json,1384,c996e0109a5e40459eda23ea2f8282fb,15,ba8acc38b7194559bfee1c27c3fcac28,146,s_mutation,genuine,ab54b4bc6584fe483424cf7b323d666a378f9b92b8769271e9b111e22cecfff3,8758,False,view,view;vista;prospect,False,3120,0.6,False,top500,False,1,144
ea_llm_self_adaptive_api_1384_run5_20260729_172325.json,1384,c996e0109a5e40459eda23ea2f8282fb,15,ba8acc38b7194559bfee1c27c3fcac28,146,s_mutation,wrong,9a35550491119d629323a6c8abfdce9ccec9c609ed93b297a77b561e10958621,8747,False,stage,stage;vista;prospect,False,5455,0.7,False,top500,False,1,116
ea_llm_self_adaptive_api_1384_run5_20260729_172325.json,1384,c996e0109a5e40459eda23ea2f8282fb,15,ba8acc38b7194559bfee1c27c3fcac28,146,s_mutation,filler,13b123e7a8ece77a38c6290eff079d73e222a42503f3858177267b728eeeff0a,8762,False,setting,setting;stage;prospect,False,6479,0.7,False,top100,False,1,105
ea_llm_self_adaptive_api_1384_run5_20260729_172325.json,1384,c996e0109a5e40459eda23ea2f8282fb,15,ba8acc38b7194559bfee1c27c3fcac28,146,s_mutation,absent,34dffb94db1f81b12520a73d2bc0bc988d4dbcef901098d1d478b4ce7c19990b,8497,False,stage,stage;vista;backdrop,False,5455,0.7,False,top100,False,3,120
ea_llm_self_adaptive_api_1384_run5_20260729_172325.json,1384,88017d5d558c4966b2bfb1768170d9ef,16,c5d66994b38b435697129172cd1089ba,110,ml_mutation,genuine,272bf50376f9edee8623ecdefcb6e28732220fbe44b953d94c2e7e54340bc23f,9456,False,dialogue,dialogue;interaction;exchange,False,2744,0.2,False,beyond,False,1,179
ea_llm_self_adaptive_api_1384_run5_20260729_172325.json,1384,88017d5d558c4966b2bfb1768170d9ef,16,c5d66994b38b435697129172cd1089ba,110,ml_mutation,wrong,0e83d98a54d4e5521e4445b6ef66909f4782ddde60e5b15837937771c52636c8,9391,False,flustered,flustered;gauche;gawky,False,16850,0.6,False,top500,False,1,168
ea_llm_self_adaptive_api_1384_run5_20260729_172325.json,1384,88017d5d558c4966b2bfb1768170d9ef,16,c5d66994b38b435697129172cd1089ba,110,ml_mutation,filler,0dc2d37e48dbc0fddf93b87b27776aeec0dc4c61cb345758ab3fe4bf7d6f58a6,9437,False,abashed,abashed;discomfited;regretful,False,57470,0.6,False,top500,False,1,161
ea_llm_self_adaptive_api_1384_run5_20260729_172325.json,1384,88017d5d558c4966b2bfb1768170d9ef,16,c5d66994b38b435697129172cd1089ba,110,ml_mutation,absent,e0a6b94b8f2b9b9768f08f571323d004b9db155990e3c60702efb7efb5a45ddd,9172,False,flustered,flustered;stammer;stutter,False,16850,0.4,False,top500,False,1,180
ea_llm_self_adaptive_api_1384_run5_20260729_172325.json,1384,687ca57b138041dcaf89e77ab4795266,17,c5d66994b38b435697129172cd1089ba,110,m_mutation,genuine,e4b36d8390af2e37d3233b468ac3cd5cb0648fb3eb45847972d1a2f9cb7a9139,9671,False,discomfort,discomfort;slip;misstep,False,9093,0.4,False,top500,False,1,181
ea_llm_self_adaptive_api_1384_run5_20260729_172325.json,1384,687ca57b138041dcaf89e77ab4795266,17,c5d66994b38b435697129172cd1089ba,110,m_mutation,wrong,fd4d00d8ff92cead3086a032516857f5222f6936c6ffd5644e2f72028fc463bc,9618,False,slip,slip;trip;error,False,1873,0.3,False,top500,False,1,153
ea_llm_self_adaptive_api_1384_run5_20260729_172325.json,1384,687ca57b138041dcaf89e77ab4795266,17,c5d66994b38b435697129172cd1089ba,110,m_mutation,filler,e25581329c95e468bf04da01fb2737f3b6e7f806861b9318e911f21bb4fb5575,9652,False,slip,slip;blunder;gaffe,False,1873,0.4,False,top500,False,1,157
ea_llm_self_adaptive_api_1384_run5_20260729_172325.json,1384,687ca57b138041dcaf89e77ab4795266,17,c5d66994b38b435697129172cd1089ba,110,m_mutation,absent,8a3bcd4f7d3c199901593cca0039636aa1f827e5039640900369194d097758a4,9387,False,stutter,stutter;stunned;shyness,False,15010,0.3,False,top500,False,1,147
ea_llm_self_adaptive_api_1384_run5_20260729_172325.json,1384,0daba85999af418893cd0f151a4ac660,18,c5d66994b38b435697129172cd1089ba,110,s_mutation,genuine,e4a5855f31707c1aeab01e89278728e22c504086e1c133cec2792e9a9018171d,9790,False,ashamed,ashamed;mortified;humiliated,False,1035,0.8,False,top100,False,1,170
ea_llm_self_adaptive_api_1384_run5_20260729_172325.json,1384,0daba85999af418893cd0f151a4ac660,18,c5d66994b38b435697129172cd1089ba,110,s_mutation,wrong,cfb21a0c0e63da744b46e6c5cf5136d0457fd6368dec83078cb5a7e102434c1d,9742,False,mortified,mortified;abashed;crushed,False,11306,0.7,False,top100,False,1,126
ea_llm_self_adaptive_api_1384_run5_20260729_172325.json,1384,0daba85999af418893cd0f151a4ac660,18,c5d66994b38b435697129172cd1089ba,110,s_mutation,filler,ccc77a86af32e8d680e97d0e04b0db5fbf4aa69ac94986f8600ec55544a4b351,9771,False,flustered,flustered;awkward;shy,False,16850,0.7,False,top100,False,1,166
ea_llm_self_adaptive_api_1384_run5_20260729_172325.json,1384,0daba85999af418893cd0f151a4ac660,18,c5d66994b38b435697129172cd1089ba,110,s_mutation,absent,5bfae326647c831ed7cd1df3b1f1a4a7d377fe3b22fffe33eb56609d27e71f2e,9506,False,flustered,flustered;shamed;sheepish,False,16850,0.7,False,top500,False,1,108
ea_llm_self_adaptive_api_1384_run5_20260729_172325.json,1384,0fcdb41324ab42abacb202edf307e60d,19,c5d66994b38b435697129172cd1089ba,110,ml_mutation,genuine,55ffa3e9c638981cc6ed98527179f8d8ea5e70245d1f598fc85ddc97ddf551e6,10004,False,blush,blush;stutter;flinch,False,9995,0.7,False,top100,False,1,183
ea_llm_self_adaptive_api_1384_run5_20260729_172325.json,1384,0fcdb41324ab42abacb202edf307e60d,19,c5d66994b38b435697129172cd1089ba,110,ml_mutation,wrong,3b2fcb10da038e7ca630759d72eaa7c32d50a96b417bfce5ca76bc4663c0f06d,9951,False,public,public;group;crowd,False,1448,0.6,False,top100,False,1,140
ea_llm_self_adaptive_api_1384_run5_20260729_172325.json,1384,0fcdb41324ab42abacb202edf307e60d,19,c5d66994b38b435697129172cd1089ba,110,ml_mutation,filler,0b588f6d2172cf07dbd96d9eb84a18a1446b90c01e23d3f72aefb498595d8993,9985,False,guilt,guilt;humble;modest,False,1516,0.3,False,top500,False,1,254
ea_llm_self_adaptive_api_1384_run5_20260729_172325.json,1384,0fcdb41324ab42abacb202edf307e60d,19,c5d66994b38b435697129172cd1089ba,110,ml_mutation,absent,30b7a2b59de8d2117861f298190bcdaacf9138f3176cd906f52210ba19e58701,9720,False,shy,shy;timid;hesitant,False,1326,0.3,False,beyond,False,1,172
ea_llm_self_adaptive_api_1384_run5_20260729_172325.json,1384,1162b60df9af4d2c8715fc5edae22eb6,20,ba8acc38b7194559bfee1c27c3fcac28,73,ml_mutation,genuine,ea3a93318d874ac56e9316749d4de73cdcd3ac95e18a13e158aa3951429fe6f9,9961,False,substance,substance;matter;state,False,4883,0.3,False,top500,False,1,130
ea_llm_self_adaptive_api_1384_run5_20260729_172325.json,1384,1162b60df9af4d2c8715fc5edae22eb6,20,ba8acc38b7194559bfee1c27c3fcac28,73,ml_mutation,wrong,8456475c011ffcaee69425214562d342871e63a14e4d6fb542575c40c7b71df3,9950,False,material,material;substance;consistency,False,3270,0.2,False,beyond,False,1,133
ea_llm_self_adaptive_api_1384_run5_20260729_172325.json,1384,1162b60df9af4d2c8715fc5edae22eb6,20,ba8acc38b7194559bfee1c27c3fcac28,73,ml_mutation,filler,f46748dcde9a942c248dbf078bb780897e8a6ed80526b5483fa8461403b45787,9965,False,paint,paint;brush;canvas,False,11375,0.4,False,top500,False,1,169
ea_llm_self_adaptive_api_1384_run5_20260729_172325.json,1384,1162b60df9af4d2c8715fc5edae22eb6,20,ba8acc38b7194559bfee1c27c3fcac28,73,ml_mutation,absent,555b20b1896cde700884f62702f71821fc0b34ca0e9e65854769c476cff7c704,9700,False,mood,mood;tone;style,False,4180,0.6,False,top100,False,1,147
ea_llm_self_adaptive_api_1384_run5_20260729_172325.json,1384,ec6af9b576f34a43904defd927c1f193,21,ba8acc38b7194559bfee1c27c3fcac28,73,ml_mutation,genuine,90896ebb960cce8effdc7bfc39105e965bc610dfa44e6ce7d46d7f1b117ba1f6,10205,False,mode,mode;style;path,False,12338,0.5,False,top500,False,1,172
ea_llm_self_adaptive_api_1384_run5_20260729_172325.json,1384,ec6af9b576f34a43904defd927c1f193,21,ba8acc38b7194559bfee1c27c3fcac28,73,ml_mutation,wrong,d138d17d3dd7d9f7714f28d3ae715e4097fc9440e0eed1763fab27e82b2e8467,10177,False,texture,texture;density;viscosity,False,26212,0.4,False,top500,False,1,112
ea_llm_self_adaptive_api_1384_run5_20260729_172325.json,1384,ec6af9b576f34a43904defd927c1f193,21,ba8acc38b7194559bfee1c27c3fcac28,73,ml_mutation,filler,6bd3c0c6db9d7a94d7c7ba7aa4adec262493b6f6862e849e80b4a7389fdb35c8,10209,False,texture,texture;quality;form,False,26212,0.3,False,beyond,False,1,136
ea_llm_self_adaptive_api_1384_run5_20260729_172325.json,1384,ec6af9b576f34a43904defd927c1f193,21,ba8acc38b7194559bfee1c27c3fcac28,73,ml_mutation,absent,9baa82c0a84ceeaa2bd228841091629395427e13dd40ecebb42a5814db663814,9944,False,material,material;substance;texture,False,3270,0.2,False,beyond,False,1,141
ea_llm_self_adaptive_api_1384_run5_20260729_172325.json,1384,adc8a1acbbf8409b949e5ea3f0ec76d8,5,3b2862a89c1a4534a1b038d833cd7777,70,l_mutation,genuine,499cf1f304b43d87318376d713eba3493cd92cf5a65c4353406b7d5fafd2b3ee,5222,False,pulse,pulse;resonance;frequency,False,7545,0.25,False,top500,False,1,154
ea_llm_self_adaptive_api_1384_run5_20260729_172325.json,1384,adc8a1acbbf8409b949e5ea3f0ec76d8,5,3b2862a89c1a4534a1b038d833cd7777,70,l_mutation,wrong,68918be4eb385fdcd4347660c9e1e49030b9da63452f3b0df52328387bd21ce6,5139,False,dimension,dimension;form;structure,False,16286,0.3,False,beyond,False,1,148
ea_llm_self_adaptive_api_1384_run5_20260729_172325.json,1384,adc8a1acbbf8409b949e5ea3f0ec76d8,5,3b2862a89c1a4534a1b038d833cd7777,70,l_mutation,filler,f8e795c07fe3884a134ea46d62a9f934c3a3735a4ce86dbedf2addad388fe41e,5184,False,radiation,radiation;emission;pulse,False,24638,0.2,False,beyond,False,1,153
ea_llm_self_adaptive_api_1384_run5_20260729_172325.json,1384,adc8a1acbbf8409b949e5ea3f0ec76d8,5,3b2862a89c1a4534a1b038d833cd7777,70,l_mutation,absent,f5af923741833a437964618e7d459d4d3cc35f1a042d10e74baf48e2175ef83a,4919,False,radiation,radiation;energy;wave,False,24638,0.4,False,top500,False,1,100
ea_llm_self_adaptive_api_1384_run5_20260729_172325.json,1384,8a1f1ae468da4ed79f3948bfa981dd4f,6,ba8acc38b7194559bfee1c27c3fcac28,146,m_mutation,genuine,140dac1421712b6c39fc8590b2ce007ded5213fddabba1fc22e2d20ecf268a68,5580,False,image,image;view;painting,False,422,0.6,False,top500,False,1,127
ea_llm_self_adaptive_api_1384_run5_20260729_172325.json,1384,8a1f1ae468da4ed79f3948bfa981dd4f,6,ba8acc38b7194559bfee1c27c3fcac28,146,m_mutation,wrong,76adb518ef275d934fe6a279f38acda41150c50528d8bd2d9557b4a27a38a523,5552,False,lighting,lighting;props;camera,False,22889,0.4,False,top500,False,1,177
ea_llm_self_adaptive_api_1384_run5_20260729_172325.json,1384,8a1f1ae468da4ed79f3948bfa981dd4f,6,ba8acc38b7194559bfee1c27c3fcac28,146,m_mutation,filler,3517d014fb99519171e8464fb4a966fd644f5ae4702068742c7e45703d8bbc66,5584,False,view,view;image;frame,False,3120,0.4,False,top500,False,1,130
ea_llm_self_adaptive_api_1384_run5_20260729_172325.json,1384,8a1f1ae468da4ed79f3948bfa981dd4f,6,ba8acc38b7194559bfee1c27c3fcac28,146,m_mutation,absent,99489771df6941100329105632362f8ec0f782d8a8bc8c550bbfc32d7624e55a,5319,False,view,view;image;aspect,False,3120,0.5,False,top500,False,1,156
ea_llm_self_adaptive_api_1384_run5_20260729_172325.json,1384,3ea1f68f064e4006a41631eaaa0c07cf,7,d56afff95c384344ba60e688b0715f09,170,m_mutation,genuine,79bb7c3db4b48a854881bb1b781ce64e1a2ef6220c0ee919bb977d1a7f05f782,5964,False,assess,assess;critique;evaluate,False,24455,0.6,False,top100,False,1,141
ea_llm_self_adaptive_api_1384_run5_20260729_172325.json,1384,3ea1f68f064e4006a41631eaaa0c07cf,7,d56afff95c384344ba60e688b0715f09,170,m_mutation,wrong,6792cabb5d5b316d4c4092b500ec2a3c28e80a01ead7f7edc13e5b342e3a7539,5948,False,assess,assess;evaluate;appraise,False,24455,0.7,False,top500,False,1,116
ea_llm_self_adaptive_api_1384_run5_20260729_172325.json,1384,3ea1f68f064e4006a41631eaaa0c07cf,7,d56afff95c384344ba60e688b0715f09,170,m_mutation,filler,f35a9fcb798925527f1c0fb43c2dee14dbd0455254f48e8ac15bbec0627dbd20,5982,False,assess,assess;appraise;examine,False,24455,0.4,False,top500,False,1,125
ea_llm_self_adaptive_api_1384_run5_20260729_172325.json,1384,3ea1f68f064e4006a41631eaaa0c07cf,7,d56afff95c384344ba60e688b0715f09,170,m_mutation,absent,d8f5f6e83c3fb418aed42bf0e965662a5e6ce552440aea126cac098616321420,5717,False,assess,assess;evaluate;audit,False,24455,0.6,False,top500,False,1,130
