{
  "by_word": {
    "herbaceous": {
      "delta": {
        "l_mutation": {
          "frac_disaster": 0.8144329896907216,
          "frac_improve": 0.041237113402061855,
          "frac_jackpot": 0.020618556701030927,
          "max": 3.0122615755052013,
          "median": -5.0164516794176945,
          "min": -10.238190367510894,
          "n": 97,
          "q1": -7.136675713093133,
          "q3": -3.166103438370711
        },
        "m_mutation": {
          "frac_disaster": 0.7647058823529411,
          "frac_improve": 0.08235294117647059,
          "frac_jackpot": 0.023529411764705882,
          "max": 5.643678550586496,
          "median": -3.997405278370307,
          "min": -8.792473681150275,
          "n": 85,
          "q1": -5.856625545165858,
          "q3": -2.4251490221312193
        },
        "ml_mutation": {
          "frac_disaster": 0.6296296296296297,
          "frac_improve": 0.12345679012345678,
          "frac_jackpot": 0.037037037037037035,
          "max": 4.290459441148391,
          "median": -3.302864146271742,
          "min": -10.97938121651713,
          "n": 81,
          "q1": -5.860943420390326,
          "q3": -1.0989788265930027
        },
        "s_mutation": {
          "frac_disaster": 0.5617977528089888,
          "frac_improve": 0.24719101123595505,
          "frac_jackpot": 0.10112359550561797,
          "max": 4.208417018481948,
          "median": -2.639057329615259,
          "min": -9.989458805450875,
          "n": 89,
          "q1": -3.9986179079482485,
          "q3": 0.028951646415779297
        }
      },
      "survival": {
        "l_mutation": {
          "culled": 95,
          "resolved": 100,
          "sentinel_culled": 6,
          "survival_rate": 0.05,
          "survived": 5,
          "total": 109,
          "unresolvable": 9,
          "unresolvable_rate": 0.08256880733944955
        },
        "m_mutation": {
          "culled": 87,
          "resolved": 98,
          "sentinel_culled": 14,
          "survival_rate": 0.11224489795918367,
          "survived": 11,
          "total": 107,
          "unresolvable": 9,
          "unresolvable_rate": 0.08411214953271028
        },
        "ml_mutation": {
          "culled": 70,
          "resolved": 80,
          "sentinel_culled": 6,
          "survival_rate": 0.125,
          "survived": 10,
          "total": 126,
          "unresolvable": 46,
          "unresolvable_rate": 0.36507936507936506
        },
        "s_mutation": {
          "culled": 76,
          "resolved": 96,
          "sentinel_culled": 13,
          "survival_rate": 0.20833333333333334,
          "survived": 20,
          "total": 116,
          "unresolvable": 20,
          "unresolvable_rate": 0.1724137931034483
        }
      }
    },
    "notorious": {
      "delta": {
        "l_mutation": {
          "frac_disaster": 0.8627049180327869,
          "frac_improve": 0.020491803278688523,
          "frac_jackpot": 0.006147540983606557,
          "max": 3.189045624299114,
          "median": -4.660418217682361,
          "min": -11.052773151774867,
          "n": 488,
          "q1": -6.71744187225863,
          "q3": -3.267995989285565
        },
        "m_mutation": {
          "frac_disaster": 0.6530612244897959,
          "frac_improve": 0.08843537414965986,
          "frac_jackpot": 0.022675736961451247,
          "max": 4.933034048072704,
          "median": -3.357349051081533,
          "min": -10.264135427256731,
          "n": 441,
          "q1": -4.8594416218908485,
          "q3": -1.6094379124341005
        },
        "ml_mutation": {
          "frac_disaster": 0.6346153846153846,
          "frac_improve": 0.11965811965811966,
          "frac_jackpot": 0.02564102564102564,
          "max": 7.470492241401087,
          "median": -3.310750666405118,
          "min": -10.554283792555543,
          "n": 468,
          "q1": -4.938652680566731,
          "q3": -1.5316828093179584
        },
        "s_mutation": {
          "frac_disaster": 0.5544794188861986,
          "frac_improve": 0.1234866828087167,
          "frac_jackpot": 0.029055690072639227,
          "max": 4.75502594153247,
          "median": -2.496154395261531,
          "min": -8.990109242109009,
          "n": 413,
          "q1": -4.336734682453708,
          "q3": -1.1057099619286515
        }
      },
      "survival": {
        "l_mutation": {
          "culled": 535,
          "resolved": 550,
          "sentinel_culled": 70,
          "survival_rate": 0.02727272727272727,
          "survived": 15,
          "total": 599,
          "unresolvable": 49,
          "unresolvable_rate": 0.08180300500834725
        },
        "m_mutation": {
          "culled": 438,
          "resolved": 487,
          "sentinel_culled": 62,
          "survival_rate": 0.10061601642710473,
          "survived": 49,
          "total": 564,
          "unresolvable": 77,
          "unresolvable_rate": 0.13652482269503546
        },
        "ml_mutation": {
          "culled": 463,
          "resolved": 504,
          "sentinel_culled": 44,
          "survival_rate": 0.08134920634920635,
          "survived": 41,
          "total": 654,
          "unresolvable": 150,
          "unresolvable_rate": 0.22935779816513763
        },
        "s_mutation": {
          "culled": 424,
          "resolved": 475,
          "sentinel_culled": 74,
          "survival_rate": 0.10736842105263159,
          "survived": 51,
          "total": 681,
          "unresolvable": 206,
          "unresolvable_rate": 0.302496328928047
        }
      }
    },
    "superficial": {
      "delta": {
        "l_mutation": {
          "frac_disaster": 0.848531684698609,
          "frac_improve": 0.03863987635239567,
          "frac_jackpot": 0.0061823802163833074,
          "max": 5.018697941519607,
          "median": -4.750380896688355,
          "min": -10.8902330201861,
          "n": 647,
          "q1": -6.250956261883838,
          "q3": -3.265534868271441
        },
        "m_mutation": {
          "frac_disaster": 0.6911544227886057,
          "frac_improve": 0.08845577211394302,
          "frac_jackpot": 0.005997001499250375,
          "max": 3.5587436504905514,
          "median": -3.5315374127956947,
          "min": -8.812962474050638,
          "n": 667,
          "q1": -4.732034667222716,
          "q3": -1.7779389136094226
        },
        "ml_mutation": {
          "frac_disaster": 0.5367483296213809,
          "frac_improve": 0.10690423162583519,
          "frac_jackpot": 0.008908685968819599,
          "max": 5.151225051088225,
          "median": -2.5284105571303837,
          "min": -9.437572695713193,
          "n": 449,
          "q1": -4.044000096028176,
          "q3": -1.163372539317273
        },
        "s_mutation": {
          "frac_disaster": 0.5050675675675675,
          "frac_improve": 0.14189189189189189,
          "frac_jackpot": 0.010135135135135136,
          "max": 3.7159823286958016,
          "median": -2.368833721707685,
          "min": -8.790747361960587,
          "n": 592,
          "q1": -3.985720976481031,
          "q3": -0.8054570279424977
        }
      },
      "survival": {
        "l_mutation": {
          "culled": 690,
          "resolved": 724,
          "sentinel_culled": 73,
          "survival_rate": 0.04696132596685083,
          "survived": 34,
          "total": 801,
          "unresolvable": 77,
          "unresolvable_rate": 0.09612983770287141
        },
        "m_mutation": {
          "culled": 645,
          "resolved": 714,
          "sentinel_culled": 54,
          "survival_rate": 0.09663865546218488,
          "survived": 69,
          "total": 820,
          "unresolvable": 106,
          "unresolvable_rate": 0.12926829268292683
        },
        "ml_mutation": {
          "culled": 448,
          "resolved": 499,
          "sentinel_culled": 51,
          "survival_rate": 0.10220440881763528,
          "survived": 51,
          "total": 671,