trace_file,game_number,child_id,generation,parent_id,parent_rank,sampled_op,arm,prompt_sha256,prompt_chars,llm_parse_failed,proposed_word,proposed_words,proposed_word_invalid,realized_rank,predicted_closeness,predicted_closeness_clamped,predicted_bucket,self_report_parse_failed,basis_words_count,reason_chars
ea_llm_self_adaptive_api_1365_run1_20260724_172056.json,1365,9db2320a822247fe9025a59d6b433a90,2,6d7c69cf62ef4203831d6a3479b32435,145,l_mutation,genuine,40fe63a8b5002473646b5e95aad87f7a351674e1702387e751b99a68a8145d4e,3889,False,terrain,terrain;climate;water,False,49776,0.3,False,top500,False,1,122
ea_llm_self_adaptive_api_1365_run1_20260724_172056.json,1365,9db2320a822247fe9025a59d6b433a90,2,6d7c69cf62ef4203831d6a3479b32435,145,l_mutation,wrong,83c43b79f3f5ab320b65651c0ffb6af44dc0c143963336730dd4d3ab93e6daff,3890,False,weather,weather;climate;wind,False,34227,0.4,False,beyond,False,1,179
ea_llm_self_adaptive_api_1365_run1_20260724_172056.json,1365,9db2320a822247fe9025a59d6b433a90,2,6d7c69cf62ef4203831d6a3479b32435,145,l_mutation,filler,b819d9fb7e670365ab56f79f3a8105b35174a2b209550ed3893469fdcee187c8,3895,False,habitat,habitat;ecosystem;landscape,False,69344,0.3,False,top500,False,1,204
ea_llm_self_adaptive_api_1365_run1_20260724_172056.json,1365,9db2320a822247fe9025a59d6b433a90,2,6d7c69cf62ef4203831d6a3479b32435,145,l_mutation,absent,cdf33b1799892a410c72c3d18a98f96929b67197da0456b240a677ac6e0de32d,3667,False,moisture,moisture;temperature;light,False,21038,0.4,False,top500,False,1,157
ea_llm_self_adaptive_api_1365_run1_20260724_172056.json,1365,416c1dad730e4f8697319924fceeb7da,3,d7ce9a1ec088430d844356ab22eab917,30,l_mutation,genuine,248e01601184524287911472c8f5dada820c3a2f5dbda228b870abd38bec7fd5,4144,False,weave,weave;spin;twist,False,25817,0.2,False,beyond,False,1,160
ea_llm_self_adaptive_api_1365_run1_20260724_172056.json,1365,416c1dad730e4f8697319924fceeb7da,3,d7ce9a1ec088430d844356ab22eab917,30,l_mutation,wrong,64391f7bfa8e2535488e09d6ee00a4219203633ba4532102a1f1ab8676d9b47b,4148,False,press,press;flatten;squish,False,14732,0.3,False,beyond,False,1,174
ea_llm_self_adaptive_api_1365_run1_20260724_172056.json,1365,416c1dad730e4f8697319924fceeb7da,3,d7ce9a1ec088430d844356ab22eab917,30,l_mutation,filler,050bf8e7ee47977d9f8d2beca99fc92e761e51323b313f3df76d9146cab2f641,4140,False,press,press;flatten;smear,False,14732,0.3,False,top500,False,1,188
ea_llm_self_adaptive_api_1365_run1_20260724_172056.json,1365,416c1dad730e4f8697319924fceeb7da,3,d7ce9a1ec088430d844356ab22eab917,30,l_mutation,absent,ab23b9428fe70a7539771a97d9d39fb686e111431e41287e238420efe07a016f,3912,False,press,press;mold;forge,False,14732,0.3,False,top500,False,1,123
ea_llm_self_adaptive_api_1365_run1_20260724_172056.json,1365,ada6c0d84bde4d6e8fa4408d2a233bb3,4,d7ce9a1ec088430d844356ab22eab917,30,l_mutation,genuine,cabbf54e57d767cecfcab3bf274a20ae4d46aeeb76765c0699ed4b0d8892973f,4582,False,break,break;merge;flatten,False,13381,0.35,False,top500,False,1,191
ea_llm_self_adaptive_api_1365_run1_20260724_172056.json,1365,ada6c0d84bde4d6e8fa4408d2a233bb3,4,d7ce9a1ec088430d844356ab22eab917,30,l_mutation,wrong,fdc4fd22a93a15b078ee31c89c3f93ff4c01595fd91727b309a21314c3c84f50,4569,False,crush,crush;pound;form,False,460,0.5,False,top500,False,1,163
ea_llm_self_adaptive_api_1365_run1_20260724_172056.json,1365,ada6c0d84bde4d6e8fa4408d2a233bb3,4,d7ce9a1ec088430d844356ab22eab917,30,l_mutation,filler,fff88ec0983fc2d919d93942a38ee2570b2d997201682aa9eef370e53c8d14f6,4578,False,transform,transform;refine;alter,False,13731,0.4,False,top500,False,1,123
ea_llm_self_adaptive_api_1365_run1_20260724_172056.json,1365,ada6c0d84bde4d6e8fa4408d2a233bb3,4,d7ce9a1ec088430d844356ab22eab917,30,l_mutation,absent,54969232254ab8df757cc81110e8f985b63cc6bc89066355a7868314a2de8ef6,4350,False,react,react;transform;convert,False,58191,0.3,False,top500,False,1,120
ea_llm_self_adaptive_api_1365_run1_20260724_172056.json,1365,ff0887c9fcc8421fbb5fce25ef67cf66,5,662ccb8964f7434485d6b1229be4a7c3,49,ml_mutation,genuine,1f2144ca67e0326ca179ada88e49cd6f120bc541edf97c0853f07b5e163f5e39,4719,False,scrape,scrape;file;buff,False,987,0.5,False,top500,False,1,182
ea_llm_self_adaptive_api_1365_run1_20260724_172056.json,1365,ff0887c9fcc8421fbb5fce25ef67cf66,5,662ccb8964f7434485d6b1229be4a7c3,49,ml_mutation,wrong,8db54977fb6b0ef18585badaaec17894c5c747c5ae84ce81b14bf9c970a1b46e,4735,False,scrape,scrape;strip;remove,False,987,0.7,False,top100,False,1,123
ea_llm_self_adaptive_api_1365_run1_20260724_172056.json,1365,ff0887c9fcc8421fbb5fce25ef67cf66,5,662ccb8964f7434485d6b1229be4a7c3,49,ml_mutation,filler,68cbcf6ec69580ef086af81bca0a058ae9cbd8dd359e4c7ead8de1e0f664e261,4734,False,mop,mop;sweep;clean,False,3832,0.2,False,beyond,False,1,123
ea_llm_self_adaptive_api_1365_run1_20260724_172056.json,1365,ff0887c9fcc8421fbb5fce25ef67cf66,5,662ccb8964f7434485d6b1229be4a7c3,49,ml_mutation,absent,aa73b6e4e688cd89026008907089c14b772d36027f639d060152601e819f4b7b,4506,False,trim,trim;buff;file,False,589,0.6,False,top100,False,1,128
ea_llm_self_adaptive_api_1365_run1_20260724_172056.json,1365,0fac85af4c8740588e2daa6881a1c0d0,6,662ccb8964f7434485d6b1229be4a7c3,49,ml_mutation,genuine,f15fe89767892f1e6c0530f6730f69d2e4171a5e446aa57e3a40c1a9f77f8d4e,5090,False,spatula,spatula;grater;tongs,False,7216,0.4,False,top500,False,1,128
ea_llm_self_adaptive_api_1365_run1_20260724_172056.json,1365,0fac85af4c8740588e2daa6881a1c0d0,6,662ccb8964f7434485d6b1229be4a7c3,49,ml_mutation,wrong,d7cf2042f83d96750e727c14b2f6e47b6e6b9caaf25c68593da044bf021bb7a0,5106,False,scrape,scrape;remove;strip,False,987,0.3,False,top500,False,1,116
ea_llm_self_adaptive_api_1365_run1_20260724_172056.json,1365,0fac85af4c8740588e2daa6881a1c0d0,6,662ccb8964f7434485d6b1229be4a7c3,49,ml_mutation,filler,5ce38f0870e19a00f0f50bf2e794ab4dc92c28167949232cd859fb6123bdba2a,5105,False,scrape,scrape;shave;strip,False,987,0.3,False,top500,False,1,152
ea_llm_self_adaptive_api_1365_run1_20260724_172056.json,1365,0fac85af4c8740588e2daa6881a1c0d0,6,662ccb8964f7434485d6b1229be4a7c3,49,ml_mutation,absent,41f459d9488b88a2d874bf569992641d6a05dd5e688c3e45c85ef8e587312ef9,4877,False,scrape,scrape;file;buff,False,987,0.6,False,top100,False,1,159
ea_llm_self_adaptive_api_1365_run1_20260724_172056.json,1365,f3bf09e39cfe41b688b24247d449033e,7,c3b3985c37484ae9b1af2f94d5b26b6b,16,ml_mutation,genuine,f9f66d9a945b2c49c6c9a7980639b51edc2a6cb0c4d2dcabb44c55bcb327f331,5625,False,sustain,sustain;support;harbor,False,61040,0.6,False,top500,False,1,153
ea_llm_self_adaptive_api_1365_run1_20260724_172056.json,1365,f3bf09e39cfe41b688b24247d449033e,7,c3b3985c37484ae9b1af2f94d5b26b6b,16,ml_mutation,wrong,e7bb4987ac826c3439c0830289ff5ee80e5702ae40938275fe8f00c6579c3aa3,5620,False,care,care;tend;water,False,26634,0.6,False,top100,False,1,122
ea_llm_self_adaptive_api_1365_run1_20260724_172056.json,1365,f3bf09e39cfe41b688b24247d449033e,7,c3b3985c37484ae9b1af2f94d5b26b6b,16,ml_mutation,filler,3d35d79b7fe5796b5eb821b9bee7fb365d9bc1ca9a6dbd70c0349a008c5d27d1,5612,False,shoot,shoot;stamen;petal,False,847,0.5,False,top500,False,1,157
ea_llm_self_adaptive_api_1365_run1_20260724_172056.json,1365,f3bf09e39cfe41b688b24247d449033e,7,c3b3985c37484ae9b1af2f94d5b26b6b,16,ml_mutation,absent,e4ad5e069e70f1222b527dbb5753d4f12b446270d69e8cbe9001cfe9e07689ec,5384,False,shoot,shoot;root;seed,False,847,0.4,False,top500,False,1,202
ea_llm_self_adaptive_api_1365_run1_20260724_172056.json,1365,c48ca40f3f3748aa87fec4cd338607bd,8,d7ce9a1ec088430d844356ab22eab917,30,m_mutation,genuine,3721d300bc2a0cbcb772ceb02b7a187ffff7ccbad41733996acc26ec60ab9a1b,5909,False,pound,pound;strike;form,False,1082,0.3,False,beyond,False,1,131
ea_llm_self_adaptive_api_1365_run1_20260724_172056.json,1365,c48ca40f3f3748aa87fec4cd338607bd,8,d7ce9a1ec088430d844356ab22eab917,30,m_mutation,wrong,db558c9dafafab7172d0dcaf5107fe7943cb46d62a6f4747cdea017dc9a76067,5912,False,press,press;squeeze;pulverize,False,14732,0.3,False,top500,False,1,131
ea_llm_self_adaptive_api_1365_run1_20260724_172056.json,1365,c48ca40f3f3748aa87fec4cd338607bd,8,d7ce9a1ec088430d844356ab22eab917,30,m_mutation,filler,6fe4000978b9b770fa16d7a86c5c8b2d6a0b32ef2c10961a753b4e7eabe02414,5905,False,masher,masher;pestle;crusher,False,529,0.2,False,top500,False,1,139
ea_llm_self_adaptive_api_1365_run1_20260724_172056.json,1365,c48ca40f3f3748aa87fec4cd338607bd,8,d7ce9a1ec088430d844356ab22eab917,30,m_mutation,absent,87e22549d90e7992e3449f2f3761f5f48489f9e91a57dd15ba7d2f5a163bee42,5677,False,crush,crush;pound;compress,False,460,0.6,False,top100,False,1,153
ea_llm_self_adaptive_api_1365_run1_20260724_172056.json,1365,c363725650294eec8bc842d1e25caa6c,9,662ccb8964f7434485d6b1229be4a7c3,49,ml_mutation,genuine,4ea8d44972ad193e8e3de66bedb6e60b7d21eb5204c48b3f87894fe33a4e7153,6004,False,shave,shave;groom;trim,False,1163,0.2,False,beyond,False,1,114
ea_llm_self_adaptive_api_1365_run1_20260724_172056.json,1365,c363725650294eec8bc842d1e25caa6c,9,662ccb8964f7434485d6b1229be4a7c3,49,ml_mutation,wrong,e605625d9881ba6127e32c00c966dbf1d1cac318c073cfd552222d93830fdcd1,6026,False,grate,grate;shave;trim,False,79,0.6,False,top500,False,1,229
ea_llm_self_adaptive_api_1365_run1_20260724_172056.json,1365,c363725650294eec8bc842d1e25caa6c,9,662ccb8964f7434485d6b1229be4a7c3,49,ml_mutation,filler,a850981abe525a72b2133428835fc4cca6ae55330c36b215a019f6102c7a75d2,6019,False,scrape,scrape;sand;buff,False,987,0.3,False,top500,False,1,205
ea_llm_self_adaptive_api_1365_run1_20260724_172056.json,1365,c363725650294eec8bc842d1e25caa6c,9,662ccb8964f7434485d6b1229be4a7c3,49,ml_mutation,absent,20ce10c2b5721cffd590695b7da988eaf075373d489991c67c822f9f7dbbd517,5791,False,scrape,scrape;buff;polish,False,987,0.3,False,top500,False,1,170
ea_llm_self_adaptive_api_1365_run1_20260724_172056.json,1365,cc515d21046c45fab285c439aed756ea,10,6d897b6cf8b24a97bb17081c2195e314,83,l_mutation,genuine,18b71fd3ddfcdaece35e334dec73db25e8d1fd6e50003d7a68346c1ba3662153,6612,False,pressure,pressure;force;impact,False,10590,0.3,False,top500,False,1,178
ea_llm_self_adaptive_api_1365_run1_20260724_172056.json,1365,cc515d21046c45fab285c439aed756ea,10,6d897b6cf8b24a97bb17081c2195e314,83,l_mutation,wrong,153e5b1e6f3f715a58a1358e9e20a7a46dc9eae3dcdf69d685521393ec4f63f9,6575,False,transform,transform;alter;modify,False,13731,0.4,False,top500,False,1,148
ea_llm_self_adaptive_api_1365_run1_20260724_172056.json,1365,cc515d21046c45fab285c439aed756ea,10,6d897b6cf8b24a97bb17081c2195e314,83,l_mutation,filler,ed16accc91099b7272d0eef2375e32ff14504c8d4a27ad80b698876c42fa1167,6611,False,consistency,consistency;homogeneity;viscosity,False,20553,0.2,False,beyond,False,1,161
ea_llm_self_adaptive_api_1365_run1_20260724_172056.json,1365,cc515d21046c45fab285c439aed756ea,10,6d897b6cf8b24a97bb17081c2195e314,83,l_mutation,absent,f1ce5acf1d5dd5327f2f0452f0325f5436485a42184939c8ebc3df12f197bf5a,6346,False,fluid,fluid;dense;cohesive,False,64930,0.4,False,top500,False,1,175
ea_llm_self_adaptive_api_1365_run1_20260724_172056.json,1365,439b1b88d6b644b093d6272ca16a3957,11,6d897b6cf8b24a97bb17081c2195e314,83,s_mutation,genuine,241599a62f1678cbdf6394eb266f1bdf81ce1dd498dfd1aae7d16429126f0946,6651,False,liquefy,liquefy;macerate;pulverize,False,1090,0.6,False,top500,False,1,130
ea_llm_self_adaptive_api_1365_run1_20260724_172056.json,1365,439b1b88d6b644b093d6272ca16a3957,11,6d897b6cf8b24a97bb17081c2195e314,83,s_mutation,wrong,f7d5cb0893bcc2cf54bc77500ad1dfdbb3dc9eab71f37870596950c517d28722,6616,False,liquefy,liquefy;stir;mash,False,1090,0.4,False,top500,False,1,145
ea_llm_self_adaptive_api_1365_run1_20260724_172056.json,1365,439b1b88d6b644b093d6272ca16a3957,11,6d897b6cf8b24a97bb17081c2195e314,83,s_mutation,filler,3cfd98be63822b97e92ef98f03907455ef90d70805c1777f8b8e0a590362adae,6650,False,mash,mash;liquefy;pulp,False,30,0.6,False,top500,False,1,121
ea_llm_self_adaptive_api_1365_run1_20260724_172056.json,1365,439b1b88d6b644b093d6272ca16a3957,11,6d897b6cf8b24a97bb17081c2195e314,83,s_mutation,absent,c97ae7df07a8d729db67bd9ace58e554860ece651a5615da94da5d6381612966,6385,False,pulp,pulp;smash;whisk,False,1378,0.7,False,top100,False,1,98
ea_llm_self_adaptive_api_1365_run1_20260724_172056.json,1365,eccb39b41f4941438948eb2c0a1729fd,12,1fcea88789ca4436943fd5c29cdc8592,39,m_mutation,genuine,8f330bf72c49b2072a5c414912863b166441b554ab14e547b8718d97fd97e4b3,6842,False,split,split;mash;grind,False,20388,0.3,False,top500,False,1,179
ea_llm_self_adaptive_api_1365_run1_20260724_172056.json,1365,eccb39b41f4941438948eb2c0a1729fd,12,1fcea88789ca4436943fd5c29cdc8592,39,m_mutation,wrong,c60fcb67604408a74231dc3878717e1a5c8b8399a5e751e5a9c14ca34b49689a,6832,False,sphere,sphere;round;small,False,55124,0.4,False,top500,False,1,155
ea_llm_self_adaptive_api_1365_run1_20260724_172056.json,1365,eccb39b41f4941438948eb2c0a1729fd,12,1fcea88789ca4436943fd5c29cdc8592,39,m_mutation,filler,f65777e87db5ee193f9261d71c4abaa35936d7f218662aa2100bc3649b637d4b,6854,False,sphere,sphere;round;ball,False,55124,0.3,False,beyond,False,1,60
ea_llm_self_adaptive_api_1365_run1_20260724_172056.json,1365,eccb39b41f4941438948eb2c0a1729fd,12,1fcea88789ca4436943fd5c29cdc8592,39,m_mutation,absent,3a50b1ef5fa62093abad67413b5374d6b12f01c38d9488ed96641a8fab937bf5,6589,False,pod,pod;capsule;sheath,False,995,0.4,False,top500,False,1,118
ea_llm_self_adaptive_api_1365_run1_20260724_172056.json,1365,19af3acc088243108815ff901f9a3e04,13,1fcea88789ca4436943fd5c29cdc8592,39,s_mutation,genuine,46837bbb351ea3b1ea9185bc45dc94232b594984c56616ed1bc75fa1d0281feb,7039,False,lentil,lentil;fava;lupin,False,40,0.75,False,top100,False,1,153
ea_llm_self_adaptive_api_1365_run1_20260724_172056.json,1365,19af3acc088243108815ff901f9a3e04,13,1fcea88789ca4436943fd5c29cdc8592,39,s_mutation,wrong,662c3e69c55e05ba221ff242683cdcdcb960d394b075e224ee533502e44540fe,7044,False,gram,gram;split;navy,False,2748,0.3,False,top500,False,1,113
ea_llm_self_adaptive_api_1365_run1_20260724_172056.json,1365,19af3acc088243108815ff901f9a3e04,13,1fcea88789ca4436943fd5c29cdc8592,39,s_mutation,filler,3d391c8fd4fb0f2f8b9691381b9e7364189068e79846f9a9563a6645d7c43a20,7051,False,split,split;broad;green,False,20388,0.7,False,top100,False,1,150
ea_llm_self_adaptive_api_1365_run1_20260724_172056.json,1365,19af3acc088243108815ff901f9a3e04,13,1fcea88789ca4436943fd5c29cdc8592,39,s_mutation,absent,365d1a6f6a4cedc0a2771c923d7761dfecba3b13c72549fb991990bb06a815a1,6786,False,fava,fava;cowpea;horsebean,False,179,0.7,False,top100,False,1,123
ea_llm_self_adaptive_api_1365_run1_20260724_172056.json,1365,6ce4ec3493054bd98e01d029b2b09bc5,14,662ccb8964f7434485d6b1229be4a7c3,49,s_mutation,genuine,5eff7744728ad037482d0357a498bbf7dfd63a744122c52c71a9ccdd5868c515,7348,False,shave,shave;scrape;scour,False,1163,0.7,False,top500,False,1,120
ea_llm_self_adaptive_api_1365_run1_20260724_172056.json,1365,6ce4ec3493054bd98e01d029b2b09bc5,14,662ccb8964f7434485d6b1229be4a7c3,49,s_mutation,wrong,7a8a0566b79c36f1b48342e018a7f407b1177bb6d2c8693405f959203f297c3a,7370,False,shave,shave;scrape;pare,False,1163,0.6,False,top500,False,1,100
ea_llm_self_adaptive_api_1365_run1_20260724_172056.json,1365,6ce4ec3493054bd98e01d029b2b09bc5,14,662ccb8964f7434485d6b1229be4a7c3,49,s_mutation,filler,4557ec4e8958d171d41050613453c3b00528c638fb94781399c1131d2d8ede08,7363,False,scrape,scrape;shave;pare,False,987,0.6,False,top500,False,1,117
ea_llm_self_adaptive_api_1365_run1_20260724_172056.json,1365,6ce4ec3493054bd98e01d029b2b09bc5,14,662ccb8964f7434485d6b1229be4a7c3,49,s_mutation,absent,7574627f62d21054ca21b7079007ebcb6d62f415f30a2c4480434b9664dd5a1d,7135,False,shave,shave;scrape;trim,False,1163,0.6,False,top500,False,1,166
ea_llm_self_adaptive_api_1365_run1_20260724_172056.json,1365,1b9221f5337a4fe78501dcc348f82b91,15,4ad96991f3644d45b1622efeecb11258,45,l_mutation,genuine,38a057e09bb597abea964f731c4ffac7dec1155d15715d9d16fd504acb3e91cc,7763,False,oil,oil;extract;resin,False,1643,0.2,False,beyond,False,1,179
ea_llm_self_adaptive_api_1365_run1_20260724_172056.json,1365,1b9221f5337a4fe78501dcc348f82b91,15,4ad96991f3644d45b1622efeecb11258,45,l_mutation,wrong,1a978a8018bf199886b88ee2e71754530b958fa1d2b041ce2ea5fe368a2558e5,7738,False,extract,extract;solvent;resin,False,1726,0.3,False,top500,False,1,234
ea_llm_self_adaptive_api_1365_run1_20260724_172056.json,1365,1b9221f5337a4fe78501dcc348f82b91,15,4ad96991f3644d45b1622efeecb11258,45,l_mutation,filler,85603db62f1f9ad8d389970fd3f95f7cc4d34c055ca5667c587ef43865e0075e,7768,False,pepper,pepper;pungent;heat,False,100,0.3,False,top500,False,1,158
ea_llm_self_adaptive_api_1365_run1_20260724_172056.json,1365,1b9221f5337a4fe78501dcc348f82b91,15,4ad96991f3644d45b1622efeecb11258,45,l_mutation,absent,cb62c5a29456361abf40e6503372bbf417b293d988a428c6648e124e204e46b3,7503,False,oil,oil;resin;paint,False,1643,0.2,False,beyond,False,1,199
ea_llm_self_adaptive_api_1365_run1_20260724_172056.json,1365,7be006ccc73844f19914b5ea813b6785,16,6d897b6cf8b24a97bb17081c2195e314,83,l_mutation,genuine,5fe776a71f0cc70fc10a1052b494297558b1a20e6a87bd571fa9301e53f3a7af,8113,False,density,density;viscosity;elasticity,False,37945,0.4,False,top500,False,1,137
ea_llm_self_adaptive_api_1365_run1_20260724_172056.json,1365,7be006ccc73844f19914b5ea813b6785,16,6d897b6cf8b24a97bb17081c2195e314,83,l_mutation,wrong,dfe844c042b737bd8174a45c585b546767e4f3416a44ebc591b2484f7d815e9c,8078,False,kitchen,kitchen;oven;stove,False,11645,0.3,False,top500,False,1,172
ea_llm_self_adaptive_api_1365_run1_20260724_172056.json,1365,7be006ccc73844f19914b5ea813b6785,16,6d897b6cf8b24a97bb17081c2195e314,83,l_mutation,filler,ce5296f9ca2979917328f3a88aa7c1b8e5a6533177a7ec4fb3825bc3a73cbdc7,8112,False,fluid,fluid;solution;solvent,False,64930,0.3,False,top500,False,1,184
ea_llm_self_adaptive_api_1365_run1_20260724_172056.json,1365,7be006ccc73844f19914b5ea813b6785,16,6d897b6cf8b24a97bb17081c2195e314,83,l_mutation,absent,90c1bdc9ae0d70f2f6fcab4bc95d5d5097758c5aa920a3362025f4b89bd2989c,7847,False,mold,mold;forge;polish,False,19337,0.3,False,top500,False,1,194
ea_llm_self_adaptive_api_1365_run1_20260724_172056.json,1365,aee975a604ef4d40bb044dbe238e3383,17,c3b3985c37484ae9b1af2f94d5b26b6b,16,l_mutation,genuine,34ae51afc7cc2d48f61ff6bbfb364891bb718ef971dcdcd58823a81699332723,8244,False,moisture,moisture;sunlight;temperature,False,21038,0.3,False,top500,False,1,131
ea_llm_self_adaptive_api_1365_run1_20260724_172056.json,1365,aee975a604ef4d40bb044dbe238e3383,17,c3b3985c37484ae9b1af2f94d5b26b6b,16,l_mutation,wrong,479060b16cb1a4602684b87e47ba8bb5c7556eb4d6bbab7d44e0dfec1c84147d,8216,False,phenomenon,phenomenon;natural;event,False,51896,0.3,False,top500,False,1,194
ea_llm_self_adaptive_api_1365_run1_20260724_172056.json,1365,aee975a604ef4d40bb044dbe238e3383,17,c3b3985c37484ae9b1af2f94d5b26b6b,16,l_mutation,filler,ba9810c51dbc4293ec6cf42fd7356aa8cf81ca14d66e052356d4f8ba61b745c6,8231,False,plateau,plateau;valley;basin,False,18584,0.3,False,beyond,False,1,143
ea_llm_self_adaptive_api_1365_run1_20260724_172056.json,1365,aee975a604ef4d40bb044dbe238e3383,17,c3b3985c37484ae9b1af2f94d5b26b6b,16,l_mutation,absent,42d9ffbe2ee64bc5bc919ab69922172da28d0a05342f02d2b7ad1f1967a2986b,8003,False,geography,geography;feature;landform,False,28481,0.2,False,beyond,False,1,150
ea_llm_self_adaptive_api_1365_run1_20260724_172056.json,1365,6fa19a4a035f4e47896859321beb15ff,18,6d897b6cf8b24a97bb17081c2195e314,83,ml_mutation,genuine,0a4975def156034680c51195cac0e3454651826638f70d79c0f3e4367376ac43,8432,False,mushy,mushy;coarse;moist,False,355,0.6,False,top100,False,1,185
ea_llm_self_adaptive_api_1365_run1_20260724_172056.json,1365,6fa19a4a035f4e47896859321beb15ff,18,6d897b6cf8b24a97bb17081c2195e314,83,ml_mutation,wrong,5d2d4d20a7c27477a8711b500750186b016c1e92db8faf1e27be532c80f730d3,8385,False,smooth,smooth;tender;crisp,False,11504,0.4,False,top500,False,1,133
ea_llm_self_adaptive_api_1365_run1_20260724_172056.json,1365,6fa19a4a035f4e47896859321beb15ff,18,6d897b6cf8b24a97bb17081c2195e314,83,ml_mutation,filler,2283a3fa941a1b114d7bbb4dfc68c52503a6b2db0f8f83523415dd31d118a020,8431,False,smooth,smooth;gritty;chunky,False,11504,0.5,False,top100,False,1,146
ea_llm_self_adaptive_api_1365_run1_20260724_172056.json,1365,6fa19a4a035f4e47896859321beb15ff,18,6d897b6cf8b24a97bb17081c2195e314,83,ml_mutation,absent,64bd36410c6e15969685c27bffbdbdfff159529fdaa35aa73f770d060f3b4cc9,8166,False,smooth,smooth;thick;velvety,False,11504,0.6,False,top500,False,1,103
ea_llm_self_adaptive_api_1365_run1_20260724_172056.json,1365,6c46879627a143b9bcb932be9feaaf78,19,4ad96991f3644d45b1622efeecb11258,45,l_mutation,genuine,ebf97a7fa23c3000d3664fb722d4b7db2c3d301fd7ad58eb0e76c1219af0418a,8562,False,tradition,tradition;custom;ceremony,False,18482,0.3,False,beyond,False,1,177
ea_llm_self_adaptive_api_1365_run1_20260724_172056.json,1365,6c46879627a143b9bcb932be9feaaf78,19,4ad96991f3644d45b1622efeecb11258,45,l_mutation,wrong,06b781bbc121d36d17fa79b4389ff2c7f5f58c610de86799380d76541b41a81e,8535,False,textile,textile;cotton;silk,False,36542,0.2,False,beyond,False,1,186
ea_llm_self_adaptive_api_1365_run1_20260724_172056.json,1365,6c46879627a143b9bcb932be9feaaf78,19,4ad96991f3644d45b1622efeecb11258,45,l_mutation,filler,609484437e4da5a92ab05cc41b95e75801d11f08c6f0dbcd2a3ebf6a655fb1d8,8567,False,syrup,syrup;emulsion;solution,False,703,0.3,False,top500,False,1,134
ea_llm_self_adaptive_api_1365_run1_20260724_172056.json,1365,6c46879627a143b9bcb932be9feaaf78,19,4ad96991f3644d45b1622efeecb11258,45,l_mutation,absent,ee312ad3d83447546ad1cb1d73e5aa4b7db1a2fe0cab972572e1b69255ac0ce1,8302,False,agriculture,agriculture;farm;planting,False,15168,0.3,False,top500,False,1,197
ea_llm_self_adaptive_api_1365_run1_20260724_172056.json,1365,56811e8fed3242cc8c1e93a994b865ea,20,4ad96991f3644d45b1622efeecb11258,45,l_mutation,genuine,8a621f041c7b019b045b12c07aa15b6575ef928287ff2208bc1c5ea25f9adece,8924,False,storage,storage;drying;freezing,False,24013,0.3,False,top500,False,2,189
ea_llm_self_adaptive_api_1365_run1_20260724_172056.json,1365,56811e8fed3242cc8c1e93a994b865ea,20,4ad96991f3644d45b1622efeecb11258,45,l_mutation,wrong,3cfaa9479b3ecde9e13e729fc7591ea1182de508a03e45fc3c7ac318db96ef67,8888,False,extraction,extraction;distillation;sifting,False,20046,0.3,False,top500,False,1,170
ea_llm_self_adaptive_api_1365_run1_20260724_172056.json,1365,56811e8fed3242cc8c1e93a994b865ea,20,4ad96991f3644d45b1622efeecb11258,45,l_mutation,filler,e468034966a3248763b5c721fd93b7f043279076a27b9a229a713eb54942cab9,8929,False,land,land;mountain;river,False,15545,0.2,False,beyond,False,1,159
ea_llm_self_adaptive_api_1365_run1_20260724_172056.json,1365,56811e8fed3242cc8c1e93a994b865ea,20,4ad96991f3644d45b1622efeecb11258,45,l_mutation,absent,69847305c248cba55a1dc8344c6de5f7a31d1c9bdac624cc6cb631edf353bc41,8664,False,stimulant,stimulant;energizer;catalyst,False,29615,0.1,False,beyond,False,1,124
ea_llm_self_adaptive_api_1365_run1_20260724_172056.json,1365,df5534e77edb4f2b96e26650931b97e2,21,6d897b6cf8b24a97bb17081c2195e314,83,l_mutation,genuine,1d689baf7e344b9fd6b8c388fe47a0e50b78c6c3507bde28af4c03f54182be24,9312,False,kitchen,kitchen;workshop;factory,False,11645,0.3,False,top500,False,1,209
ea_llm_self_adaptive_api_1365_run1_20260724_172056.json,1365,df5534e77edb4f2b96e26650931b97e2,21,6d897b6cf8b24a97bb17081c2195e314,83,l_mutation,wrong,b0076b1f10daa6cf3c8b3c8a2d439cfbc597b6928feb17456bc32641f5f0771a,9265,False,wild,wild;natural;outdoor,False,1745,0.3,False,top500,False,1,183
ea_llm_self_adaptive_api_1365_run1_20260724_172056.json,1365,df5534e77edb4f2b96e26650931b97e2,21,6d897b6cf8b24a97bb17081c2195e314,83,l_mutation,filler,bde7bcfa315e1b105c0ce85265f0bc1ff2c418d301194c736e8cd51cf9b4816d,9311,False,viscosity,viscosity;density;fluidity,False,77822,0.2,False,beyond,False,1,203
ea_llm_self_adaptive_api_1365_run1_20260724_172056.json,1365,df5534e77edb4f2b96e26650931b97e2,21,6d897b6cf8b24a97bb17081c2195e314,83,l_mutation,absent,224b5c6b47b67e3d93ade1617b6bf38b46993246b1d40fd0de327fa96d5650cd,9046,False,environment,environment;surface;room,False,65313,0.2,False,beyond,False,1,200
ea_llm_self_adaptive_api_1365_run1_20260724_172056.json,1365,a631e2aa04894bff82e93db4572ba1f3,22,c88c282adc4449aab527e65bad83b603,32,s_mutation,genuine,8e0b46fe3d4a532d5200acfd9b0bb1ba51416daf893ce92f1b7d12f2a70b484c,9272,False,relish,relish;chutney;marmalade,False,258,0.6,False,top500,False,1,205
ea_llm_self_adaptive_api_1365_run1_20260724_172056.json,1365,a631e2aa04894bff82e93db4572ba1f3,22,c88c282adc4449aab527e65bad83b603,32,s_mutation,wrong,312fb08f34a7a3bb0005c6f6d610862a854150ad04deef6e24a30611193c4ee8,9204,False,cucumber,cucumber;relish;sour,False,19,0.4,False,top500,False,1,67
ea_llm_self_adaptive_api_1365_run1_20260724_172056.json,1365,a631e2aa04894bff82e93db4572ba1f3,22,c88c282adc4449aab527e65bad83b603,32,s_mutation,filler,79f83da38de81ac99fbfafbaae9e5cc479e593cf3bcf2bc3adb32ad6fe4c0f51,9304,False,wasabi,wasabi;tamarind;relish,False,322,0.6,False,top500,False,1,136
ea_llm_self_adaptive_api_1365_run1_20260724_172056.json,1365,a631e2aa04894bff82e93db4572ba1f3,22,c88c282adc4449aab527e65bad83b603,32,s_mutation,absent,478d52896ba27c10224e0b819a9d211c80563cf492d5c60f6fcd9386164ec2ff,8963,False,brine,brine;ferment;vinegar,False,3012,0.6,False,top500,False,1,126
ea_llm_self_adaptive_api_1365_run1_20260724_172056.json,1365,ce191bacdad74b69a4d636b7809d8112,23,bbaaa3c745244ca48a0d0fd9f04e1eaa,4,ml_mutation,genuine,4789b30b1a3ef2b1c35bf6633e5a5b6b2e95d89326f7fdd4e55b24925228fa06,9369,False,kimchi,kimchi;miso;tempeh,False,110,0.7,False,top100,False,3,159
ea_llm_self_adaptive_api_1365_run1_20260724_172056.json,1365,ce191bacdad74b69a4d636b7809d8112,23,bbaaa3c745244ca48a0d0fd9f04e1eaa,4,ml_mutation,wrong,48af74aa427e73e99aedd054b26d4c105dd0c00653dd87fb70299de8aad56fd3,9329,False,pungent,pungent;bitter;tangy,False,601,0.7,False,top100,False,1,180
ea_llm_self_adaptive_api_1365_run1_20260724_172056.json,1365,ce191bacdad74b69a4d636b7809d8112,23,bbaaa3c745244ca48a0d0fd9f04e1eaa,4,ml_mutation,filler,617e2b61e63f4474024cd8f322309e958c717cbea274557b8e35cd3892ffcedf,9375,False,tamarind,tamarind;sumac;saffron,False,634,0.7,False,top500,False,1,151
ea_llm_self_adaptive_api_1365_run1_20260724_172056.json,1365,ce191bacdad74b69a4d636b7809d8112,23,bbaaa3c745244ca48a0d0fd9f04e1eaa,4,ml_mutation,absent,0ade5e4a4aa436ec7295f510727699225c074b9840de3fb041527814e9453723,9110,False,pungent,pungent;tangy;zesty,False,601,0.7,False,top100,False,1,134
ea_llm_self_adaptive_api_1365_run1_20260724_172056.json,1365,22926b1003614ffca6b6992e5e0dd088,2,d7ce9a1ec088430d844356ab22eab917,44,l_mutation,genuine,b8e5f9a69afebe2d9a9b895ecfee7fbe25c813de18cbd5a4991ec9c6c6a83627,3713,False,random,random;chance;likelihood,False,57853,0.3,False,top500,False,1,180
ea_llm_self_adaptive_api_1365_run1_20260724_172056.json,1365,22926b1003614ffca6b6992e5e0dd088,2,d7ce9a1ec088430d844356ab22eab917,44,l_mutation,wrong,5b495f5752cd862f121e080bf40d3db951ded0c193cf8bbc03b6e7560fdb6dae,3712,False,cube,cube;sphere;pyramid,False,80,0.3,False,top500,False,1,131
ea_llm_self_adaptive_api_1365_run1_20260724_172056.json,1365,22926b1003614ffca6b6992e5e0dd088,2,d7ce9a1ec088430d844356ab22eab917,44,l_mutation,filler,e4cc443ea68f5723c5db84e7447607768acbfe7d1494a6ebe6fe85eb7178d2ab,3709,False,cube,cube;sphere;pyramid,False,80,0.6,False,top100,False,1,109
ea_llm_self_adaptive_api_1365_run1_20260724_172056.json,1365,22926b1003614ffca6b6992e5e0dd088,2,d7ce9a1ec088430d844356ab22eab917,44,l_mutation,absent,82904dba73054b01771677101caab8dcf24c4a55c60ded3591747d8bc651f0af,3481,False,roll,roll;outcome;random,False,1125,0.3,False,top500,False,1,101
ea_llm_self_adaptive_api_1365_run1_20260724_172056.json,1365,4454baca645e4a60ad126ac270b7ae62,3,6d897b6cf8b24a97bb17081c2195e314,90,l_mutation,genuine,81b2b67c6f1ea3d1f1c6bc081991c5475fce4a3bc33633d4b3e9d1717a21524f,4281,False,carve,carve;chisel;grind,False,836,0.2,False,beyond,False,1,197
ea_llm_self_adaptive_api_1365_run1_20260724_172056.json,1365,4454baca645e4a60ad126ac270b7ae62,3,6d897b6cf8b24a97bb17081c2195e314,90,l_mutation,wrong,7d496326ff66c79beb0100ad432d58cc3161c0e29e87fdce3f6fbeaf7568a655,4235,False,sand,sand;file;shave,False,20897,0.3,False,beyond,False,1,215
ea_llm_self_adaptive_api_1365_run1_20260724_172056.json,1365,4454baca645e4a60ad126ac270b7ae62,3,6d897b6cf8b24a97bb17081c2195e314,90,l_mutation,filler,e91faf88af4b242cc58a89177eaa864514f6ac345eb2b784a8a1a20402b7037a,4280,False,can,can;freeze;dry,True,,0.3,False,top500,False,1,135
ea_llm_self_adaptive_api_1365_run1_20260724_172056.json,1365,4454baca645e4a60ad126ac270b7ae62,3,6d897b6cf8b24a97bb17081c2195e314,90,l_mutation,absent,7845e136184476cdebf5ae466b6193329273297b669e31913e597ae6f8b3ccdf,4015,False,weave,weave;sew;embroider,False,25817,0.3,False,beyond,False,1,130
ea_llm_self_adaptive_api_1365_run1_20260724_172056.json,1365,dd12e5fe4691445d9b14f0dcac099c23,4,c3b3985c37484ae9b1af2f94d5b26b6b,16,s_mutation,genuine,b06e99a1cb8158ae0f0e84eb93001675b7d8ee3c672df0e86bd78aebc987d372,4338,False,emerge,emerge;unfurl;burst,False,29522,0.6,False,top500,False,1,151
ea_llm_self_adaptive_api_1365_run1_20260724_172056.json,1365,dd12e5fe4691445d9b14f0dcac099c23,4,c3b3985c37484ae9b1af2f94d5b26b6b,16,s_mutation,wrong,ebf9dc76aeaeedd892851fb8cb2439f21de198a4a5ab5596d1aa544f698b2277,4328,False,emerge,emerge;shoot;unfurl,False,29522,0.8,False,top500,False,1,147
ea_llm_self_adaptive_api_1365_run1_20260724_172056.json,1365,dd12e5fe4691445d9b14f0dcac099c23,4,c3b3985c37484ae9b1af2f94d5b26b6b,16,s_mutation,filler,15f30bba522d87821c89ef53543426c96258c1a907ea6ce057e66c9aa7f4f031,4325,False,emerge,emerge;shoot;unfurl,False,29522,0.7,False,top100,False,1,114
ea_llm_self_adaptive_api_1365_run1_20260724_172056.json,1365,dd12e5fe4691445d9b14f0dcac099c23,4,c3b3985c37484ae9b1af2f94d5b26b6b,16,s_mutation,absent,30f362ae958277f29c931909a4eb388ec494ff417fa89dfce4954f7ab9b8ac15,4097,False,shoot,shoot;emerge;appear,False,847,0.7,False,top500,False,1,104
ea_llm_self_adaptive_api_1365_run1_20260724_172056.json,1365,bc2f1d9f02514ef9970b08a7c0a9829a,5,d7ce9a1ec088430d844356ab22eab917,30,ml_mutation,genuine,ae22d31573d1803b0cc95dce5ad14aea1b93adb20bb21ce11f906a514ca89884,4807,False,crush,crush;pound;split,False,460,0.6,False,top500,False,1,151
ea_llm_self_adaptive_api_1365_run1_20260724_172056.json,1365,bc2f1d9f02514ef9970b08a7c0a9829a,5,d7ce9a1ec088430d844356ab22eab917,30,ml_mutation,wrong,52184508a4add60c7378d1db34895cf1625d3b1be49aeb0eb29e9176b24ba6cf,4794,False,forge,forge;grind;mold,False,19597,0.6,False,top500,False,1,141
ea_llm_self_adaptive_api_1365_run1_20260724_172056.json,1365,bc2f1d9f02514ef9970b08a7c0a9829a,5,d7ce9a1ec088430d844356ab22eab917,30,ml_mutation,filler,62c559b71b61559859c2f3ca3fa2736cc15363a37444e38a99cfda9581452f30,4803,False,crush,crush;tear;grind,False,460,0.7,False,top100,False,1,226
ea_llm_self_adaptive_api_1365_run1_20260724_172056.json,1365,bc2f1d9f02514ef9970b08a7c0a9829a,5,d7ce9a1ec088430d844356ab22eab917,30,ml_mutation,absent,5b85a24588fb0148587a76ed2e2a1f91ebd5ba9caa00c541c7a5955e294997bf,4575,False,grind,grind;pulverize;compress,False,2328,0.6,False,top500,False,1,204
ea_llm_self_adaptive_api_1365_run1_20260724_172056.json,1365,a93a6c1642e14e9b8aee2c2775cb808a,6,1fc3f677aeca425898866cf25dcab1b9,16,l_mutation,genuine,390564ed2cef7236f72ff3300603e8d8a0bdb069f4670d631a3968067630733c,5357,False,bacteria,bacteria;fungi;symbiosis,False,18599,0.5,False,top500,False,2,171
ea_llm_self_adaptive_api_1365_run1_20260724_172056.json,1365,a93a6c1642e14e9b8aee2c2775cb808a,6,1fc3f677aeca425898866cf25dcab1b9,16,l_mutation,wrong,88cc45b642e4edfc9f1974d9330e9f494e2d2be92a9e67dc25d97c69bdef85a8,5325,False,medium,medium;light;temperature,False,1663,0.3,False,top500,False,1,116
ea_llm_self_adaptive_api_1365_run1_20260724_172056.json,1365,a93a6c1642e14e9b8aee2c2775cb808a,6,1fc3f677aeca425898866cf25dcab1b9,16,l_mutation,filler,4695362521841486766ca855e6b797ec68eb22c9db4426d107954f2fd06c979f,5336,False,climate,climate;sunlight;water,False,38694,0.3,False,top500,False,1,144
ea_llm_self_adaptive_api_1365_run1_20260724_172056.json,1365,a93a6c1642e14e9b8aee2c2775cb808a,6,1fc3f677aeca425898866cf25dcab1b9,16,l_mutation,absent,b355f9d712aa4e9426c563393aaa324b742e58523071b5cf29aa220ac37ed7d5,5071,False,medium,medium;water;air,False,1663,0.3,False,top500,False,1,124
ea_llm_self_adaptive_api_1365_run1_20260724_172056.json,1365,ef01de84c0cd43e1831323472f3fc569,7,d7ce9a1ec088430d844356ab22eab917,30,s_mutation,genuine,b7ceedcd6d4ec498c1c3edba201dc42b2fbda841cf1ebe55222a0ecc00d6ff1c,5552,False,pound,pound;compress;crack,False,1082,0.6,False,top100,False,1,114
ea_llm_self_adaptive_api_1365_run1_20260724_172056.json,1365,ef01de84c0cd43e1831323472f3fc569,7,d7ce9a1ec088430d844356ab22eab917,30,s_mutation,wrong,bc1b45ac46af12d780853d6670eddb69c0754a5b1e6805197ebcbea6bdf047eb,5539,False,smash,smash;puree;squish,False,504,0.7,False,top100,False,1,127
ea_llm_self_adaptive_api_1365_run1_20260724_172056.json,1365,ef01de84c0cd43e1831323472f3fc569,7,d7ce9a1ec088430d844356ab22eab917,30,s_mutation,filler,cfc5ec7215ab3f15c6920380f7abe35db2fcbc9a00ca536c7406d2205d5d05a4,5548,False,smash,smash;crush;squish,False,504,0.7,False,top100,False,1,82
ea_llm_self_adaptive_api_1365_run1_20260724_172056.json,1365,ef01de84c0cd43e1831323472f3fc569,7,d7ce9a1ec088430d844356ab22eab917,30,s_mutation,absent,1f19b830cbdd393c005a316a1e481071eca1fc01e4f8ba5dc76993f59092a660,5320,False,smash,smash;puree;pound,False,504,0.7,False,top100,False,1,168
ea_llm_self_adaptive_api_1365_run1_20260724_172056.json,1365,9b98e9aa6c3d44c3bff211bc776411f0,8,662ccb8964f7434485d6b1229be4a7c3,49,l_mutation,genuine,239b26ddb9cafbe45c6acd43d7f7ee98e8721ed441a798aec42387ff27dcca64,5901,False,buff,buff;polish;scour,False,37837,0.3,False,top500,False,1,169
ea_llm_self_adaptive_api_1365_run1_20260724_172056.json,1365,9b98e9aa6c3d44c3bff211bc776411f0,8,662ccb8964f7434485d6b1229be4a7c3,49,l_mutation,wrong,931950e16ceb4d2098cba81898b79433cc0c4ccd37f2bf3b0ebf72780d5af4cc,5924,False,strip,strip;remove;erase,True,,0.3,False,top500,False,1,140
ea_llm_self_adaptive_api_1365_run1_20260724_172056.json,1365,9b98e9aa6c3d44c3bff211bc776411f0,8,662ccb8964f7434485d6b1229be4a7c3,49,l_mutation,filler,da616af3861a28cddc341d6582752443abc17ffeea6e2f094469fa6d470239a9,5916,False,strip,strip;shave;flake,True,,0.4,False,top500,False,1,160
ea_llm_self_adaptive_api_1365_run1_20260724_172056.json,1365,9b98e9aa6c3d44c3bff211bc776411f0,8,662ccb8964f7434485d6b1229be4a7c3,49,l_mutation,absent,8781929a467bc640b3053434f9a47868fda386d4c24e000e8a13b7a6beca2e99,5688,False,shed,shed;molt;slough,False,9764,0.3,False,top500,False,1,152
ea_llm_self_adaptive_api_1365_run1_20260724_172056.json,1365,e0987a78cedb400d9b835787b08530af,9,d7ce9a1ec088430d844356ab22eab917,30,m_mutation,genuine,21ac58aa7144190f7bb65c2c83d46c56eed3f1d9f11e2931b4299f502232a7b6,6220,False,squash,squash;pound;smush,False,37,0.3,False,top500,False,1,212
ea_llm_self_adaptive_api_1365_run1_20260724_172056.json,1365,e0987a78cedb400d9b835787b08530af,9,d7ce9a1ec088430d844356ab22eab917,30,m_mutation,wrong,c88fb0e4702d813e59cc5bc8f4ff59d1df518b7e029302591377e5a05a960460,6207,False,smash,smash;slam;pound,False,504,0.4,False,top500,False,1,141
ea_llm_self_adaptive_api_1365_run1_20260724_172056.json,1365,e0987a78cedb400d9b835787b08530af,9,d7ce9a1ec088430d844356ab22eab917,30,m_mutation,filler,6716847cfbd43f77022957ad8b593a614a4b438ff42bd3433f5ed9e93d30b37f,6216,False,flatten,flatten;pound;smash,False,2703,0.3,False,top500,False,1,126
ea_llm_self_adaptive_api_1365_run1_20260724_172056.json,1365,e0987a78cedb400d9b835787b08530af,9,d7ce9a1ec088430d844356ab22eab917,30,m_mutation,absent,bfec9b2afd61862dffb514f6a9c48ba5de4786c42399b16b950d11bad77168ca,5988,False,pulverize,pulverize;merge;smooth,False,2479,0.7,False,top100,False,1,150
ea_llm_self_adaptive_api_1365_run1_20260724_172056.json,1365,26d9757388a248b9a0431b3d1dd5e734,10,d7ce9a1ec088430d844356ab22eab917,30,s_mutation,genuine,bed0dd98d1d6bd2ca1172b138f12de154a943df5681bd3ae4134c334bbd2b4cc,6514,False,smash,smash;crush;pulverize,False,504,0.7,False,top100,False,1,114
ea_llm_self_adaptive_api_1365_run1_20260724_172056.json,1365,26d9757388a248b9a0431b3d1dd5e734,10,d7ce9a1ec088430d844356ab22eab917,30,s_mutation,wrong,7c4bdd3f8b8495a7c3539ba0703447d2b3c242f47f4dba59cdf8d6aa87529bff,6495,False,crush,crush;smash;mince,False,460,0.6,False,top500,False,1,107
ea_llm_self_adaptive_api_1365_run1_20260724_172056.json,1365,26d9757388a248b9a0431b3d1dd5e734,10,d7ce9a1ec088430d844356ab22eab917,30,s_mutation,filler,adfcb34a9711532f4546be464f26b9f4bbc4d5b3cc4b205c6df41c95c78358ee,6510,False,crush,crush;pulverize;smash,False,460,0.7,False,top100,False,1,107
ea_llm_self_adaptive_api_1365_run1_20260724_172056.json,1365,26d9757388a248b9a0431b3d1dd5e734,10,d7ce9a1ec088430d844356ab22eab917,30,s_mutation,absent,c9bfdf70019c68549b6d809eaaf52d1fbefeff9c19236edd6634e5e7ace555fc,6282,False,smash,smash;smush;squish,False,504,0.7,False,top500,False,1,130
ea_llm_self_adaptive_api_1365_run1_20260724_172056.json,1365,fe2c70b92b5740aaa8a27bd3a476c66c,11,c3b3985c37484ae9b1af2f94d5b26b6b,16,l_mutation,genuine,e36549691472a46b33adf5936b48f4c7d8dc7ad4f81876c7240285908ec1a30e,6721,False,phenomenon,phenomenon;event;occurrence,False,51896,0.3,False,top500,False,1,114
ea_llm_self_adaptive_api_1365_run1_20260724_172056.json,1365,fe2c70b92b5740aaa8a27bd3a476c66c,11,c3b3985c37484ae9b1af2f94d5b26b6b,16,l_mutation,wrong,07175eea92ee9ac91881eda74dfd9b51472a4d73f04a4a69a1f490cb51470f37,6711,False,slope,slope;valley;ridge,True,,0.3,False,top500,False,1,161
ea_llm_self_adaptive_api_1365_run1_20260724_172056.json,1365,fe2c70b92b5740aaa8a27bd3a476c66c,11,c3b3985c37484ae9b1af2f94d5b26b6b,16,l_mutation,filler,7ddc9a8f03700dbbb5c9544e82b80fd7bdf119fc832c5cdb9ada35692632091d,6708,False,ridge,ridge;valley;plain,False,3187,0.3,False,top500,False,1,157
ea_llm_self_adaptive_api_1365_run1_20260724_172056.json,1365,fe2c70b92b5740aaa8a27bd3a476c66c,11,c3b3985c37484ae9b1af2f94d5b26b6b,16,l_mutation,absent,6ffc3b388838557431c652d13f366d1453ffd2831c30be99679a5979d09c2697,6480,False,habitat,habitat;region;area,False,69344,0.3,False,top500,False,1,179
ea_llm_self_adaptive_api_1365_run1_20260724_172056.json,1365,3202620dd4f547f8b8ffd540fde73513,12,c3b3985c37484ae9b1af2f94d5b26b6b,16,s_mutation,genuine,7773475e402ab7cc96a48ea9ec553c1d8a5f4ab4be8ea599bacccc0d5c3ac2cc,7694,False,shoot,shoot;emerge;germinate,False,847,0.7,False,top100,False,1,161
ea_llm_self_adaptive_api_1365_run1_20260724_172056.json,1365,3202620dd4f547f8b8ffd540fde73513,12,c3b3985c37484ae9b1af2f94d5b26b6b,16,s_mutation,wrong,759140c105e6bef1ee18bfe243b0334cb420eb80c64b59f938026d53c0396b3f,7688,False,shoot,shoot;emerge;rise,False,847,0.7,False,top100,False,1,114
ea_llm_self_adaptive_api_1365_run1_20260724_172056.json,1365,3202620dd4f547f8b8ffd540fde73513,12,c3b3985c37484ae9b1af2f94d5b26b6b,16,s_mutation,filler,9d706095eae6fc2ba6a980c9728daa636860841919d6724ed8069fb31221b7d3,7681,False,bud,bud;emerge;shoot,False,1100,0.8,False,top100,False,1,145
ea_llm_self_adaptive_api_1365_run1_20260724_172056.json,1365,3202620dd4f547f8b8ffd540fde73513,12,c3b3985c37484ae9b1af2f94d5b26b6b,16,s_mutation,absent,e56a3a3f37dfb8615e52b3f7a84e61baf29ef1a0a4e118254e715926b13b3fb0,7453,False,shoot,shoot;emerge;unfurl,False,847,0.7,False,top100,False,1,115
ea_llm_self_adaptive_api_1365_run1_20260724_172056.json,1365,13e4d22e9dfb43199bcdfe9791c66226,13,c3b3985c37484ae9b1af2f94d5b26b6b,16,m_mutation,genuine,5e0dbe0ffd98f983e9097690ac6856a774e56d4cd673b7d6f8a6406e8e3f7f2e,8039,False,generate,generate;spawn;rise,False,49282,0.4,False,top500,False,1,175
ea_llm_self_adaptive_api_1365_run1_20260724_172056.json,1365,13e4d22e9dfb43199bcdfe9791c66226,13,c3b3985c37484ae9b1af2f94d5b26b6b,16,m_mutation,wrong,d97ae397e737e32f687671dbd8168f593ea7c97c39073a8c2656fc59b1dc3f13,8027,False,idea,idea;concept;thought,False,10187,0.2,False,beyond,False,1,151
ea_llm_self_adaptive_api_1365_run1_20260724_172056.json,1365,13e4d22e9dfb43199bcdfe9791c66226,13,c3b3985c37484ae9b1af2f94d5b26b6b,16,m_mutation,filler,9df93c3be5fe21cadaa2b0aa58dd954a4f1f58b99a82df29316385d90ac37170,8026,False,launch,launch;introduce;activate,False,20271,0.4,False,top500,False,1,127
ea_llm_self_adaptive_api_1365_run1_20260724_172056.json,1365,13e4d22e9dfb43199bcdfe9791c66226,13,c3b3985c37484ae9b1af2f94d5b26b6b,16,m_mutation,absent,cd59d98236d37490c0eb6dd870752aa037d81fef335d0bcc5c61c04f89086d66,7798,False,surface,surface;rise;awaken,False,46799,0.4,False,top500,False,3,172
ea_llm_self_adaptive_api_1365_run1_20260724_172056.json,1365,321e15d16d574488be8af83eefef6e25,14,c3b3985c37484ae9b1af2f94d5b26b6b,16,ml_mutation,genuine,17d88ce35abec4ab29de93637d42e7b8fe2a973b0071a5e05f4592bb0c6a3477,8268,False,humidity,humidity;temperature;climate,False,37484,0.3,False,top100,False,1,125
ea_llm_self_adaptive_api_1365_run1_20260724_172056.json,1365,321e15d16d574488be8af83eefef6e25,14,c3b3985c37484ae9b1af2f94d5b26b6b,16,ml_mutation,wrong,01fc35be00970774379d93776408da966ff24504a4455b91160449c544604015,8258,False,vibrant,vibrant;luscious;resilient,False,36946,0.3,False,top500,False,1,200
ea_llm_self_adaptive_api_1365_run1_20260724_172056.json,1365,321e15d16d574488be8af83eefef6e25,14,c3b3985c37484ae9b1af2f94d5b26b6b,16,ml_mutation,filler,4368bae9400dd289f7aafa1af2674d79e2e88623b9c511d10f9c96ccf96cf8c6,8255,False,expand,expand;differentiate;adapt,False,55929,0.7,False,top100,False,1,160
ea_llm_self_adaptive_api_1365_run1_20260724_172056.json,1365,321e15d16d574488be8af83eefef6e25,14,c3b3985c37484ae9b1af2f94d5b26b6b,16,ml_mutation,absent,8f600fa1f8d177c91af8597e77da80a44a728f225400abbc2771ec8357f40b8f,8027,False,taxon,taxon;genus;species,True,,0.3,False,beyond,False,1,176
ea_llm_self_adaptive_api_1365_run1_20260724_172056.json,1365,cbcbf3b50bec44f9b99d5dead866be77,15,1fcea88789ca4436943fd5c29cdc8592,39,m_mutation,genuine,90e0bce8ac100142d620d1bf147e15365973eb301697d692ebcca593c2535cb9,7712,False,symbol,symbol;emblem;crest,False,32368,0.3,False,top500,False,1,132
ea_llm_self_adaptive_api_1365_run1_20260724_172056.json,1365,cbcbf3b50bec44f9b99d5dead866be77,15,1fcea88789ca4436943fd5c29cdc8592,39,m_mutation,wrong,aa15057e6544f429a87ad0e441a695072ab2afce33871fbf916b085472524563,7717,False,pod,pod;seed;nut,False,995,0.5,False,top500,False,1,131
ea_llm_self_adaptive_api_1365_run1_20260724_172056.json,1365,cbcbf3b50bec44f9b99d5dead866be77,15,1fcea88789ca4436943fd5c29cdc8592,39,m_mutation,filler,5459c974db5b2f0217a6018a88d8e7a7e294984660c5141def20acadb215f5cc,7724,False,soup,soup;flour;dye,False,148,0.5,False,top500,False,1,119
ea_llm_self_adaptive_api_1365_run1_20260724_172056.json,1365,cbcbf3b50bec44f9b99d5dead866be77,15,1fcea88789ca4436943fd5c29cdc8592,39,m_mutation,absent,ff5a41ad00ebcd12e2529722b66e9b75e166adfc30a9882b1f8f080ec01a1fb2,7459,False,protein,protein;grind;soup,False,21418,0.4,False,top500,False,1,137
ea_llm_self_adaptive_api_1365_run1_20260724_172056.json,1365,f639e9713daf40dfaedfc27bb44c31d1,16,662ccb8964f7434485d6b1229be4a7c3,49,l_mutation,genuine,4fd935b56cba7a89828994a5eab29f257a06b1f1e79b08b9da66642b71c64b45,7995,False,flake,flake;blister;crack,False,431,0.3,False,top500,False,1,169
ea_llm_self_adaptive_api_1365_run1_20260724_172056.json,1365,f639e9713daf40dfaedfc27bb44c31d1,16,662ccb8964f7434485d6b1229be4a7c3,49,l_mutation,wrong,fcc9b0173a88064c59b5bc26dfa2ebca142dc3622a34d7b8167504511cf98c5d,8018,False,layer,layer;film;coating,False,4326,0.3,False,top500,False,1,164
ea_llm_self_adaptive_api_1365_run1_20260724_172056.json,1365,f639e9713daf40dfaedfc27bb44c31d1,16,662ccb8964f7434485d6b1229be4a7c3,49,l_mutation,filler,b317100d87e9ab3fd7a1435fc88739847ff3e3cd07bc53b1f438d0ec4e99fed6,8010,False,surface,surface;roughness;shine,False,46799,0.3,False,top500,False,1,163
ea_llm_self_adaptive_api_1365_run1_20260724_172056.json,1365,f639e9713daf40dfaedfc27bb44c31d1,16,662ccb8964f7434485d6b1229be4a7c3,49,l_mutation,absent,5fbcba70ca3ef08262834d2fb5629bf7043ce16f346619ec4e695066fa9e1bd1,7782,False,surface,surface;layer;modify,False,46799,0.4,False,top500,False,1,161
ea_llm_self_adaptive_api_1365_run1_20260724_172056.json,1365,181cc0ca7a784f0288dc4e13f787f0b3,17,6d897b6cf8b24a97bb17081c2195e314,83,l_mutation,genuine,0ef973d73e8e5000b30d965f3074b8f72457d74e6007259aac555831b3460b9a,8334,False,viscosity,viscosity;elasticity;toughness,False,77822,0.3,False,top500,False,1,159
ea_llm_self_adaptive_api_1365_run1_20260724_172056.json,1365,181cc0ca7a784f0288dc4e13f787f0b3,17,6d897b6cf8b24a97bb17081c2195e314,83,l_mutation,wrong,82730256dbbdd487e0d14065bf60475f67ccaf5c47a3a0c000e6f9026361271c,8288,False,liquefy,liquefy;flow;drip,False,1090,0.4,False,top500,False,1,221
ea_llm_self_adaptive_api_1365_run1_20260724_172056.json,1365,181cc0ca7a784f0288dc4e13f787f0b3,17,6d897b6cf8b24a97bb17081c2195e314,83,l_mutation,filler,872481117990a9ee1dfbd6d1ae9a6e6b1244ebf84dfd8eee772202bb01082c90,8333,False,hardness,hardness;smoothness;density,False,44076,0.6,False,top500,False,1,180
ea_llm_self_adaptive_api_1365_run1_20260724_172056.json,1365,181cc0ca7a784f0288dc4e13f787f0b3,17,6d897b6cf8b24a97bb17081c2195e314,83,l_mutation,absent,8f38fc83e28aacae70121395aeab81e8a5b4898ade9bfe120b02512c9c7f49bc,8068,False,store,store;freeze;can,False,4457,0.4,False,top500,False,1,139
ea_llm_self_adaptive_api_1365_run1_20260724_172056.json,1365,614a32fc45bb47d8a8f73e38e7354cef,18,c3b3985c37484ae9b1af2f94d5b26b6b,16,ml_mutation,genuine,78c3d77b9df161c06635afaf58e84d5711eaff3240f25b4f494b9b0c7df6834c,10780,False,form,form;texture;shape,False,25579,0.6,False,top500,False,1,119
ea_llm_self_adaptive_api_1365_run1_20260724_172056.json,1365,614a32fc45bb47d8a8f73e38e7354cef,18,c3b3985c37484ae9b1af2f94d5b26b6b,16,ml_mutation,wrong,b962eaf9aaeb691d307853a2b3f90c481bbd15f877a110c369bc8ecce30c03e7,10775,False,shoot,shoot;scape;blade,False,847,0.6,False,top500,False,1,107
ea_llm_self_adaptive_api_1365_run1_20260724_172056.json,1365,614a32fc45bb47d8a8f73e38e7354cef,18,c3b3985c37484ae9b1af2f94d5b26b6b,16,ml_mutation,filler,a570b45cdb4ffce44491f1379ef630aac91bb93a5043916aa73e2dbca6513147,10767,False,ripe,ripe;tender;crisp,False,377,0.5,False,top500,False,1,136
ea_llm_self_adaptive_api_1365_run1_20260724_172056.json,1365,614a32fc45bb47d8a8f73e38e7354cef,18,c3b3985c37484ae9b1af2f94d5b26b6b,16,ml_mutation,absent,9e8a4139bd751928406c2f7df5e61eb08af6d147b918213511bd8f0030e965dd,10539,False,sow,sow;harvest;irrigate,False,284,0.3,False,top500,False,2,173
ea_llm_self_adaptive_api_1365_run1_20260724_172056.json,1365,f6a92255eb954c159b5ba3d3b4452fd9,19,6d897b6cf8b24a97bb17081c2195e314,83,l_mutation,genuine,b01ae76eb1e5440945c84ed924ee88be85eb6683e2f14de9ee987776ee210c67,8741,False,porosity,porosity;density;smoothness,False,60166,0.3,False,top500,False,1,168
ea_llm_self_adaptive_api_1365_run1_20260724_172056.json,1365,f6a92255eb954c159b5ba3d3b4452fd9,19,6d897b6cf8b24a97bb17081c2195e314,83,l_mutation,wrong,b9455925f2474c5dedd83ecce0b54567b0cf4b70a098191015a89bf71eb9419b,8711,False,density,density;state;pressure,False,37945,0.2,False,beyond,False,1,161
ea_llm_self_adaptive_api_1365_run1_20260724_172056.json,1365,f6a92255eb954c159b5ba3d3b4452fd9,19,6d897b6cf8b24a97bb17081c2195e314,83,l_mutation,filler,0703cbd8ccc156e5b7ccee19c16bb9499a15d814e688010b20cd8e374cba10c9,8740,False,density,density;rigidity;hardness,False,37945,0.4,False,top500,False,1,185
ea_llm_self_adaptive_api_1365_run1_20260724_172056.json,1365,f6a92255eb954c159b5ba3d3b4452fd9,19,6d897b6cf8b24a97bb17081c2195e314,83,l_mutation,absent,57aa7bd8d4aada715603cc59263fedf8e6f6c05b2a7cc472ba4c1dd50bfd26f5,8475,False,reaction,reaction;compound;molecule,False,72108,0.3,False,top500,False,1,191
ea_llm_self_adaptive_api_1365_run2_20260803_180723.json,1365,21b4d2c558ea488eb9f566fcf7c34208,2,6df666919605458e81fbb3d7f9d3329b,145,m_mutation,genuine,b4ef3da51a2ef81df5b5599be5eac5a56ef5926ad5068ccb77dbefa77aad4855,3593,False,origin,origin;starter;beginning,False,29628,0.3,False,top500,False,1,120
ea_llm_self_adaptive_api_1365_run2_20260803_180723.json,1365,21b4d2c558ea488eb9f566fcf7c34208,2,6df666919605458e81fbb3d7f9d3329b,145,m_mutation,wrong,9063b739e859d0dfdc11db8dd89df37966d55468b825bbc8fed9f901c09bee6a,3612,False,start,start;origin;base,False,14209,0.6,False,top500,False,1,115
ea_llm_self_adaptive_api_1365_run2_20260803_180723.json,1365,21b4d2c558ea488eb9f566fcf7c34208,2,6df666919605458e81fbb3d7f9d3329b,145,m_mutation,filler,d8ef5480a448e1f95e73fe6d70c36ff29e90842e04341383d97553b282bf19ef,3594,False,start,start;origin;sprout,False,14209,0.4,False,top500,False,1,158
ea_llm_self_adaptive_api_1365_run2_20260803_180723.json,1365,21b4d2c558ea488eb9f566fcf7c34208,2,6df666919605458e81fbb3d7f9d3329b,145,m_mutation,absent,64f177fcc31b8e21a4832e5e12143c1f4ee7e3e4d16250c2f6a037c12ea0d34c,3366,False,storage,storage;reservoir;depot,False,24013,0.6,False,top500,False,1,183
ea_llm_self_adaptive_api_1365_run2_20260803_180723.json,1365,ad4dedc3df0b427cb22140408d391c4a,2,77116237d29147eebb151d0df8147596,663,s_mutation,genuine,a242cff052b1e550f00c64cf203df791aeeb785651519c52be012879a8e4d66d,3613,False,rime,rime;hoar;glaze,False,11822,0.6,False,top500,False,1,107
ea_llm_self_adaptive_api_1365_run2_20260803_180723.json,1365,ad4dedc3df0b427cb22140408d391c4a,2,77116237d29147eebb151d0df8147596,663,s_mutation,wrong,f42e673d8bc85c719a787ee9a57a055f4ec96875568e94fe7b31d4aa57caef6e,3596,False,icicle,icicle;rime;hoar,False,871,0.7,False,top500,False,1,153
ea_llm_self_adaptive_api_1365_run2_20260803_180723.json,1365,ad4dedc3df0b427cb22140408d391c4a,2,77116237d29147eebb151d0df8147596,663,s_mutation,filler,c264f158c17000247cfb5565ffebbfdb2227de60a88ed2767b1ce72664c284ed,3604,False,rime,rime;hoar;glaze,False,11822,0.4,False,beyond,False,1,97
ea_llm_self_adaptive_api_1365_run2_20260803_180723.json,1365,ad4dedc3df0b427cb22140408d391c4a,2,77116237d29147eebb151d0df8147596,663,s_mutation,absent,a0bb6f92bf732a39b3705fcb06002c13ddec9c3bfe4ae8aaa5bfeabdf2769fc3,3376,False,rime,rime;glaze;hoar,False,11822,0.75,False,top500,False,1,92
ea_llm_self_adaptive_api_1365_run2_20260803_180723.json,1365,3a38855dc5db40bc9c387109e8df408e,3,382442456b38406381c9772dec6fc820,49,l_mutation,genuine,1d747620021325506a5bfcb014ad0b348df830928c6ef8e8d88e67782052ba49,4189,False,texture,texture;abrasion;coating,False,4499,0.3,False,top500,False,1,161
ea_llm_self_adaptive_api_1365_run2_20260803_180723.json,1365,3a38855dc5db40bc9c387109e8df408e,3,382442456b38406381c9772dec6fc820,49,l_mutation,wrong,fdb4963b5b366b971b147b2e14c36a4bab6d16fff3db8e28d7aca8c41f6e7f8e,4160,False,coating,coating;abrasion;texture,False,42978,0.3,False,top500,False,1,93
ea_llm_self_adaptive_api_1365_run2_20260803_180723.json,1365,3a38855dc5db40bc9c387109e8df408e,3,382442456b38406381c9772dec6fc820,49,l_mutation,filler,df5ccabe58b407c321a95c04d3a04933ea87e608421d68babfc6d2a158b278b8,4179,False,sheen,sheen;gloss;shear,False,66964,0.3,False,top500,False,1,158
ea_llm_self_adaptive_api_1365_run2_20260803_180723.json,1365,3a38855dc5db40bc9c387109e8df408e,3,382442456b38406381c9772dec6fc820,49,l_mutation,absent,92c6dd0e49b4769b062276def3ba3c4583938ce35059fd2f8b1bf91e06ec4ed3,3914,False,layer,layer;cover;sheath,False,4326,0.3,False,top500,False,1,145
ea_llm_self_adaptive_api_1365_run2_20260803_180723.json,1365,1996e63754494f31bca261a7b60e267c,3,6df666919605458e81fbb3d7f9d3329b,145,l_mutation,genuine,9f578dbfdf390eaabb992ab8bb0ae5c9cf6ffed8bf1a2eaae2e758c3bef6d603,4289,False,cycle,cycle;habitat;balance,False,60318,0.6,False,top500,False,1,115
ea_llm_self_adaptive_api_1365_run2_20260803_180723.json,1365,1996e63754494f31bca261a7b60e267c,3,6df666919605458e81fbb3d7f9d3329b,145,l_mutation,wrong,b1c9a000a4c8faa21b8bba984274136d0a16a5113bcbf21a84293d7576810d17,4303,False,cycle,cycle;growth;survival,False,60318,0.2,False,beyond,False,1,143
ea_llm_self_adaptive_api_1365_run2_20260803_180723.json,1365,1996e63754494f31bca261a7b60e267c,3,6df666919605458e81fbb3d7f9d3329b,145,l_mutation,filler,873dc95d28b37fd5137e933d934288292bfcd5f57550ad7aa697de0b4ca9ea27,4290,False,germination,germination;growth;development,False,1934,0.4,False,top500,False,1,209
ea_llm_self_adaptive_api_1365_run2_20260803_180723.json,1365,1996e63754494f31bca261a7b60e267c,3,6df666919605458e81fbb3d7f9d3329b,145,l_mutation,absent,c92ff5ab910a09e90a9a225c35019bbbf1c5ef21f6cd91d1870ec3a41b991868,4062,False,ecosystem,ecosystem;habitat;resource,False,64593,0.3,False,top500,False,1,124
ea_llm_self_adaptive_api_1365_run2_20260803_180723.json,1365,aebf22a6271d43a5955ade7ef419e929,4,382442456b38406381c9772dec6fc820,49,s_mutation,genuine,29ac132e3b2f2680d04e5c318a5310c55122ed7923ca298266574597bb2a70e6,4449,False,rind,rind;skin;coat,False,360,0.6,False,top500,False,1,153
ea_llm_self_adaptive_api_1365_run2_20260803_180723.json,1365,aebf22a6271d43a5955ade7ef419e929,4,382442456b38406381c9772dec6fc820,49,s_mutation,wrong,907476d54cf3569b7edbd48822f9fd4541837882520ff32b2fa49ceabfb48279,4404,False,rind,rind;skin;membrane,False,360,0.6,False,top500,False,1,101
ea_llm_self_adaptive_api_1365_run2_20260803_180723.json,1365,aebf22a6271d43a5955ade7ef419e929,4,382442456b38406381c9772dec6fc820,49,s_mutation,filler,6ee412e0c09740279da0c99a6c47d5e55da883fe3d87c1f3c7268accbfd6eee7,4439,False,rind,rind;coat;skin,False,360,0.6,False,top500,False,1,108
ea_llm_self_adaptive_api_1365_run2_20260803_180723.json,1365,aebf22a6271d43a5955ade7ef419e929,4,382442456b38406381c9772dec6fc820,49,s_mutation,absent,fda62907370c341416a18030c324a102d6fe162c968342cd6eba9430deb7e5c5,4174,False,rind,rind;skin;coat,False,360,0.7,False,top500,False,1,104
ea_llm_self_adaptive_api_1365_run2_20260803_180723.json,1365,fa484eeac20e48498fb7d00faa406457,4,6df666919605458e81fbb3d7f9d3329b,145,s_mutation,genuine,a7c0b7652e9b099631cb65245519e43f5cd609740ba7439eba335f30f64b4dff,4435,False,pod,pod;nut;kernel,False,995,0.6,False,top500,False,1,127
ea_llm_self_adaptive_api_1365_run2_20260803_180723.json,1365,fa484eeac20e48498fb7d00faa406457,4,6df666919605458e81fbb3d7f9d3329b,145,s_mutation,wrong,36489c4fddd201b842bef161945474ba1e337e4be06e098d4202c1cf30cc04b5,4437,False,germ,germ;spore;ovule,False,1724,0.6,False,top500,False,1,104
ea_llm_self_adaptive_api_1365_run2_20260803_180723.json,1365,fa484eeac20e48498fb7d00faa406457,4,6df666919605458e81fbb3d7f9d3329b,145,s_mutation,filler,643c43aad437542e44a1ab5aedafe17f781d8b4d9c8d775aaabe94adc7d1deff,4436,False,pod,pod;kernel;pit,False,995,0.6,False,top500,False,1,172
ea_llm_self_adaptive_api_1365_run2_20260803_180723.json,1365,fa484eeac20e48498fb7d00faa406457,4,6df666919605458e81fbb3d7f9d3329b,145,s_mutation,absent,0d0083bd7e4595a92ebbf3556955046f175a4f0bc2d7dc432ffa860f4edec6b9,4208,False,germ,germ;kernel;spore,False,1724,0.6,False,top500,False,1,66
ea_llm_self_adaptive_api_1365_run2_20260803_180723.json,1365,dd758eab185b42459757c3657a49b0c3,4,96a7b54e71d948168828969d55ae1f9d,284,m_mutation,genuine,ed662fdc7f2acf25f1912c05fd99661587cadbc4b78f6db0f9eac7b06fd51ec5,4636,False,scatter,scatter;cast;plow,False,2229,0.6,False,top500,False,1,236
ea_llm_self_adaptive_api_1365_run2_20260803_180723.json,1365,dd758eab185b42459757c3657a49b0c3,4,96a7b54e71d948168828969d55ae1f9d,284,m_mutation,wrong,5117f62df9ac0f0e0623431b473721d602f83dc760308633c23a7296bd19adfb,4564,False,scatter,scatter;distribute;disperse,False,2229,0.6,False,top500,False,1,137
ea_llm_self_adaptive_api_1365_run2_20260803_180723.json,1365,dd758eab185b42459757c3657a49b0c3,4,96a7b54e71d948168828969d55ae1f9d,284,m_mutation,filler,a4538abb52599ad5fd141273037fb353cb5547f0d4fa31e9bc0981daddd491ce,4668,False,harvest,harvest;cultivate;scatter,False,458,0.3,False,top500,False,1,137
ea_llm_self_adaptive_api_1365_run2_20260803_180723.json,1365,dd758eab185b42459757c3657a49b0c3,4,96a7b54e71d948168828969d55ae1f9d,284,m_mutation,absent,2ff19924c1d21c3031382382df96f5e0c9b622a264cbe74c618cd48686fa043c,4327,False,scatter,scatter;diffuse;propagate,False,2229,0.6,False,top500,False,1,137
ea_llm_self_adaptive_api_1365_run2_20260803_180723.json,1365,392e053821854142968f2610a624c16d,5,382442456b38406381c9772dec6fc820,49,m_mutation,genuine,3ec09d9eb6d1456f51f50fc10ce82d6f9288e79f9e71443b20b2ff0c845a7fa9,5029,False,coat,coat;shell;layer,False,11876,0.4,False,top500,False,1,177
ea_llm_self_adaptive_api_1365_run2_20260803_180723.json,1365,392e053821854142968f2610a624c16d,5,382442456b38406381c9772dec6fc820,49,m_mutation,wrong,464bd17451af4153868a9504a864d7374b9bf17d3a4ef9073defeef602026bf6,4999,False,scrape,scrape;remove;strip,False,987,0.4,False,top500,False,1,108
ea_llm_self_adaptive_api_1365_run2_20260803_180723.json,1365,392e053821854142968f2610a624c16d,5,382442456b38406381c9772dec6fc820,49,m_mutation,filler,0005cd168a536497c8c804bf8c7cf1f8e1e787af446d30525ebe2a9ab3f03445,5019,False,shave,shave;strip;scrape,False,1163,0.3,False,top500,False,1,159
ea_llm_self_adaptive_api_1365_run2_20260803_180723.json,1365,392e053821854142968f2610a624c16d,5,382442456b38406381c9772dec6fc820,49,m_mutation,absent,0a7d75708747710a60bcd5d7a622802291f3e43251c0221ed8276bfbf44d3ef2,4754,False,strip,strip;remove;layer,True,,0.6,False,top100,False,2,146
ea_llm_self_adaptive_api_1365_run2_20260803_180723.json,1365,7077b5023a3e4e3fb188a59921324171,5,6df666919605458e81fbb3d7f9d3329b,145,l_mutation,genuine,eb885a452fdaff7d994d916766ac82dc4c8ea157b06e5f1e307bf984af813391,5119,False,ecosystem,ecosystem;cycle;interaction,False,64593,0.3,False,top500,False,1,160
ea_llm_self_adaptive_api_1365_run2_20260803_180723.json,1365,7077b5023a3e4e3fb188a59921324171,5,6df666919605458e81fbb3d7f9d3329b,145,l_mutation,wrong,87d8dd16eb07afd562c110e8f4fdf96cab5b255f835f0f0511774a741b843ab2,5138,False,habitat,habitat;ecosystem;wildlife,False,69344,0.2,False,beyond,False,1,137
ea_llm_self_adaptive_api_1365_run2_20260803_180723.json,1365,7077b5023a3e4e3fb188a59921324171,5,6df666919605458e81fbb3d7f9d3329b,145,l_mutation,filler,8b56807215a51aed8a8881e36ce327de9485d491ada3e3641e2a0f112d1ff494,5120,False,sunlight,sunlight;water;nutrient,False,15427,0.3,False,top500,False,1,175
ea_llm_self_adaptive_api_1365_run2_20260803_180723.json,1365,7077b5023a3e4e3fb188a59921324171,5,6df666919605458e81fbb3d7f9d3329b,145,l_mutation,absent,317e1867562606c9b9265ecb5b7f8b3d5f4f62a2572e5dfa54635848ffaef6fe,4892,False,habitat,habitat;climate;dispersal,False,69344,0.4,False,top500,False,1,186
ea_llm_self_adaptive_api_1365_run2_20260803_180723.json,1365,dc1daf1591ab44668d728872facfef1c,5,96a7b54e71d948168828969d55ae1f9d,284,l_mutation,genuine,94883ef4b440f3b48d3897f48bdab2cdaf516c18b513cc950681e401ad72364e,5299,False,nurture,nurture;care;tend,False,24226,0.4,False,top500,False,1,167
ea_llm_self_adaptive_api_1365_run2_20260803_180723.json,1365,dc1daf1591ab44668d728872facfef1c,5,96a7b54e71d948168828969d55ae1f9d,284,l_mutation,wrong,cf55501d204465657e71321f2225a75e67188d00ccac02a10a1b1151af53c5ce,5221,False,agriculture,agriculture;land;garden,False,15168,0.4,False,top500,False,1,196
ea_llm_self_adaptive_api_1365_run2_20260803_180723.json,1365,dc1daf1591ab44668d728872facfef1c,5,96a7b54e71d948168828969d55ae1f9d,284,l_mutation,filler,3daf7722a02846c1f134328a1b33570eaca2f83d919c0958947adc4b7c28c5f0,5331,False,landscape,landscape;terrain;geography,False,8195,0.3,False,top500,False,2,185
ea_llm_self_adaptive_api_1365_run2_20260803_180723.json,1365,dc1daf1591ab44668d728872facfef1c,5,96a7b54e71d948168828969d55ae1f9d,284,l_mutation,absent,fc8211f753c0e35be061c6c7314c727be9b9325f935440b25fd0078f5368149c,4990,False,agriculture,agriculture;rotation;cycle,False,15168,0.5,False,top500,False,1,154
ea_llm_self_adaptive_api_1365_run2_20260803_180723.json,1365,beec7df609854c87ad11d36443363535,6,6df666919605458e81fbb3d7f9d3329b,145,m_mutation,genuine,fbc9453df6bae8055a0dad9dd489c862c1c8361e53d8a7a740bf0bb6a521dcff,5328,False,initiate,initiate;origin;germ,False,78793,0.6,False,top500,False,1,138
ea_llm_self_adaptive_api_1365_run2_20260803_180723.json,1365,beec7df609854c87ad11d36443363535,6,6df666919605458e81fbb3d7f9d3329b,145,m_mutation,wrong,516179329a70a93ed81565bc0e0e2c59db051e0d8cafe264f5554e337b6d7e20,5324,False,gene,gene;initiate;launch,False,42328,0.3,False,top500,False,1,183
ea_llm_self_adaptive_api_1365_run2_20260803_180723.json,1365,beec7df609854c87ad11d36443363535,6,6df666919605458e81fbb3d7f9d3329b,145,m_mutation,filler,e97aac4e749a81ba16d55eefc3077bf83040c6da95cc5bca640cb90aa3a206af,5329,False,origin,origin;source;nucleus,False,29628,0.8,False,top500,False,1,175
ea_llm_self_adaptive_api_1365_run2_20260803_180723.json,1365,beec7df609854c87ad11d36443363535,6,6df666919605458e81fbb3d7f9d3329b,145,m_mutation,absent,24c1257e64ed4edab5a863ce7d2178bd36e4b6fe31b7d9b1a6f76ed8f2d28d3f,5101,False,potential,potential;future;prosperity,False,38411,0.3,False,top500,False,1,167
ea_llm_self_adaptive_api_1365_run2_20260803_180723.json,1365,0eb6f8f9c4084a87b4f77535b079a79a,6,96a7b54e71d948168828969d55ae1f9d,284,s_mutation,genuine,ed247c17bda784e1d092687606dcba927db5a83ce69de6672ef92fe8ecfe65f6,5385,False,scatter,scatter;drop;sprinkle,False,2229,0.7,False,top500,False,1,142
ea_llm_self_adaptive_api_1365_run2_20260803_180723.json,1365,0eb6f8f9c4084a87b4f77535b079a79a,6,96a7b54e71d948168828969d55ae1f9d,284,s_mutation,wrong,566c49267786eae8d853efe5a3d0cf72a9e9df9e824182c1f558fc0f55adf2d7,5291,False,seed,seed;scatter;drop,False,145,0.6,False,top500,False,1,93
ea_llm_self_adaptive_api_1365_run2_20260803_180723.json,1365,0eb6f8f9c4084a87b4f77535b079a79a,6,96a7b54e71d948168828969d55ae1f9d,284,s_mutation,filler,e194bec5f1c23ca9859725d8dfaab328502e63b89adf9d4e54492877caf5dae6,5417,False,seed,seed;scatter;cast,False,145,0.6,False,top500,False,1,134
ea_llm_self_adaptive_api_1365_run2_20260803_180723.json,1365,0eb6f8f9c4084a87b4f77535b079a79a,6,96a7b54e71d948168828969d55ae1f9d,284,s_mutation,absent,98e12ac9158e97ab82ae40d71ee7cd433b8e02ae12979ac259b7124752003333,5076,False,scatter,scatter;spread;sow,False,2229,0.3,False,top500,False,1,145
ea_llm_self_adaptive_api_1365_run2_20260803_180723.json,1365,31c54f6c3ccf459180e6a8b8a87ad680,6,f1f430cefe354dafa92603368db2d445,319,l_mutation,genuine,baa77531c7ebc341a3fe293456c738c8d0ce0939a451888c6f47288b23d1c76c,5575,False,rotation,rotation;microbe;habitat,False,17020,0.3,False,top500,False,1,186
ea_llm_self_adaptive_api_1365_run2_20260803_180723.json,1365,31c54f6c3ccf459180e6a8b8a87ad680,6,f1f430cefe354dafa92603368db2d445,319,l_mutation,wrong,046b833f546732518bf9310c7fefdb5ac0e917342d1ad9e4973f61a3db06ad10,5569,False,microbe,microbe;interaction;ecosystem,False,9163,0.2,False,beyond,False,1,209
ea_llm_self_adaptive_api_1365_run2_20260803_180723.json,1365,31c54f6c3ccf459180e6a8b8a87ad680,6,f1f430cefe354dafa92603368db2d445,319,l_mutation,filler,2408cc0a4aa2ed7389722c4dfa9719d2c910f51b8e1e5fd698b386907aac3868,5564,False,sustainability,sustainability;cycle;system,False,45628,0.3,False,top500,False,1,149
ea_llm_self_adaptive_api_1365_run2_20260803_180723.json,1365,31c54f6c3ccf459180e6a8b8a87ad680,6,f1f430cefe354dafa92603368db2d445,319,l_mutation,absent,c0f72f39aa8b463829a91775e318e6eb9cad80e495d2782c6324ea4bfdc16ebe,5336,False,biomass,biomass;conversion;utilization,False,3570,0.35,False,top500,False,1,141
ea_llm_self_adaptive_api_1365_run2_20260803_180723.json,1365,8fb59f7fc41546b7b6d77b86e623d36f,7,6df666919605458e81fbb3d7f9d3329b,145,ml_mutation,genuine,ab1ddb46db141f5d8c75a679db8c74f8f0996d64eafbebba714b2532169c600c,5688,False,botany,botany;germinate;ovule,False,9893,0.4,False,top500,False,1,124
ea_llm_self_adaptive_api_1365_run2_20260803_180723.json,1365,8fb59f7fc41546b7b6d77b86e623d36f,7,6df666919605458e81fbb3d7f9d3329b,145,ml_mutation,wrong,e6002e047a72d3b133a84f8758dd3f16f6cdbd5231632154e37381027622f40b,5700,False,develop,develop;grow;mature,False,51615,0.3,False,top500,False,1,143
ea_llm_self_adaptive_api_1365_run2_20260803_180723.json,1365,8fb59f7fc41546b7b6d77b86e623d36f,7,6df666919605458e81fbb3d7f9d3329b,145,ml_mutation,filler,70c861091911bda762d61768b45757382de4169228e293baa35ad18aeb069338,5689,False,cutting,cutting;sowing;grafting,False,1014,0.2,False,beyond,False,1,200
ea_llm_self_adaptive_api_1365_run2_20260803_180723.json,1365,8fb59f7fc41546b7b6d77b86e623d36f,7,6df666919605458e81fbb3d7f9d3329b,145,ml_mutation,absent,04fb5ccc02224bf6f46c90f66585d4e27eac618929d809604e4223617c48753e,5461,False,germinate,germinate;pollinate;reproduce,False,461,0.4,False,top500,False,1,115
ea_llm_self_adaptive_api_1365_run2_20260803_180723.json,1365,6beab1e7a9074d1c9102d32051d19fa5,7,96a7b54e71d948168828969d55ae1f9d,284,l_mutation,genuine,30757f01e7dfabfb62c0e825188fe14dd0b243698d95886b177cec320ebd4140,5950,False,locate,locate;set;drop,False,51547,0.2,False,beyond,False,1,162
ea_llm_self_adaptive_api_1365_run2_20260803_180723.json,1365,6beab1e7a9074d1c9102d32051d19fa5,7,96a7b54e71d948168828969d55ae1f9d,284,l_mutation,wrong,2e39429d734f87f1b6a4b81fe92259f94c04b46750bb420da334bed4620f1f64,5879,False,hill,hill;ridge;slope,False,35086,0.3,False,beyond,False,2,170
ea_llm_self_adaptive_api_1365_run2_20260803_180723.json,1365,6beab1e7a9074d1c9102d32051d19fa5,7,96a7b54e71d948168828969d55ae1f9d,284,l_mutation,filler,c2e1d2b67aa63e9c4b0654a0cf5c782969245c32178a83b4f55880630b5c698c,5982,False,sun,sun;rain;wind,False,25258,0.4,False,top500,False,1,167
ea_llm_self_adaptive_api_1365_run2_20260803_180723.json,1365,6beab1e7a9074d1c9102d32051d19fa5,7,96a7b54e71d948168828969d55ae1f9d,284,l_mutation,absent,9f21e2f99b854e0324fec9b1907e11048cfb5f8d827db058d445d27568335f08,5641,False,position,position;location;site,False,57047,0.4,False,top500,False,1,160
ea_llm_self_adaptive_api_1365_run2_20260803_180723.json,1365,8563b636fbab44ff9299c0e6e90bafdd,7,f1f430cefe354dafa92603368db2d445,319,ml_mutation,genuine,26ef0600849961a8132744a9612d431bbe30ca307bd23ccf36c7c2e687ea0103,5699,False,fertility,fertility;nitrogen;fertilizer,False,12711,0.6,False,top500,False,1,170
ea_llm_self_adaptive_api_1365_run2_20260803_180723.json,1365,8563b636fbab44ff9299c0e6e90bafdd,7,f1f430cefe354dafa92603368db2d445,319,ml_mutation,wrong,4ec8e3c3c1a5448dd66acdfbdacc0d42bf86a4e69029de69128ae1ffa4619b74,5683,False,enrich,enrich;nourish;fertility,False,19246,0.6,False,top500,False,1,135
ea_llm_self_adaptive_api_1365_run2_20260803_180723.json,1365,8563b636fbab44ff9299c0e6e90bafdd,7,f1f430cefe354dafa92603368db2d445,319,ml_mutation,filler,bc64a12746f78d9b8b88ba8a7147c680546cd1b390efca9ea37f74e7e8dca513,5688,False,soil,soil;nutrient;texture,False,2402,0.5,False,top500,False,3,158
ea_llm_self_adaptive_api_1365_run2_20260803_180723.json,1365,8563b636fbab44ff9299c0e6e90bafdd,7,f1f430cefe354dafa92603368db2d445,319,ml_mutation,absent,aa552a08be5528cf62e83d151bddc414929eb7cc6e1120459ac02fc120822bd8,5460,False,biology,biology;morphology;photosynthesis,False,72442,0.2,False,beyond,False,1,146
ea_llm_self_adaptive_api_1365_run2_20260803_180723.json,1365,0cc651cb23b94541bea2ae320c03ec26,8,f1f430cefe354dafa92603368db2d445,16,s_mutation,genuine,f224ce8f6b15e760c0ec642015df657e4ba19373dd171687e16fce503399a8d7,5945,False,emerge,emerge;shoot;unfurl,False,29522,0.7,False,top100,False,1,107
ea_llm_self_adaptive_api_1365_run2_20260803_180723.json,1365,0cc651cb23b94541bea2ae320c03ec26,8,f1f430cefe354dafa92603368db2d445,16,s_mutation,wrong,fafdfb8cfd331dc2655777a251d529af5c8f64ffb91b10128f7b70f7fe8909ed,5941,False,emerge,emerge;appear;unfold,False,29522,0.6,False,top100,False,1,126
ea_llm_self_adaptive_api_1365_run2_20260803_180723.json,1365,0cc651cb23b94541bea2ae320c03ec26,8,f1f430cefe354dafa92603368db2d445,16,s_mutation,filler,359bfff916d7426a21ebc97ba42f1f589a25f8bb9b69b84f671f5448bf1e4495,5934,False,shoot,shoot;emerge;develop,False,847,0.8,False,top100,False,1,136
ea_llm_self_adaptive_api_1365_run2_20260803_180723.json,1365,0cc651cb23b94541bea2ae320c03ec26,8,f1f430cefe354dafa92603368db2d445,16,s_mutation,absent,3e50a0752bc9de77387da0f4bf9ad3ca9569f13dfdc0f5c954a6169ca90787c2,5706,False,shoot,shoot;emerge;develop,False,847,0.7,False,top100,False,1,149
ea_llm_self_adaptive_api_1365_run2_20260803_180723.json,1365,90b33a49c6884a21916db8256fee57c5,8,6df666919605458e81fbb3d7f9d3329b,145,ml_mutation,genuine,7bc8378e107f6e61928045807b6db7652c7b81d20c36d0d132b487ee8565d522,6036,False,reproduce,reproduce;propagate;sprout,False,18740,0.7,False,top100,False,1,136
ea_llm_self_adaptive_api_1365_run2_20260803_180723.json,1365,90b33a49c6884a21916db8256fee57c5,8,6df666919605458e81fbb3d7f9d3329b,145,ml_mutation,wrong,a02dded83e635ce4a7201f2c6a544e1ce10fce3abd5768e32c65d3f9f839908a,6054,False,ovary,ovary;ovule;pod,True,,0.3,False,top500,False,1,101
ea_llm_self_adaptive_api_1365_run2_20260803_180723.json,1365,90b33a49c6884a21916db8256fee57c5,8,6df666919605458e81fbb3d7f9d3329b,145,ml_mutation,filler,00b27f29538f44e72cb9a4a24485b73b07cd449283bc81d5390ffcf13f0c29a0,6037,False,germinate,germinate;sprout;mature,False,461,0.6,False,top500,False,1,234
ea_llm_self_adaptive_api_1365_run2_20260803_180723.json,1365,90b33a49c6884a21916db8256fee57c5,8,6df666919605458e81fbb3d7f9d3329b,145,ml_mutation,absent,1e1cf81fc1e76c095bc8212bff39cccbe748bf05be6ebf3d77dd1858889f9871,5809,False,taxonomy,taxonomy;physiology;morphology,False,9233,0.5,False,top500,False,1,143
ea_llm_self_adaptive_api_1365_run2_20260803_180723.json,1365,3b21e64472bd45f5aed737c85aeacb22,8,43d4471751594f269a0a8b1ca8057d56,149,m_mutation,genuine,f7ddd03b998c0e482b687b0477aaeab347a82659161302b96a90e88cc76dd58d,5929,False,cure,cure;paste;pulp,False,5075,0.4,False,top500,False,1,120
ea_llm_self_adaptive_api_1365_run2_20260803_180723.json,1365,3b21e64472bd45f5aed737c85aeacb22,8,43d4471751594f269a0a8b1ca8057d56,149,m_mutation,wrong,a1f41163ac943241bc2dd672d1313f9cdaf9efc66cd7957e9bc4c8c989f68ac9,5945,False,mild,mild;bitter;aromatic,False,3755,0.3,False,beyond,False,1,179
ea_llm_self_adaptive_api_1365_run2_20260803_180723.json,1365,3b21e64472bd45f5aed737c85aeacb22,8,43d4471751594f269a0a8b1ca8057d56,149,m_mutation,filler,233b9e1860d33cfd6d34dee1df0cfd3d3d5ecf14a533e77bc20315a14367ab19,5942,False,bitter,bitter;ripe;pulp,False,1531,0.4,False,top500,False,1,149
ea_llm_self_adaptive_api_1365_run2_20260803_180723.json,1365,3b21e64472bd45f5aed737c85aeacb22,8,43d4471751594f269a0a8b1ca8057d56,149,m_mutation,absent,dcacead265ba675cd3eeabc9dd928607dbda7482de8e4e551092d31314beb842,5714,False,press,press;juice;paste,False,14732,0.3,False,beyond,False,1,176
ea_llm_self_adaptive_api_1365_run2_20260803_180723.json,1365,d20fbb5500c449399b284ff0b3531b9e,8,96a7b54e71d948168828969d55ae1f9d,284,s_mutation,genuine,8a8cda84959b7d39600d4b60e574507194f2565344d4f83a56ac7e598726acd1,6120,False,scatter,scatter;strew;sprinkle,False,2229,0.7,False,top500,False,1,141
ea_llm_self_adaptive_api_1365_run2_20260803_180723.json,1365,d20fbb5500c449399b284ff0b3531b9e,8,96a7b54e71d948168828969d55ae1f9d,284,s_mutation,wrong,6d94b917d58e14b1beda4579be425935f658c43618ca9f622f7396b78cf6b233,6026,False,scatter,scatter;sprinkle;cast,False,2229,0.4,False,top500,False,1,142
ea_llm_self_adaptive_api_1365_run2_20260803_180723.json,1365,d20fbb5500c449399b284ff0b3531b9e,8,96a7b54e71d948168828969d55ae1f9d,284,s_mutation,filler,789d6b2c5b21357469a2edca1243ba52dce9b0e69155a099ac7011674eb54cc2,6152,False,strew,strew;scatter;toss,False,8148,0.6,False,top500,False,1,145
ea_llm_self_adaptive_api_1365_run2_20260803_180723.json,1365,d20fbb5500c449399b284ff0b3531b9e,8,96a7b54e71d948168828969d55ae1f9d,284,s_mutation,absent,6fbe7b58648f409f3afefa4110145deb82a774afcd73e25723cd95fc211aaedb,5811,False,scatter,scatter;sprinkle;cast,False,2229,0.6,False,top500,False,1,117
ea_llm_self_adaptive_api_1365_run2_20260803_180723.json,1365,02cdeeb89dc44a7ea7a2decf87310781,9,f1f430cefe354dafa92603368db2d445,16,l_mutation,genuine,e546daae0a3075c854480004ccd5656d38f617fd8a6e0ebfd32bd22d959b9e29,6305,False,process,process;cycle;stage,False,6251,0.4,False,top500,False,1,159
ea_llm_self_adaptive_api_1365_run2_20260803_180723.json,1365,02cdeeb89dc44a7ea7a2decf87310781,9,f1f430cefe354dafa92603368db2d445,16,l_mutation,wrong,5d2b01885aaede0525c41f5833a78e98b5bad68fabafd640e92c8c0b270b71c0,6301,False,climate,climate;air;sunlight,False,38694,0.4,False,top500,False,1,195
ea_llm_self_adaptive_api_1365_run2_20260803_180723.json,1365,02cdeeb89dc44a7ea7a2decf87310781,9,f1f430cefe354dafa92603368db2d445,16,l_mutation,filler,27af0a81f3d21508906e503184e4c4f215d4fda94ee229e239cf10ea5cfd5ace,6294,False,cycle,cycle;season;phase,False,60318,0.3,False,top500,False,1,148
ea_llm_self_adaptive_api_1365_run2_20260803_180723.json,1365,02cdeeb89dc44a7ea7a2decf87310781,9,f1f430cefe354dafa92603368db2d445,16,l_mutation,absent,09576722dc63c5f6817cc2d768741630680646e5f2a81dc500c0eef0f4d66b5d,6066,False,hydration,hydration;temperature;pressure,False,68836,0.4,False,top500,False,1,174
ea_llm_self_adaptive_api_1365_run2_20260803_180723.json,1365,6bac092d6e8c4cd8bc5f1b061bcca0e9,9,6df666919605458e81fbb3d7f9d3329b,145,ml_mutation,genuine,1d08cc801661890586b2443e4f51f9e167891ec04a749e951c16054ca0018144,6256,False,reproduce,reproduce;propagate;regenerate,False,18740,0.6,False,top500,False,1,128
ea_llm_self_adaptive_api_1365_run2_20260803_180723.json,1365,6bac092d6e8c4cd8bc5f1b061bcca0e9,9,6df666919605458e81fbb3d7f9d3329b,145,ml_mutation,wrong,f7f1e4ae6dc5f5b1902fc2ba0a6e63b7833e44be18bb7cb752404e18db4832a0,6258,False,germination,germination;pollination;fertilization,False,1934,0.1,False,beyond,False,1,114
ea_llm_self_adaptive_api_1365_run2_20260803_180723.json,1365,6bac092d6e8c4cd8bc5f1b061bcca0e9,9,6df666919605458e81fbb3d7f9d3329b,145,ml_mutation,filler,824d0fbf484b1c93b0c7bcbf29d689f864a149362508ba0eefa636a3a0d8a4aa,6257,False,fuel,fuel;medicine;dye,False,23243,0.3,False,top500,False,1,111
ea_llm_self_adaptive_api_1365_run2_20260803_180723.json,1365,6bac092d6e8c4cd8bc5f1b061bcca0e9,9,6df666919605458e81fbb3d7f9d3329b,145,ml_mutation,absent,080ed85b22a7cdf8aaf7228710a7a6d650eadcd349c4b8bb00c4679416365aa6,6029,False,germinate,germinate;sprout;develop,False,461,0.7,False,top500,False,1,150
ea_llm_self_adaptive_api_1365_run2_20260803_180723.json,1365,d7dd44f7a4c749e792306e3051b04090,9,43d4471751594f269a0a8b1ca8057d56,149,m_mutation,genuine,007abfdf254f7f5ca38d5a5822362577b19d9677ac9111d66042d6d3128c1c43,6176,False,crush,crush;extract;cure,False,460,0.3,False,top500,False,1,170
ea_llm_self_adaptive_api_1365_run2_20260803_180723.json,1365,d7dd44f7a4c749e792306e3051b04090,9,43d4471751594f269a0a8b1ca8057d56,149,m_mutation,wrong,b07bc3ea343e515623aa69dc2270b502dc27d5d7d51a631ce89668117ab524c0,6199,False,fruit,fruit;oil;cure,False,498,0.4,False,top500,False,1,137
ea_llm_self_adaptive_api_1365_run2_20260803_180723.json,1365,d7dd44f7a4c749e792306e3051b04090,9,43d4471751594f269a0a8b1ca8057d56,149,m_mutation,filler,24fd8876dd3a7ea063579857deecd6426254a4ebda987c26dfea3d5e12689696,6189,False,press,press;harvest;grind,False,14732,0.3,False,top500,False,1,72
ea_llm_self_adaptive_api_1365_run2_20260803_180723.json,1365,d7dd44f7a4c749e792306e3051b04090,9,43d4471751594f269a0a8b1ca8057d56,149,m_mutation,absent,86107bf405065763b7afffb569806b7789e3e5b2a38391c3f7aa10273c88bf4c,5961,False,oil,oil;tree;leaf,False,1643,0.4,False,top500,False,1,165
ea_llm_self_adaptive_api_1365_run2_20260803_180723.json,1365,9fe1d00e463146849ff6a11ec78a4b99,9,d20fbb5500c449399b284ff0b3531b9e,276,l_mutation,genuine,edd4ad411eecba6844590f49c95bfb4cb7cebfbf4709d58b2419a590e9b65817,6440,False,pitch,pitch;serve;smash,False,44549,0.4,False,top500,False,1,207
ea_llm_self_adaptive_api_1365_run2_20260803_180723.json,1365,9fe1d00e463146849ff6a11ec78a4b99,9,d20fbb5500c449399b284ff0b3531b9e,276,l_mutation,wrong,d4a9163af5e6a96252c984805e2232160ac2cc9aec9ec7102f29b66d5c8650d4,6408,False,throw,throw;cast;hurl,False,3914,0.4,False,top500,False,1,175
ea_llm_self_adaptive_api_1365_run2_20260803_180723.json,1365,9fe1d00e463146849ff6a11ec78a4b99,9,d20fbb5500c449399b284ff0b3531b9e,276,l_mutation,filler,b101fe4f88b13049085166268a419397559e96cd06cabb45c497c8c6e859111c,6444,False,pitch,pitch;hurl;sling,False,44549,0.3,False,top500,False,1,110
ea_llm_self_adaptive_api_1365_run2_20260803_180723.json,1365,9fe1d00e463146849ff6a11ec78a4b99,9,d20fbb5500c449399b284ff0b3531b9e,276,l_mutation,absent,9e77fab54130940f80acf09ee610cfb89c6bed3ef56e61aa7a7eec6579504bbf,6179,False,handle,handle;manipulate;adjust,False,33061,0.4,False,top500,False,1,131
ea_llm_self_adaptive_api_1365_run2_20260803_180723.json,1365,833dc721d33847fb89a102ab72c3ddce,10,f1f430cefe354dafa92603368db2d445,16,ml_mutation,genuine,7b29486c42994970f20470c09d885939c5c64cc03d0952dcdc8551150308d245,6495,False,develop,develop;nurture;foster,False,51615,0.5,False,top500,False,1,180
ea_llm_self_adaptive_api_1365_run2_20260803_180723.json,1365,833dc721d33847fb89a102ab72c3ddce,10,f1f430cefe354dafa92603368db2d445,16,ml_mutation,wrong,cac5ab06b0bed37f5688a71b9318f7552ce12b720a23ced02acf4dd74f475901,6473,False,emerge,emerge;shoot;develop,False,29522,0.6,False,top100,False,1,200
ea_llm_self_adaptive_api_1365_run2_20260803_180723.json,1365,833dc721d33847fb89a102ab72c3ddce,10,f1f430cefe354dafa92603368db2d445,16,ml_mutation,filler,756cb0642804829267390bc731e96bbc4758218d5603765b1a9c04cb5f72f9a7,6484,False,develop,develop;emerge;flower,False,51615,0.5,False,top500,False,1,157
ea_llm_self_adaptive_api_1365_run2_20260803_180723.json,1365,833dc721d33847fb89a102ab72c3ddce,10,f1f430cefe354dafa92603368db2d445,16,ml_mutation,absent,f448362bfbd718677b5c2a046dbe5cf657d18358ac56eadc8d13ce2582b28845,6256,False,emerge,emerge;unfurl;expand,False,29522,0.4,False,top500,False,2,147
ea_llm_self_adaptive_api_1365_run2_20260803_180723.json,1365,4e3713450c9a4121a5019e3d341e19da,10,6bac092d6e8c4cd8bc5f1b061bcca0e9,16,l_mutation,genuine,2160dd8627d8718ecee7cfc23655c731154d45577b9b528154f7b5e272dad5af,6676,False,terrestrial,terrestrial;habitat;ecological,False,34230,0.3,False,top500,False,1,199
ea_llm_self_adaptive_api_1365_run2_20260803_180723.json,1365,4e3713450c9a4121a5019e3d341e19da,10,6bac092d6e8c4cd8bc5f1b061bcca0e9,16,l_mutation,wrong,c636331f266521fb9a92df0f4a305ab43298414c788461791400dc0da51f89d6,6649,False,water,water;air;ph,False,1136,0.6,False,top500,False,1,152
ea_llm_self_adaptive_api_1365_run2_20260803_180723.json,1365,4e3713450c9a4121a5019e3d341e19da,10,6bac092d6e8c4cd8bc5f1b061bcca0e9,16,l_mutation,filler,5c14198426c97e6b390d781986fdafdc861c071ce9f427310c7b608b88d6600a,6685,False,develop,develop;form;emerge,False,51615,0.3,False,top500,False,2,162
ea_llm_self_adaptive_api_1365_run2_20260803_180723.json,1365,4e3713450c9a4121a5019e3d341e19da,10,6bac092d6e8c4cd8bc5f1b061bcca0e9,16,l_mutation,absent,84e472957c058de1b1af836dac17002d88e0661229fb51c9508cf1ea6e9160de,6420,False,climate,climate;cycle;precipitation,False,38694,0.3,False,top500,False,1,151
ea_llm_self_adaptive_api_1365_run2_20260803_180723.json,1365,3520cd66d58048e489a251510aca9b44,10,6df666919605458e81fbb3d7f9d3329b,145,s_mutation,genuine,4ccf6541937ca4ce53f7f707476aec6c8628795f2d6fd7ef160face62bcbb901,6520,False,kernel,kernel;embryo;pit,False,610,0.6,False,top500,False,1,109
ea_llm_self_adaptive_api_1365_run2_20260803_180723.json,1365,3520cd66d58048e489a251510aca9b44,10,6df666919605458e81fbb3d7f9d3329b,145,s_mutation,wrong,042c1e6aa05e3ac6a044fa11b52ed95167f6d7b48e53803e1f70ca6d4ce58ddf,6522,False,embryo,embryo;endosperm;ovule,False,10424,0.6,False,top500,False,1,123
ea_llm_self_adaptive_api_1365_run2_20260803_180723.json,1365,3520cd66d58048e489a251510aca9b44,10,6df666919605458e81fbb3d7f9d3329b,145,s_mutation,filler,a9b75eb8826c1ba9ec1a0de9bf9869f4f0347a6862f7a458b495ab9319942ce3,6521,False,kernel,kernel;nut;pit,False,610,0.7,False,top500,False,1,92
ea_llm_self_adaptive_api_1365_run2_20260803_180723.json,1365,3520cd66d58048e489a251510aca9b44,10,6df666919605458e81fbb3d7f9d3329b,145,s_mutation,absent,0c4e13b8df6aa414cd61ad5323db561e72c04f189403d9c70338ea8888becc4f,6293,False,kernel,kernel;nut;pod,False,610,0.6,False,top500,False,1,97
ea_llm_self_adaptive_api_1365_run2_20260803_180723.json,1365,27793b58a3b54365919522fcfde7ad14,10,43d4471751594f269a0a8b1ca8057d56,149,l_mutation,genuine,601f42f87ca0a34ce87af864cd4438f134bcb0df48c8425ecafa5fd42c59cf15,6665,False,geography,geography;feature;region,False,28481,0.2,False,beyond,False,1,130
ea_llm_self_adaptive_api_1365_run2_20260803_180723.json,1365,27793b58a3b54365919522fcfde7ad14,10,43d4471751594f269a0a8b1ca8057d56,149,l_mutation,wrong,4408579c6a74ba98d0a7e4736d92d1fa1d456141ebb46b7f1e198e485f9ac7ab,6683,False,plateau,plateau;hillock;ravine,False,18584,0.2,False,beyond,False,1,130
ea_llm_self_adaptive_api_1365_run2_20260803_180723.json,1365,27793b58a3b54365919522fcfde7ad14,10,43d4471751594f269a0a8b1ca8057d56,149,l_mutation,filler,e6cb3a8b6b379112fc5f550f7974eabaab5ce5c9a67968eb9adeac95a3441937,6678,False,resource,resource;material;energy,False,53724,0.3,False,beyond,False,1,185
ea_llm_self_adaptive_api_1365_run2_20260803_180723.json,1365,27793b58a3b54365919522fcfde7ad14,10,43d4471751594f269a0a8b1ca8057d56,149,l_mutation,absent,50970b61c7d5f6c9450ca3efdf6bf7b119e129427e91fa1168240e042cb7ce29,6450,False,fabric,fabric;loom;dye,False,57496,0.3,False,top500,False,1,181
ea_llm_self_adaptive_api_1365_run2_20260803_180723.json,1365,8b10b16c0f814d36815e07c1593a227a,11,f1f430cefe354dafa92603368db2d445,16,l_mutation,genuine,90ba58ea9ea1a4baeeef09bd82aaace053bafff13cc4db80fe9f75e422d1f218,6848,False,emergence,emergence;microbe;evolve,False,53361,0.4,False,top500,False,1,163
ea_llm_self_adaptive_api_1365_run2_20260803_180723.json,1365,8b10b16c0f814d36815e07c1593a227a,11,f1f430cefe354dafa92603368db2d445,16,l_mutation,wrong,678d6f8099391e74394c6a7fb20e7d811cd9802be68b4ceaa785bc858ac06307,6849,False,land,land;terrain;valley,False,15545,0.3,False,beyond,False,1,151
ea_llm_self_adaptive_api_1365_run2_20260803_180723.json,1365,8b10b16c0f814d36815e07c1593a227a,11,f1f430cefe354dafa92603368db2d445,16,l_mutation,filler,d71b17e80d608875a12ca8103538b03175cb8078cce66e7e7cc2dc2ba9bb0890,6837,False,urban,urban;planning;structure,False,31553,0.15,False,beyond,False,1,127
ea_llm_self_adaptive_api_1365_run2_20260803_180723.json,1365,8b10b16c0f814d36815e07c1593a227a,11,f1f430cefe354dafa92603368db2d445,16,l_mutation,absent,973e53765a0a6dd7452ab41c2efa24f68f750acd3798a8269c47c22fd82de938,6609,False,elevation,elevation;terrain;climate,False,37506,0.3,False,top500,False,1,112
ea_llm_self_adaptive_api_1365_run2_20260803_180723.json,1365,7a69349544d74534a4cc6a389d509b62,11,6bac092d6e8c4cd8bc5f1b061bcca0e9,16,s_mutation,genuine,eb72f2e031d33768214afd3d1c6007ba82b32e9f9e90f392b3e38db16b99d44c,6751,False,shoot,shoot;seed;start,False,847,0.7,False,top100,False,1,117
ea_llm_self_adaptive_api_1365_run2_20260803_180723.json,1365,7a69349544d74534a4cc6a389d509b62,11,6bac092d6e8c4cd8bc5f1b061bcca0e9,16,s_mutation,wrong,763ce705c4d6366f2758f9a2d741c75291ba7f85ba1d12bece4be30fa5096213,6724,False,shoot,shoot;unfurl;emerge,False,847,0.7,False,top500,False,1,116
ea_llm_self_adaptive_api_1365_run2_20260803_180723.json,1365,7a69349544d74534a4cc6a389d509b62,11,6bac092d6e8c4cd8bc5f1b061bcca0e9,16,s_mutation,filler,2b4cd6f74a9a79e56feb61434808d09b2d2eb651ce1cb7859fcc1961192fe6fa,6760,False,unfurl,unfurl;seedling;develop,False,11247,0.6,False,top100,False,1,142
ea_llm_self_adaptive_api_1365_run2_20260803_180723.json,1365,7a69349544d74534a4cc6a389d509b62,11,6bac092d6e8c4cd8bc5f1b061bcca0e9,16,s_mutation,absent,99d10a5ce711813086016f88e5d95deb07c6cae4baf797d172c73c2e02af5a4f,6495,False,emerge,emerge;shoot;unfurl,False,29522,0.6,False,top500,False,1,87
ea_llm_self_adaptive_api_1365_run2_20260803_180723.json,1365,86473db3ed1240cf86c45913aa36e436,11,6df666919605458e81fbb3d7f9d3329b,145,l_mutation,genuine,a0935edd4f54e59b5e2e52cfb9e6c1bc91d034bcaf0f88f9cdd0528ba0970528,6893,False,terrain,terrain;surface;topography,False,49776,0.3,False,top500,False,1,135
ea_llm_self_adaptive_api_1365_run2_20260803_180723.json,1365,86473db3ed1240cf86c45913aa36e436,11,6df666919605458e81fbb3d7f9d3329b,145,l_mutation,wrong,96ffed7e898f0546fbe9ad67c9e32231eb1323281212984683776896712469fc,6895,False,symbol,symbol;myth;tradition,False,32368,0.2,False,beyond,False,1,158
ea_llm_self_adaptive_api_1365_run2_20260803_180723.json,1365,86473db3ed1240cf86c45913aa36e436,11,6df666919605458e81fbb3d7f9d3329b,145,l_mutation,filler,d82a6a7c98f90e34fa11d05bc8b2986621cd3d7ba60a75dc739d92f6fd1d7f84,6894,False,animal,animal;insect;microbe,False,27406,0.35,False,top500,False,1,177
ea_llm_self_adaptive_api_1365_run2_20260803_180723.json,1365,86473db3ed1240cf86c45913aa36e436,11,6df666919605458e81fbb3d7f9d3329b,145,l_mutation,absent,6f89ba2c0c5af4b0981e930c13bc457c85e230de2addf131c64bc3d454c8f604,6666,False,habitat,habitat;survival;adaptation,False,69344,0.3,False,top500,False,1,137
ea_llm_self_adaptive_api_1365_run2_20260803_180723.json,1365,fa6b0f67f2d14beea2110f7aaf33f3d0,11,43d4471751594f269a0a8b1ca8057d56,149,s_mutation,genuine,701ec1973333a8b735bbab7857d6c2a6dadddbf499b2ab17becb22a1c356277d,6709,False,pistachio,pistachio;drab;greenish,False,426,0.6,False,top500,False,1,119
ea_llm_self_adaptive_api_1365_run2_20260803_180723.json,1365,fa6b0f67f2d14beea2110f7aaf33f3d0,11,43d4471751594f269a0a8b1ca8057d56,149,s_mutation,wrong,7e1ae41cce2d8fd04f0f8c0c795367d412dfcd6bde79f63b8278ec3600484b18,6725,False,drab,drab;moss;khaki,False,12695,0.6,False,top500,False,1,113
ea_llm_self_adaptive_api_1365_run2_20260803_180723.json,1365,fa6b0f67f2d14beea2110f7aaf33f3d0,11,43d4471751594f269a0a8b1ca8057d56,149,s_mutation,filler,7bf8e465c509b4119a3421282abe0f84ec90915fdfb4bdfe6353d25670691b08,6722,False,moss,moss;khaki;verdigris,False,2593,0.4,False,top500,False,1,142
ea_llm_self_adaptive_api_1365_run2_20260803_180723.json,1365,fa6b0f67f2d14beea2110f7aaf33f3d0,11,43d4471751594f269a0a8b1ca8057d56,149,s_mutation,absent,916f2f0cbd1c708796d22e2287c26e7a196e929d3a5d72f641b67062671bbd99,6494,False,khaki,khaki;drab;mossy,False,16301,0.3,False,top500,False,1,132
ea_llm_self_adaptive_api_1365_run2_20260803_180723.json,1365,d829ebeb42414442b413ef92def8aea6,12,43d4471751594f269a0a8b1ca8057d56,12,l_mutation,genuine,aef50ad1ece0729be3b0c11476a36e0b141647760e384aa70897f6d961df0dfa,7143,False,meadow,meadow;hill;ridge,False,4579,0.2,False,beyond,False,2,162
ea_llm_self_adaptive_api_1365_run2_20260803_180723.json,1365,d829ebeb42414442b413ef92def8aea6,12,43d4471751594f269a0a8b1ca8057d56,12,l_mutation,wrong,ed780aa78234c38861ddf3255f35fa2610884ef60f11fd5ea7f81c73b45c39ed,7165,False,texture,texture;taste;scent,False,4499,0.3,False,top500,False,1,187
ea_llm_self_adaptive_api_1365_run2_20260803_180723.json,1365,d829ebeb42414442b413ef92def8aea6,12,43d4471751594f269a0a8b1ca8057d56,12,l_mutation,filler,6381f56b61c34d4bb39340254eb8ef5d189a43d8577e91b45f2a568bc46604ba,7156,False,chemical,chemical;compound;extract,False,20380,0.4,False,top500,False,1,159
ea_llm_self_adaptive_api_1365_run2_20260803_180723.json,1365,d829ebeb42414442b413ef92def8aea6,12,43d4471751594f269a0a8b1ca8057d56,12,l_mutation,absent,0412efc9066f971a3c1b8ea3e5b1990f8c46c90edacf08ca30c2c351f900d621,6928,False,tactile,tactile;scent;crisp,False,58480,0.4,False,top500,False,1,161
ea_llm_self_adaptive_api_1365_run2_20260803_180723.json,1365,259489510f1f46e4930ad0fb244e55a8,12,f1f430cefe354dafa92603368db2d445,16,l_mutation,genuine,9adda59fe21952ffc452a2e1a407a5f757a22093a9f8c88b18a7e543f58c7062,7205,False,renew,renew;regenerate;reforest,False,43875,0.25,False,beyond,False,1,124
ea_llm_self_adaptive_api_1365_run2_20260803_180723.json,1365,259489510f1f46e4930ad0fb244e55a8,12,f1f430cefe354dafa92603368db2d445,16,l_mutation,wrong,28a7d61b31c0ff1bf416ffd697036d9cca84da369645a7a8cdb4f58e323c279a,7190,False,urban,urban;development;planning,False,31553,0.3,False,top500,False,1,129
ea_llm_self_adaptive_api_1365_run2_20260803_180723.json,1365,259489510f1f46e4930ad0fb244e55a8,12,f1f430cefe354dafa92603368db2d445,16,l_mutation,filler,75974efce9e49477a788d486aee3e969c5604d9e779cd02b9bce5a16e46d5b72,7194,False,initial,initial;phase;stage,False,18669,0.3,False,top500,False,1,168
ea_llm_self_adaptive_api_1365_run2_20260803_180723.json,1365,259489510f1f46e4930ad0fb244e55a8,12,f1f430cefe354dafa92603368db2d445,16,l_mutation,absent,08b03536e973d0e6fdd5add1bef155b72567fe19fb3059dd3aa34732d47c7b09,6966,False,emergence,emergence;system;origin,False,53361,0.4,False,top500,False,1,151
ea_llm_self_adaptive_api_1365_run2_20260803_180723.json,1365,e26b893a06de40eeaf4694adde04a9c5,12,6bac092d6e8c4cd8bc5f1b061bcca0e9,16,l_mutation,genuine,5a3bb30366aac56b405b7cd31970b022b30ee0a8e308aae63b820129070f8971,7293,False,climate,climate;terrain;altitude,False,38694,0.4,False,top500,False,1,176
ea_llm_self_adaptive_api_1365_run2_20260803_180723.json,1365,e26b893a06de40eeaf4694adde04a9c5,12,6bac092d6e8c4cd8bc5f1b061bcca0e9,16,l_mutation,wrong,14b63b8d714c55f60d12fa9cf7fc01a510d86ab29099096147f1b0c8cc7cf35c,7256,False,snow,snow;ice;sleet,False,2125,0.2,False,beyond,False,1,196
ea_llm_self_adaptive_api_1365_run2_20260803_180723.json,1365,e26b893a06de40eeaf4694adde04a9c5,12,6bac092d6e8c4cd8bc5f1b061bcca0e9,16,l_mutation,filler,152213bb3e6f1091213d19ee113544318fc787879e34bff48896a541f91a705f,7302,False,climate,climate;temperature;light,False,38694,0.3,False,top500,False,1,152
ea_llm_self_adaptive_api_1365_run2_20260803_180723.json,1365,e26b893a06de40eeaf4694adde04a9c5,12,6bac092d6e8c4cd8bc5f1b061bcca0e9,16,l_mutation,absent,7aae614a7bcc3149a875a6b1e92156d98b4c0d76887ff96132e5970c306da7a2,7037,False,earth,earth;air;sun,False,21895,0.4,False,top500,False,2,166
ea_llm_self_adaptive_api_1365_run2_20260803_180723.json,1365,b65557e685634d0c874bd5df20d37ac1,12,6df666919605458e81fbb3d7f9d3329b,145,m_mutation,genuine,2029f96d98cc26f691b44a4a12b5f09c4362ac200a7fc2e3ae857af96affbb95,7263,False,spread,spread;scatter;release,False,6576,0.3,False,top500,False,1,138
ea_llm_self_adaptive_api_1365_run2_20260803_180723.json,1365,b65557e685634d0c874bd5df20d37ac1,12,6df666919605458e81fbb3d7f9d3329b,145,m_mutation,wrong,86c63d7ff2b71097c6ab8b707b5eaecc975d56ebcc912b7647a9576adf8f3964,7277,False,germ,germ;source;origin,False,1724,0.3,False,beyond,False,1,113
ea_llm_self_adaptive_api_1365_run2_20260803_180723.json,1365,b65557e685634d0c874bd5df20d37ac1,12,6df666919605458e81fbb3d7f9d3329b,145,m_mutation,filler,82efb43681a99bf9563b5fad9736e8761a541c8ddf317cf12cd9ef27eae35a50,7264,False,propagate,propagate;sprout;grow,False,2516,0.3,False,top500,False,1,117
ea_llm_self_adaptive_api_1365_run2_20260803_180723.json,1365,b65557e685634d0c874bd5df20d37ac1,12,6df666919605458e81fbb3d7f9d3329b,145,m_mutation,absent,57dad6968008eb8d39a632269cb1b464ca75a57ed75294a68764851c57e9569b,7036,False,initiation,initiation;source;development,False,35990,0.3,False,top500,False,1,153
ea_llm_self_adaptive_api_1365_run3_20260724_194909.json,1365,e9eb2ce6f144460d8d3815263b740306,3,d85ec5be73c04c398734dc4ad2d907fc,16,ml_mutation,genuine,5cd99c957a73f4fe52a85e7c17db63430d9ce61ab2c30996e3bfab43f6b7dbdc,4151,False,ecosystem,ecosystem;symbiosis;habitat,False,64593,0.3,False,top500,False,1,181
ea_llm_self_adaptive_api_1365_run3_20260724_194909.json,1365,e9eb2ce6f144460d8d3815263b740306,3,d85ec5be73c04c398734dc4ad2d907fc,16,ml_mutation,wrong,5378b7e39f3b94da693ae74021a190d657dfadfbeaeb1460082dfb8313e68d26,4036,False,interact,interact;coexist;symbiosis,False,48726,0.4,False,top500,False,1,174
ea_llm_self_adaptive_api_1365_run3_20260724_194909.json,1365,e9eb2ce6f144460d8d3815263b740306,3,d85ec5be73c04c398734dc4ad2d907fc,16,ml_mutation,filler,acac24fe30a26cd316a7936ca9f5da81a03d27b030229cc0d88147f2a362721c,4139,False,photosynthesize,photosynthesize;filter;provide,True,,0.2,False,top500,False,1,108
ea_llm_self_adaptive_api_1365_run3_20260724_194909.json,1365,e9eb2ce6f144460d8d3815263b740306,3,d85ec5be73c04c398734dc4ad2d907fc,16,ml_mutation,absent,153ad25692321970234847fc79ed5b57877fcae89c8acf13f7e43c5d271d4b57,3798,False,fruit,fruit;pollen;nut,False,498,0.3,False,top500,False,1,136
ea_llm_self_adaptive_api_1365_run3_20260724_194909.json,1365,761793ceebab49afa1df687805cd7751,4,d85ec5be73c04c398734dc4ad2d907fc,16,ml_mutation,genuine,9ce13ba074c1f17faa80496c654ad58f81cbbe097f0753a0348ec7b150f623f3,4583,False,bushy,bushy;leafy;thorny,False,3934,0.3,False,top500,False,1,247
ea_llm_self_adaptive_api_1365_run3_20260724_194909.json,1365,761793ceebab49afa1df687805cd7751,4,d85ec5be73c04c398734dc4ad2d907fc,16,ml_mutation,wrong,8ad40846f6c1e64292a92d1600f556d4c4f3a48edbb299669709e64e581a8569,4461,False,petal,petal;tendril;stamen,False,1670,0.3,False,top500,False,1,169
ea_llm_self_adaptive_api_1365_run3_20260724_194909.json,1365,761793ceebab49afa1df687805cd7751,4,d85ec5be73c04c398734dc4ad2d907fc,16,ml_mutation,filler,d506e9586ad440a74283c0c81cd148594cf75bae35d65099b21b8f1914f19b40,4571,False,petal,petal;stamen;pollen,False,1670,0.6,False,top500,False,1,235
ea_llm_self_adaptive_api_1365_run3_20260724_194909.json,1365,761793ceebab49afa1df687805cd7751,4,d85ec5be73c04c398734dc4ad2d907fc,16,ml_mutation,absent,a0087b5f3270344154e8bca38cd7fe047af97a4caec8c86dc7fc396c4da87b7f,4230,False,photosynthesis,photosynthesis;respiration;transpiration,False,10712,0.3,False,top500,False,1,151
ea_llm_self_adaptive_api_1365_run3_20260724_194909.json,1365,63c6d9055ce848e386ccf16b3c1d2e2c,4,c7d6f48708354e2599f10bf3eedc9881,39,l_mutation,genuine,66326df04ccf52a7faf7f9e16f671db478e4f88978e56e052ee43d8d8026d226,4593,False,farm,farm;harvest;crop,False,1828,0.4,False,top500,False,1,156
ea_llm_self_adaptive_api_1365_run3_20260724_194909.json,1365,63c6d9055ce848e386ccf16b3c1d2e2c,4,c7d6f48708354e2599f10bf3eedc9881,39,l_mutation,wrong,da91036afb0f50e5d33d8e8dfd903ea5da8bd33545b1166ca74c042b34fae289,4616,False,garden,garden;bed;plot,False,1410,0.3,False,beyond,False,1,150
ea_llm_self_adaptive_api_1365_run3_20260724_194909.json,1365,63c6d9055ce848e386ccf16b3c1d2e2c,4,c7d6f48708354e2599f10bf3eedc9881,39,l_mutation,filler,975948322f1ae324ce0495b94f810ad5fa8a1d0a3871ff3193441c2597146169,4604,False,jar,jar;can;bin,False,857,0.3,False,beyond,False,2,202
ea_llm_self_adaptive_api_1365_run3_20260724_194909.json,1365,63c6d9055ce848e386ccf16b3c1d2e2c,4,c7d6f48708354e2599f10bf3eedc9881,39,l_mutation,absent,ea24b03be67e0dbd8e8c5b5bcd7c1bcc445e15f23d592d6dddb695d9957338b0,4376,False,ecosystem,ecosystem;interactions;network,False,64593,0.4,False,top500,False,1,119
ea_llm_self_adaptive_api_1365_run3_20260724_194909.json,1365,c6a238ca1b9c4b5aa7d0abf0e9cd990f,4,27d16028f79b4e2883c3808aff754de0,64,s_mutation,genuine,17450f550c7396853cfcf87307ac8a2ca57cfd91504c6c97c738cdb1ab66cb54,4475,False,simmer,simmer;scald;blanch,False,183,0.7,False,top100,False,2,133
ea_llm_self_adaptive_api_1365_run3_20260724_194909.json,1365,c6a238ca1b9c4b5aa7d0abf0e9cd990f,4,27d16028f79b4e2883c3808aff754de0,64,s_mutation,wrong,6c033ddd186a9418702f2e81574c0943413e74c98c42c64780fe598cea31c032,4438,False,simmer,simmer;scald;blanch,False,183,0.7,False,top100,False,1,129
ea_llm_self_adaptive_api_1365_run3_20260724_194909.json,1365,c6a238ca1b9c4b5aa7d0abf0e9cd990f,4,27d16028f79b4e2883c3808aff754de0,64,s_mutation,filler,2fca6a11e58ad2cd78ff0f688eccaf30fe7e5ea2e7215625a8e43b7c663bcbe6,4467,False,simmer,simmer;blanch;scald,False,183,0.6,False,top500,False,1,115
ea_llm_self_adaptive_api_1365_run3_20260724_194909.json,1365,c6a238ca1b9c4b5aa7d0abf0e9cd990f,4,27d16028f79b4e2883c3808aff754de0,64,s_mutation,absent,9be69b57bcce53697c45676d485fd6b1acdb1dcb6eb0dbadfb29dea382b5d880,4202,False,scald,scald;blanch;poach,False,5839,0.8,False,top100,False,1,111
ea_llm_self_adaptive_api_1365_run3_20260724_194909.json,1365,3d8db78339594f06ae5d751d2c293d56,5,d85ec5be73c04c398734dc4ad2d907fc,16,ml_mutation,genuine,0489c7da4940fba83ce6c3ea488408b6d2aa4cfe449cb0642b2a0982b5267835,5090,False,color,color;shape;texture,False,12247,0.3,False,top500,False,1,111
ea_llm_self_adaptive_api_1365_run3_20260724_194909.json,1365,3d8db78339594f06ae5d751d2c293d56,5,d85ec5be73c04c398734dc4ad2d907fc,16,ml_mutation,wrong,ef78623e4dcc18062214816f0fc2d38cad83e594a22741ab98cea862f0038ece,4959,False,color,color;texture;compact,False,12247,0.3,False,top500,False,1,166
ea_llm_self_adaptive_api_1365_run3_20260724_194909.json,1365,3d8db78339594f06ae5d751d2c293d56,5,d85ec5be73c04c398734dc4ad2d907fc,16,ml_mutation,filler,dae6973116db35bececae1dfbcb954f3dcb1503b7b86acd6e9d35fe0611ef513,5078,False,petal,petal;blade;tissue,False,1670,0.5,False,top500,False,1,180
ea_llm_self_adaptive_api_1365_run3_20260724_194909.json,1365,3d8db78339594f06ae5d751d2c293d56,5,d85ec5be73c04c398734dc4ad2d907fc,16,ml_mutation,absent,3aed067250a318e94de5047805cb6f962351e6ca47b01babe1045d0abea79443,4737,False,dense,dense;woody;tall,False,16138,0.4,False,top500,False,1,205
ea_llm_self_adaptive_api_1365_run3_20260724_194909.json,1365,b2b7c4a43c3247d7b9cb293aa6b1bcda,5,c7d6f48708354e2599f10bf3eedc9881,39,l_mutation,genuine,77f0dba14550ba769a0809b0433fd59366d2208dfc1872e5ae77b9c69d091bf3,5087,False,pot,pot;planter;tray,False,587,0.3,False,beyond,False,1,133
ea_llm_self_adaptive_api_1365_run3_20260724_194909.json,1365,b2b7c4a43c3247d7b9cb293aa6b1bcda,5,c7d6f48708354e2599f10bf3eedc9881,39,l_mutation,wrong,a8b427aee2889f16014ed7f9bacb19a3ab589ae651a61d02108d4f6248e8351b,5093,False,textile,textile;dye;paper,False,36542,0.3,False,top500,False,1,213
ea_llm_self_adaptive_api_1365_run3_20260724_194909.json,1365,b2b7c4a43c3247d7b9cb293aa6b1bcda,5,c7d6f48708354e2599f10bf3eedc9881,39,l_mutation,filler,49607ccd588efa02354a566226368d6f550d3b971ee412bd91c51574106cfce8,5098,False,bin,bin;jar;can,False,9033,0.2,False,beyond,False,1,160
ea_llm_self_adaptive_api_1365_run3_20260724_194909.json,1365,b2b7c4a43c3247d7b9cb293aa6b1bcda,5,c7d6f48708354e2599f10bf3eedc9881,39,l_mutation,absent,afbf18ceb82ed4a739ca4b16f4eda289e0f4c6d28d0a87b6b9dd1bae4f830bab,4870,False,climate,climate;temperature;humidity,False,38694,0.4,False,top500,False,1,176
ea_llm_self_adaptive_api_1365_run3_20260724_194909.json,1365,a24faa79a6e947f89a9c532346e4721a,5,27d16028f79b4e2883c3808aff754de0,64,m_mutation,genuine,c2660318405e8b26c3fcdcd3e11a4e415c01058c4de2ec0380417bc3e0ff3098,5048,False,heat,heat;energy;pressure,False,18728,0.6,False,top500,False,1,127
ea_llm_self_adaptive_api_1365_run3_20260724_194909.json,1365,a24faa79a6e947f89a9c532346e4721a,5,27d16028f79b4e2883c3808aff754de0,64,m_mutation,wrong,b4bc54bd01c6fcc8acde72d0a1ee154f2870df3bc63b3b66877319dacbbecd38,5006,False,heat,heat;vapor;melt,False,18728,0.3,False,top500,False,1,116
ea_llm_self_adaptive_api_1365_run3_20260724_194909.json,1365,a24faa79a6e947f89a9c532346e4721a,5,27d16028f79b4e2883c3808aff754de0,64,m_mutation,filler,7532c896ca5f21062e523458b21e51d70fd1c520102ae9fe3b7d80b5d620a400,5040,False,heat,heat;phase;energy,False,18728,0.3,False,top500,False,1,124
ea_llm_self_adaptive_api_1365_run3_20260724_194909.json,1365,a24faa79a6e947f89a9c532346e4721a,5,27d16028f79b4e2883c3808aff754de0,64,m_mutation,absent,28f03bbd1b2f829ee732c6daab65bf51943eaec3e5dcd6d281775743ce3749ba,4775,False,heat,heat;vapor;agitate,False,18728,0.6,False,top100,False,1,147
ea_llm_self_adaptive_api_1365_run3_20260724_194909.json,1365,be7373b98d644f2080fe3b4281217298,6,d85ec5be73c04c398734dc4ad2d907fc,16,m_mutation,genuine,5f1a1a15babb1bc6635d13108fadc1cc1833bf02c1f7ed3a7d7e8b679b2f7896,5540,False,shoot,shoot;bud;stem,False,847,0.4,False,top500,False,1,160
ea_llm_self_adaptive_api_1365_run3_20260724_194909.json,1365,be7373b98d644f2080fe3b4281217298,6,d85ec5be73c04c398734dc4ad2d907fc,16,m_mutation,wrong,ae06aa831f11ee00a6216c88f98475d1af59de428ba99a9aeb0e3793f8a1d1ec,5425,False,fertilizer,fertilizer;agent;cause,False,1545,0.3,False,top500,False,1,126
ea_llm_self_adaptive_api_1365_run3_20260724_194909.json,1365,be7373b98d644f2080fe3b4281217298,6,d85ec5be73c04c398734dc4ad2d907fc,16,m_mutation,filler,a2b8f27c9f9b37e4090f73d7d3d2fdec96ad8f6de87d5e849b03ceeaccc7ffda,5528,False,seed,seed;kernel;germ,False,145,0.7,False,top100,False,1,140
ea_llm_self_adaptive_api_1365_run3_20260724_194909.json,1365,be7373b98d644f2080fe3b4281217298,6,d85ec5be73c04c398734dc4ad2d907fc,16,m_mutation,absent,74d6491f288faf8a088e7ca6160b0e0c87bc2f86b21850063e30e6d9aeffa104,5187,False,begin,begin;start;initiate,False,32775,0.3,False,top500,False,1,202
ea_llm_self_adaptive_api_1365_run3_20260724_194909.json,1365,cf9ca3182ba54b1fa1b03c2bc0da623b,6,c7d6f48708354e2599f10bf3eedc9881,39,ml_mutation,genuine,f68072c30605aa21c3c9c0cd03cae48ce11ba82393eb264dd2c5d5ff8e9b4b05,5258,False,germinate,germinate;mature;sprout,False,461,0.2,False,beyond,False,1,125
ea_llm_self_adaptive_api_1365_run3_20260724_194909.json,1365,cf9ca3182ba54b1fa1b03c2bc0da623b,6,c7d6f48708354e2599f10bf3eedc9881,39,ml_mutation,wrong,ae24c342123a0bee19f4e057d8d9530d32bc5a9b1e140ba9d0d62ca9eb9f19bd,5281,False,round,round;shiny;smooth,False,12433,0.3,False,top500,False,1,128
ea_llm_self_adaptive_api_1365_run3_20260724_194909.json,1365,cf9ca3182ba54b1fa1b03c2bc0da623b,6,c7d6f48708354e2599f10bf3eedc9881,39,ml_mutation,filler,ef7c1ee2a5045de5112ab07d8851d2b035458dd68127a358916e439093ed5a39,5269,False,tough,tough;waxy;spongy,False,3250,0.5,False,top500,False,1,192
ea_llm_self_adaptive_api_1365_run3_20260724_194909.json,1365,cf9ca3182ba54b1fa1b03c2bc0da623b,6,c7d6f48708354e2599f10bf3eedc9881,39,ml_mutation,absent,0eb978c65f080ed3091eaf3fcb46a997a4ba684fcbe0dd068c5ee9b87b0400a0,5041,False,flax,flax;hemp;chia,False,624,0.4,False,top500,False,1,144
ea_llm_self_adaptive_api_1365_run3_20260724_194909.json,1365,c38666bdb24649ccb5408ce5f62876f9,6,27d16028f79b4e2883c3808aff754de0,64,s_mutation,genuine,f6a2ec3eab02d22455656c360179ce1d71d5e45fcc398d73f59260dc27646368,5297,False,simmer,simmer;scorch;steep,False,183,0.8,False,top100,False,1,141
ea_llm_self_adaptive_api_1365_run3_20260724_194909.json,1365,c38666bdb24649ccb5408ce5f62876f9,6,27d16028f79b4e2883c3808aff754de0,64,s_mutation,wrong,5d6379b03cc81853881a3b9431206ea8964353f260dc55593ac5be4ebd68dd60,5260,False,simmer,simmer;scald;souse,False,183,0.65,False,top100,False,1,130
ea_llm_self_adaptive_api_1365_run3_20260724_194909.json,1365,c38666bdb24649ccb5408ce5f62876f9,6,27d16028f79b4e2883c3808aff754de0,64,s_mutation,filler,94484416207eb3b3dc79277e4c4749b9989dc87a71af5729e79a674f317b31de,5289,False,simmer,simmer;scald;steep,False,183,0.8,False,top100,False,1,95
ea_llm_self_adaptive_api_1365_run3_20260724_194909.json,1365,c38666bdb24649ccb5408ce5f62876f9,6,27d16028f79b4e2883c3808aff754de0,64,s_mutation,absent,d22223b109d73c219bb78197ccc4c732163135a0c02a64e572453cb6b23349e6,5024,False,simmer,simmer;scald;steep,False,183,0.6,False,top500,False,1,93
ea_llm_self_adaptive_api_1365_run3_20260724_194909.json,1365,ae696053b0c743b1bcf5463c943f1da0,7,d85ec5be73c04c398734dc4ad2d907fc,16,l_mutation,genuine,ff0d994ee98255eb5afe6627d54e9a28f2aa30013a8910fbbf9208a50be1a0b0,5787,False,slope,slope;elevation;profile,True,,0.4,False,top500,False,1,183
ea_llm_self_adaptive_api_1365_run3_20260724_194909.json,1365,ae696053b0c743b1bcf5463c943f1da0,7,d85ec5be73c04c398734dc4ad2d907fc,16,l_mutation,wrong,8cdedc5e0c451533b26a2d332dbd66333cb6c2ba7509cd32788f068e821312d2,5671,False,season,season;temperature;moisture,False,730,0.4,False,top500,False,1,153
ea_llm_self_adaptive_api_1365_run3_20260724_194909.json,1365,ae696053b0c743b1bcf5463c943f1da0,7,d85ec5be73c04c398734dc4ad2d907fc,16,l_mutation,filler,f8d4b8c70c67badd9d08f713062ceb6b8ef4db4468ec0fbae50ccec2646f7d3d,5775,False,water,water;wind;sun,False,1136,0.4,False,top500,False,1,158
ea_llm_self_adaptive_api_1365_run3_20260724_194909.json,1365,ae696053b0c743b1bcf5463c943f1da0,7,d85ec5be73c04c398734dc4ad2d907fc,16,l_mutation,absent,2ce4c79ce020effc6563e96fa0c9cb779f07e8dc9716899dbf8a58b806c3128c,5434,False,moisture,moisture;temperature;light,False,21038,0.3,False,top500,False,1,168
ea_llm_self_adaptive_api_1365_run3_20260724_194909.json,1365,4f224bf794044aa1a7b94022b1c3c3b2,7,c7d6f48708354e2599f10bf3eedc9881,39,ml_mutation,genuine,fba680da1f89b786c23332ecf01e3a6e6157e393bd84a72f972b1269772ff154,5535,False,pod,pod;bloom;bush,False,995,0.4,False,top500,False,1,120
ea_llm_self_adaptive_api_1365_run3_20260724_194909.json,1365,4f224bf794044aa1a7b94022b1c3c3b2,7,c7d6f48708354e2599f10bf3eedc9881,39,ml_mutation,wrong,520dc0a647f2ec8798adb5ef95efd0fb127895c4a1572c7855340fb4468f7425,5541,False,wheat,wheat;rice;oats,False,326,0.6,False,top500,False,1,159
ea_llm_self_adaptive_api_1365_run3_20260724_194909.json,1365,4f224bf794044aa1a7b94022b1c3c3b2,7,c7d6f48708354e2599f10bf3eedc9881,39,ml_mutation,filler,904702e4dfa22759079ed570cb505697ab012e168ffac902b791d2c1e69c2d8f,5546,False,food,food;fiber;medicine,False,1261,0.4,False,top100,False,1,183
ea_llm_self_adaptive_api_1365_run3_20260724_194909.json,1365,4f224bf794044aa1a7b94022b1c3c3b2,7,c7d6f48708354e2599f10bf3eedc9881,39,ml_mutation,absent,383445d05cd657948d04f47ca82988cdd513fdf04861ed5b8747d0dfc3cafd71,5318,False,millet,millet;sorghum;hemp,False,193,0.3,False,top500,False,1,127
ea_llm_self_adaptive_api_1365_run3_20260724_194909.json,1365,45f83092e76f4a9d9f298faf3c9b4977,7,27d16028f79b4e2883c3808aff754de0,64,ml_mutation,genuine,764e74b55c77aa711b69e2a474e4175536e7cf605f47b3fbdd811c59bf66bf2b,5630,False,scorch,scorch;singe;sizzle,False,2046,0.5,False,top500,False,1,145
ea_llm_self_adaptive_api_1365_run3_20260724_194909.json,1365,45f83092e76f4a9d9f298faf3c9b4977,7,27d16028f79b4e2883c3808aff754de0,64,ml_mutation,wrong,f350b6f9b2adbb0a15ef244c9cf87b401aa22aefed31d4de5c987d75315f0e40,5588,False,tender,tender;soft;crispy,False,484,0.7,False,top100,False,1,155
ea_llm_self_adaptive_api_1365_run3_20260724_194909.json,1365,45f83092e76f4a9d9f298faf3c9b4977,7,27d16028f79b4e2883c3808aff754de0,64,ml_mutation,filler,d57368cdf31baee0256caa9af25b6c732a26ab61585adbe796c87b54ab0bff86,5622,False,soak,soak;marinate;season,False,1006,0.7,False,top100,False,1,175
ea_llm_self_adaptive_api_1365_run3_20260724_194909.json,1365,45f83092e76f4a9d9f298faf3c9b4977,7,27d16028f79b4e2883c3808aff754de0,64,ml_mutation,absent,36c4ed62a3ef2386eac77af21f3c5f94906745b7e4ee6e12f0653f96d0aad22b,5357,False,crispy,crispy;golden;tender,False,180,0.6,False,top100,False,1,131
ea_llm_self_adaptive_api_1365_run3_20260724_194909.json,1365,8b8351a0b87947c3bfd5dbd43ded40d3,8,d85ec5be73c04c398734dc4ad2d907fc,16,ml_mutation,genuine,2140fcb38e16fb725ba86c34d07070d4ad99b2e1e99972f9840c45fef31a952c,6211,False,root,root;stem;leaf,False,358,0.7,False,top100,False,1,180
ea_llm_self_adaptive_api_1365_run3_20260724_194909.json,1365,8b8351a0b87947c3bfd5dbd43ded40d3,8,d85ec5be73c04c398734dc4ad2d907fc,16,ml_mutation,wrong,1a7a629273f673235e29e6ec93559b74f5968f7148f92feb3c3cf70d33b3c015,6095,False,tall,tall;woody;herbaceous,False,11604,0.2,False,beyond,False,1,175
ea_llm_self_adaptive_api_1365_run3_20260724_194909.json,1365,8b8351a0b87947c3bfd5dbd43ded40d3,8,d85ec5be73c04c398734dc4ad2d907fc,16,ml_mutation,filler,4ebbffee0e2a730e90a70a2132ba00e1b5e7a43bac421d6304ec01f1d2b528e4,6199,False,tall,tall;short;thick,False,11604,0.4,False,top500,False,1,130
ea_llm_self_adaptive_api_1365_run3_20260724_194909.json,1365,8b8351a0b87947c3bfd5dbd43ded40d3,8,d85ec5be73c04c398734dc4ad2d907fc,16,ml_mutation,absent,29fcb40cd0b84e40eb1c818080e5dd857d7b4ac0b590a9a6dce485c8cd748897,5858,False,shoot,shoot;root;structure,False,847,0.3,False,top500,False,1,96
ea_llm_self_adaptive_api_1365_run3_20260724_194909.json,1365,963a8d28153b4dddb7a981ce0ad1f0ea,8,3a105be486bb475984497ed503e6d766,29,ml_mutation,genuine,bd42f5407f4429787b842d07b66ca0ff43df54d9df8af59d663d9ca7b6dc76ab,5885,False,fiber,fiber;oil;resin,False,21497,0.3,False,beyond,False,1,169
ea_llm_self_adaptive_api_1365_run3_20260724_194909.json,1365,963a8d28153b4dddb7a981ce0ad1f0ea,8,3a105be486bb475984497ed503e6d766,29,ml_mutation,wrong,327206641dcc650ff13ea8b3cce7318a4c68d2b46d25027fd7a42861fa9bf897,5882,False,tendril,tendril;vein;pith,False,960,0.3,False,top500,False,1,133
ea_llm_self_adaptive_api_1365_run3_20260724_194909.json,1365,963a8d28153b4dddb7a981ce0ad1f0ea,8,3a105be486bb475984497ed503e6d766,29,ml_mutation,filler,babedefb119778356c2d64dfc4d4eec03b090b602ded0ac63f686ad082610685,5870,False,mushroom,mushroom;tea;resin,False,68,0.6,False,top100,False,1,168
ea_llm_self_adaptive_api_1365_run3_20260724_194909.json,1365,963a8d28153b4dddb7a981ce0ad1f0ea,8,3a105be486bb475984497ed503e6d766,29,ml_mutation,absent,1f9f9d48410f791aefac14989f1fbf5fc9bb34b163833e75a6035f62bfb77ebd,5642,False,tuber,tuber;fruit;pod,False,157,0.6,False,top100,False,4,142
ea_llm_self_adaptive_api_1365_run3_20260724_194909.json,1365,c393e9bfb15b4836b5aa858e2d2c5729,8,c7d6f48708354e2599f10bf3eedc9881,39,l_mutation,genuine,bb53e8c9dc2197e344ad8d134f23daad9693b726678407497b2ade9a46dc583e,6091,False,biodiversity,biodiversity;ecosystem;restoration,False,58583,0.2,False,beyond,False,1,156
ea_llm_self_adaptive_api_1365_run3_20260724_194909.json,1365,c393e9bfb15b4836b5aa858e2d2c5729,8,c7d6f48708354e2599f10bf3eedc9881,39,l_mutation,wrong,b821b57bd595c34b7bfbf1d9913144c7b34ea52446c166daa57a730ca7568091,6097,False,market,market;trade;export,False,13061,0.2,False,beyond,False,1,173
ea_llm_self_adaptive_api_1365_run3_20260724_194909.json,1365,c393e9bfb15b4836b5aa858e2d2c5729,8,c7d6f48708354e2599f10bf3eedc9881,39,l_mutation,filler,2a487acbf24a6675c43210e32d30cbeb9700c38846f92d3b199d0e6df35993ea,6102,False,symbolism,symbolism;tradition;ritual,False,18315,0.4,False,top500,False,1,139
ea_llm_self_adaptive_api_1365_run3_20260724_194909.json,1365,c393e9bfb15b4836b5aa858e2d2c5729,8,c7d6f48708354e2599f10bf3eedc9881,39,l_mutation,absent,46d65a7f079b7624d9eef930a395b143684ff20395dc1ae0e5290f71997816d9,5874,False,hill,hill;valley;plain,False,35086,0.2,False,top500,False,1,113
ea_llm_self_adaptive_api_1365_run3_20260724_194909.json,1365,3c82f4a52b50431aa79ccd464ba6af8d,8,27d16028f79b4e2883c3808aff754de0,54,m_mutation,genuine,2942be1d6f749e1f63d9598b11cb67083f30d1ccc823ce50b6fb5971b5035d90,6177,False,crisp,crisp;pan;aroma,False,594,0.3,False,top500,False,1,139
ea_llm_self_adaptive_api_1365_run3_20260724_194909.json,1365,3c82f4a52b50431aa79ccd464ba6af8d,8,27d16028f79b4e2883c3808aff754de0,54,m_mutation,wrong,2ce990a6bf533118b1a2e1673773fd04a29bb0e99136e1293a44c6cdde33f47f,6135,False,flavor,flavor;savor;palate,False,1168,0.5,False,top500,False,1,153
ea_llm_self_adaptive_api_1365_run3_20260724_194909.json,1365,3c82f4a52b50431aa79ccd464ba6af8d,8,27d16028f79b4e2883c3808aff754de0,54,m_mutation,filler,e9d76da31ea10efa33b6f3621d4fb35248290f12f42745c9333cd3acb9ffb54c,6169,False,heat,heat;flame;sizzle,False,18728,0.4,False,top500,False,1,124
ea_llm_self_adaptive_api_1365_run3_20260724_194909.json,1365,3c82f4a52b50431aa79ccd464ba6af8d,8,27d16028f79b4e2883c3808aff754de0,54,m_mutation,absent,9409d23cfe3f5e17d38acc41d18e1648f89500c43178aac1f15bea147a841b8b,5904,False,crisp,crisp;golden;crunch,False,594,0.3,False,top500,False,1,138
ea_llm_self_adaptive_api_1365_run3_20260724_194909.json,1365,83f87a5aeb814ee0ba2a013b0998980b,9,3a105be486bb475984497ed503e6d766,4,l_mutation,genuine,4420f91822374bd0fa7c8b4e515ba33e98511eb00e3b8676e25189c0272e261a,6402,False,market,market;sale;trade,False,13061,0.2,False,beyond,False,1,183
ea_llm_self_adaptive_api_1365_run3_20260724_194909.json,1365,83f87a5aeb814ee0ba2a013b0998980b,9,3a105be486bb475984497ed503e6d766,4,l_mutation,wrong,03383d27e74b909f5ece46c5ab27792d5a0e09d0fb2418ee5377d562abf18b5a,6382,False,market,market;home;restaurant,False,13061,0.2,False,beyond,False,1,167
ea_llm_self_adaptive_api_1365_run3_20260724_194909.json,1365,83f87a5aeb814ee0ba2a013b0998980b,9,3a105be486bb475984497ed503e6d766,4,l_mutation,filler,74d0e8291b538bc363ca5189010a1352509fedf512dd3d5203d4fe8af92570b0,6387,False,rock,rock;stone;terrain,False,27771,0.3,False,top500,False,1,105
ea_llm_self_adaptive_api_1365_run3_20260724_194909.json,1365,83f87a5aeb814ee0ba2a013b0998980b,9,3a105be486bb475984497ed503e6d766,4,l_mutation,absent,0c9b935ac4d74215d944e1b58a027eaccd73753495d37df6eb8957bf0f39a7bd,6159,False,plow,plow;spade;rake,False,512,0.3,False,top500,False,1,174
ea_llm_self_adaptive_api_1365_run3_20260724_194909.json,1365,7fb81d33210949e8bbec900b0fb0bd68,9,d85ec5be73c04c398734dc4ad2d907fc,16,l_mutation,genuine,9616f1656302f927d41419c46c7c029bd00f0102228fc56ce21e7208e605f143,6582,False,substrate,substrate;medium;matrix,False,57772,0.3,False,top500,False,1,170
ea_llm_self_adaptive_api_1365_run3_20260724_194909.json,1365,7fb81d33210949e8bbec900b0fb0bd68,9,d85ec5be73c04c398734dc4ad2d907fc,16,l_mutation,wrong,cade39d9ea3a8144a4797da5390c13e490be4629aa1b2c2103c3b40954a39945,6467,False,urban,urban;structures;spaces,False,31553,0.2,False,beyond,False,1,119
ea_llm_self_adaptive_api_1365_run3_20260724_194909.json,1365,7fb81d33210949e8bbec900b0fb0bd68,9,d85ec5be73c04c398734dc4ad2d907fc,16,l_mutation,filler,7d881d57d32dc6a7a0e722171def34f67da231946b9d00a3f721c2ccce5d3391,6570,False,surroundings,surroundings;environment;terrain,False,53189,0.3,False,top500,False,1,214
ea_llm_self_adaptive_api_1365_run3_20260724_194909.json,1365,7fb81d33210949e8bbec900b0fb0bd68,9,d85ec5be73c04c398734dc4ad2d907fc,16,l_mutation,absent,78fe6970470f46f713b95ad8575d4c250ae4881b0757e72d21185e7665808f16,6229,False,roughness,roughness;porosity;surface,False,57316,0.3,False,top500,False,1,130
ea_llm_self_adaptive_api_1365_run3_20260724_194909.json,1365,058aa8e4e5ff43e0bc12f7aa30c4d7b0,9,27d16028f79b4e2883c3808aff754de0,32,m_mutation,genuine,82c70b4a2beae5b628556e76e16e8184562c188fa5ae77d1a046060de601cea2,6605,False,vessel,vessel;flask;bottle,False,32903,0.3,False,beyond,False,1,188
ea_llm_self_adaptive_api_1365_run3_20260724_194909.json,1365,058aa8e4e5ff43e0bc12f7aa30c4d7b0,9,27d16028f79b4e2883c3808aff754de0,32,m_mutation,wrong,c21507b9d65aba2db701afd0d2aebf5d3f47b4eaa5570d68d924aca9da22da32,6567,False,brine,brine;acid;conserve,False,3012,0.6,False,top500,False,1,146
ea_llm_self_adaptive_api_1365_run3_20260724_194909.json,1365,058aa8e4e5ff43e0bc12f7aa30c4d7b0,9,27d16028f79b4e2883c3808aff754de0,32,m_mutation,filler,7baf5f691f1292fe52296e4c775b48e53b69b1906a628e5ee430c9438af997c1,6597,False,brine,brine;acid;saline,False,3012,0.6,False,top500,False,1,111
ea_llm_self_adaptive_api_1365_run3_20260724_194909.json,1365,058aa8e4e5ff43e0bc12f7aa30c4d7b0,9,27d16028f79b4e2883c3808aff754de0,32,m_mutation,absent,2ee49db90461906bf0b6e626339a254b7b5b505b18259cee33fb0b651a784190,6332,False,brine,brine;acid;salt,False,3012,0.7,False,top100,False,1,165
ea_llm_self_adaptive_api_1365_run3_20260724_194909.json,1365,c83ac973d5ad47dd95310666d9abbd9c,9,c7d6f48708354e2599f10bf3eedc9881,39,ml_mutation,genuine,4a73d63fe15abf863156212821f77c317dc5d05849dfa051e775e35edd43db8c,6410,False,pod,pod;seed;fruit,False,995,0.6,False,top100,False,1,109
ea_llm_self_adaptive_api_1365_run3_20260724_194909.json,1365,c83ac973d5ad47dd95310666d9abbd9c,9,c7d6f48708354e2599f10bf3eedc9881,39,ml_mutation,wrong,b5137f00be2de86374f6bef0dbf83d39d0bb620722249150809bac2c3345e4db,6426,False,pod,pod;seed;leaf,False,995,0.6,False,top100,False,1,114
ea_llm_self_adaptive_api_1365_run3_20260724_194909.json,1365,c83ac973d5ad47dd95310666d9abbd9c,9,c7d6f48708354e2599f10bf3eedc9881,39,ml_mutation,filler,55fb9b70a1dd5f27ce623bf0f14a1cff4d97912324f8cd9661486a3c4ea2e457,6421,False,fibrous,fibrous;waxy;tough,False,6730,0.3,False,beyond,False,1,189
ea_llm_self_adaptive_api_1365_run3_20260724_194909.json,1365,c83ac973d5ad47dd95310666d9abbd9c,9,c7d6f48708354e2599f10bf3eedc9881,39,ml_mutation,absent,cddab79cc5d9776634d7fd6fba11ec4b61d1be9c278a123b7415c08d41138524,6193,False,seed,seed;leaf;root,False,145,0.5,False,top500,False,1,207
ea_llm_self_adaptive_api_1365_run4_20260725_005857.json,1365,c80f2f0b2fbe4501ba99032b3459016f,2,bcf4474f22e34b6197c4039b4f5d8322,112,ml_mutation,genuine,c0e6a6e7cf9c7b21e507a6d4509ecd1eb51b100a4c9c914a0d9b80e5ead76652,3548,False,oil,oil;flour;honey,False,1643,0.5,False,top500,False,1,153
ea_llm_self_adaptive_api_1365_run4_20260725_005857.json,1365,c80f2f0b2fbe4501ba99032b3459016f,2,bcf4474f22e34b6197c4039b4f5d8322,112,ml_mutation,wrong,3dbf8fd5506da2d7dc166c730e1983b90db6d1fbd19909812a164e450e41fd2c,3593,False,pulp,pulp;rind;pith,False,1378,0.3,False,top500,False,1,137
ea_llm_self_adaptive_api_1365_run4_20260725_005857.json,1365,c80f2f0b2fbe4501ba99032b3459016f,2,bcf4474f22e34b6197c4039b4f5d8322,112,ml_mutation,filler,2091cbb1006a5975d16a71c864745919b35140b6654b28c8ba0e54ae7a231727,3552,False,tart,tart;mellow;ripe,True,,0.4,False,top500,False,1,186
ea_llm_self_adaptive_api_1365_run4_20260725_005857.json,1365,c80f2f0b2fbe4501ba99032b3459016f,2,bcf4474f22e34b6197c4039b4f5d8322,112,ml_mutation,absent,87718cde914fdb07d03515db705a0b86292de22c0c509052584affd629ee05cb,3362,False,sweet,sweet;round;tall,False,473,0.3,False,top500,False,1,198
ea_llm_self_adaptive_api_1365_run4_20260725_005857.json,1365,60dc066cae6349d3b0e63314bdd0cf94,3,bcf4474f22e34b6197c4039b4f5d8322,112,ml_mutation,genuine,18885a8a6f59c93ef4c3885d7a4b9fc6e496bb8ec6f86f9c63a45d88186c359c,4006,False,sour,sour;tart;juicy,False,288,0.6,False,top500,False,1,121
ea_llm_self_adaptive_api_1365_run4_20260725_005857.json,1365,60dc066cae6349d3b0e63314bdd0cf94,3,bcf4474f22e34b6197c4039b4f5d8322,112,ml_mutation,wrong,08ab0906382b38e55c90d3f07b2f499f103c347b3c8be363fc155cde12e182e7,4041,False,color,color;texture;shape,False,12247,0.6,False,beyond,False,1,144
ea_llm_self_adaptive_api_1365_run4_20260725_005857.json,1365,60dc066cae6349d3b0e63314bdd0cf94,3,bcf4474f22e34b6197c4039b4f5d8322,112,ml_mutation,filler,e09ad56de621c07dcd518e9b52075fb2b581f95a17bbd76bbed8d02a497a9740,4010,False,pepper,pepper;cumin;coriander,False,100,0.2,False,beyond,False,1,136
ea_llm_self_adaptive_api_1365_run4_20260725_005857.json,1365,60dc066cae6349d3b0e63314bdd0cf94,3,bcf4474f22e34b6197c4039b4f5d8322,112,ml_mutation,absent,817702a2cf2ea56b94454837a123875bbe4f46e49a150f86b5c7bc85605cc3df,3820,False,sugar,sugar;honey;flour,False,743,0.3,False,top500,False,1,166
ea_llm_self_adaptive_api_1365_run4_20260725_005857.json,1365,d470d0ff14bc4f3cb4cc24c07bbc2b40,4,784b60c58ec84772a3e6323112a30b0c,149,m_mutation,genuine,3d41d1cd89e867f53c5240c75c6da52b2173e48346edc3261822497d63343bfe,4443,False,oil,oil;tree;paste,False,1643,0.3,False,top500,False,1,142
ea_llm_self_adaptive_api_1365_run4_20260725_005857.json,1365,d470d0ff14bc4f3cb4cc24c07bbc2b40,4,784b60c58ec84772a3e6323112a30b0c,149,m_mutation,wrong,5d98dc5f0e4545e8f834fcf2b83f711970048890bb09e004bd7096114901b554,4462,False,oil,oil;sap;pulp,False,1643,0.6,False,top100,False,1,139
ea_llm_self_adaptive_api_1365_run4_20260725_005857.json,1365,d470d0ff14bc4f3cb4cc24c07bbc2b40,4,784b60c58ec84772a3e6323112a30b0c,149,m_mutation,filler,69734d95d3a7730462e87796a3f9f2564ec4a1c08975dde56c55f1f51100ba42,4431,False,ancient,ancient;symbol;oil,False,21055,0.3,False,beyond,False,1,93
ea_llm_self_adaptive_api_1365_run4_20260725_005857.json,1365,d470d0ff14bc4f3cb4cc24c07bbc2b40,4,784b60c58ec84772a3e6323112a30b0c,149,m_mutation,absent,3340fb3287a7f9a7e3169919ef9e7b02c5e1f513800d43599df48958ce47e924,4241,False,oil,oil;tree;press,False,1643,0.6,False,top500,False,1,125
ea_llm_self_adaptive_api_1365_run4_20260725_005857.json,1365,83671830d187410d882c79d250dd1cfd,5,a86582af70c94b7d807873b6f33f3a94,30,s_mutation,genuine,73796de1e5422da431e062a426481a68af326a20ffb578c4020056ba12fcd8f0,5126,False,smash,smash;grind;blend,False,504,0.7,False,top100,False,1,97
ea_llm_self_adaptive_api_1365_run4_20260725_005857.json,1365,83671830d187410d882c79d250dd1cfd,5,a86582af70c94b7d807873b6f33f3a94,30,s_mutation,wrong,fd4670def52a673b50089369ef9a5e57ca7d010f50ac44078557bd8841e548d9,5099,False,blend,blend;smash;stir,False,8419,0.7,False,top100,False,1,131
ea_llm_self_adaptive_api_1365_run4_20260725_005857.json,1365,83671830d187410d882c79d250dd1cfd,5,a86582af70c94b7d807873b6f33f3a94,30,s_mutation,filler,2906520661dce393290b2686c1f89d354c76a2d3dc90eafc47f516903510ebeb,5108,False,blend,blend;knead;combine,False,8419,0.7,False,top500,False,1,140
ea_llm_self_adaptive_api_1365_run4_20260725_005857.json,1365,83671830d187410d882c79d250dd1cfd,5,a86582af70c94b7d807873b6f33f3a94,30,s_mutation,absent,ca925b21f8e8dcd46ab0fd8442ca62d3419a499c0815a7d62f7558eabe7191f4,4880,False,smash,smash;pound;blend,False,504,0.6,False,top100,False,1,136
ea_llm_self_adaptive_api_1365_run4_20260725_005857.json,1365,c31165dc536e47b2b7a98ec1313135b7,6,af362bc7994f4b418133e5444859fad8,49,m_mutation,genuine,0a312b32a67ec290a5e266fa1d0cc699d0c027edf5250f434ea3c3c3c5bb8858,5150,False,layer,layer;sheath;film,False,4326,0.6,False,top500,False,1,114
ea_llm_self_adaptive_api_1365_run4_20260725_005857.json,1365,c31165dc536e47b2b7a98ec1313135b7,6,af362bc7994f4b418133e5444859fad8,49,m_mutation,wrong,d8ad752ab2cfdb155b0d6d519229c02718eeefbaa15d0bb4d0e4ffe98f16b487,5163,False,skin,skin;shell;coating,False,1099,0.6,False,top500,False,1,194
ea_llm_self_adaptive_api_1365_run4_20260725_005857.json,1365,c31165dc536e47b2b7a98ec1313135b7,6,af362bc7994f4b418133e5444859fad8,49,m_mutation,filler,84f1c7e2a092154f5dfcf8bde41c09989ec97400a272fd51ba8bd7c6325df1be,5160,False,exfoliate,exfoliate;scrape;strip,False,10786,0.4,False,top500,False,1,154
ea_llm_self_adaptive_api_1365_run4_20260725_005857.json,1365,c31165dc536e47b2b7a98ec1313135b7,6,af362bc7994f4b418133e5444859fad8,49,m_mutation,absent,294099043dfb43a2026a128739b82328c616a64b81cb90c97c5dd7ff2c28843b,4932,False,layer,layer;cover;shell,False,4326,0.6,False,top500,False,1,112
ea_llm_self_adaptive_api_1365_run4_20260725_005857.json,1365,849081912fd141f0a17aee91cc047d59,7,af362bc7994f4b418133e5444859fad8,49,s_mutation,genuine,09c9b43026c9fe041ef395363a5051b9dc4d2110295469a6e171aa441cc65696,5440,False,rind,rind;skin;zest,False,360,0.6,False,top500,False,1,117
ea_llm_self_adaptive_api_1365_run4_20260725_005857.json,1365,849081912fd141f0a17aee91cc047d59,7,af362bc7994f4b418133e5444859fad8,49,s_mutation,wrong,c1e741ad4a49306ff36e5a8994793eb3decc3993c16f47b7352c49e3aaa8b2bf,5458,False,rind,rind;skin;shell,False,360,0.7,False,top100,False,1,109
ea_llm_self_adaptive_api_1365_run4_20260725_005857.json,1365,849081912fd141f0a17aee91cc047d59,7,af362bc7994f4b418133e5444859fad8,49,s_mutation,filler,940e5015366b8da62a2a8b1f21132b39b62c12045bc1c1daf943b7c9700c7686,5450,False,rind,rind;skin;coat,False,360,0.6,False,top500,False,1,76
ea_llm_self_adaptive_api_1365_run4_20260725_005857.json,1365,849081912fd141f0a17aee91cc047d59,7,af362bc7994f4b418133e5444859fad8,49,s_mutation,absent,76e6e42b47c8c2102482e4c742ab19586a075d1acc1fde55c79946061051d6a2,5222,False,rind,rind;skin;layer,False,360,0.4,False,top500,False,1,78
ea_llm_self_adaptive_api_1365_run4_20260725_005857.json,1365,1815a150595b4b76bef9e28a4c37a490,8,af362bc7994f4b418133e5444859fad8,49,m_mutation,genuine,777d7a421b32c65ee3d1af3b869ad1ee5b07cb48e472e1b5b12d70b0f3200038,5994,False,tool,tool;knife;scraper,False,28258,0.4,False,top500,False,1,98
ea_llm_self_adaptive_api_1365_run4_20260725_005857.json,1365,1815a150595b4b76bef9e28a4c37a490,8,af362bc7994f4b418133e5444859fad8,49,m_mutation,wrong,37f87196943662b34d3425635e3af448b87eb412272cabef53530127fa3bf64b,6007,False,layer,layer;surface;film,False,4326,0.3,False,top500,False,1,111
ea_llm_self_adaptive_api_1365_run4_20260725_005857.json,1365,1815a150595b4b76bef9e28a4c37a490,8,af362bc7994f4b418133e5444859fad8,49,m_mutation,filler,b18fd9d681c1ce672c8a6a43e1582f6ba9b72eadfe4adc174ba2743d89eef0df,6004,False,scrape,scrape;cover;surface,False,987,0.6,False,top500,False,1,146
ea_llm_self_adaptive_api_1365_run4_20260725_005857.json,1365,1815a150595b4b76bef9e28a4c37a490,8,af362bc7994f4b418133e5444859fad8,49,m_mutation,absent,5ca217bd6d974c86c9bd5c84f1c995ced50473cbd07a1f9e0117be621b09a507,5776,False,crust,crust;hull;grain,False,534,0.5,False,top500,False,1,134
ea_llm_self_adaptive_api_1365_run4_20260725_005857.json,1365,ec544d6ae24c4c228e4c2a1474e4161f,9,bcf4474f22e34b6197c4039b4f5d8322,112,l_mutation,genuine,8f9f83bda094e59b6bf7602bd495526ac1f3f5f10e92c008e424b736b476e41d,6517,False,landscapes,landscapes;terrain;natural,False,8192,0.1,False,beyond,False,1,173
ea_llm_self_adaptive_api_1365_run4_20260725_005857.json,1365,ec544d6ae24c4c228e4c2a1474e4161f,9,bcf4474f22e34b6197c4039b4f5d8322,112,l_mutation,wrong,0cd964c997082d03049a97377743d4c12eed4f9c25d5897b5f08b10baecbc7f3,6568,False,symbol,symbol;emblem;token,False,32368,0.2,False,beyond,False,1,255
ea_llm_self_adaptive_api_1365_run4_20260725_005857.json,1365,ec544d6ae24c4c228e4c2a1474e4161f,9,bcf4474f22e34b6197c4039b4f5d8322,112,l_mutation,filler,5f6d58393ace7383278e17d7ae16c858c57226afd3daf592cabdf6d865258afb,6521,False,liquid,liquid;solid;gas,False,20862,0.5,False,top500,False,1,146
ea_llm_self_adaptive_api_1365_run4_20260725_005857.json,1365,ec544d6ae24c4c228e4c2a1474e4161f,9,bcf4474f22e34b6197c4039b4f5d8322,112,l_mutation,absent,68310d821412ef3df1cf0582c49c92c99b924248fd4a4f98576e1cbf68a52f8c,6331,False,yard,yard;porch;deck,False,2132,0.5,False,top500,False,1,110
ea_llm_self_adaptive_api_1365_run4_20260725_005857.json,1365,c0411ba7d0e64637849f6c3160dbccf1,10,af362bc7994f4b418133e5444859fad8,49,l_mutation,genuine,3150c5ae4a5dce4a7eebb9a46ee385623b518762c59c438bba41fc483ca0c93a,6824,False,sheath,sheath;membrane;scale,False,5552,0.4,False,top500,False,1,159
ea_llm_self_adaptive_api_1365_run4_20260725_005857.json,1365,c0411ba7d0e64637849f6c3160dbccf1,10,af362bc7994f4b418133e5444859fad8,49,l_mutation,wrong,b58dd3ed26e2174af92357ba3f2cb8b76fc612f78662807400cca7b23ec86b9b,6826,False,scrape,scrape;sheen;shear,False,987,0.3,False,top500,False,1,167
ea_llm_self_adaptive_api_1365_run4_20260725_005857.json,1365,c0411ba7d0e64637849f6c3160dbccf1,10,af362bc7994f4b418133e5444859fad8,49,l_mutation,filler,0a1d44bb8ab091e19eef69feab37e64c18a94ad84d2ec1a6bb651bbb502ec8ca,6834,False,scrape,scrape;buff;polish,False,987,0.4,False,top500,False,1,153
ea_llm_self_adaptive_api_1365_run4_20260725_005857.json,1365,c0411ba7d0e64637849f6c3160dbccf1,10,af362bc7994f4b418133e5444859fad8,49,l_mutation,absent,d84b043d518701e65b10af1ce028ea663c3431f3abfecb250ec3e8c8bf915e57,6606,False,remove,remove;sever;strip,False,7287,0.4,False,top500,False,1,141
ea_llm_self_adaptive_api_1365_run4_20260725_005857.json,1365,f247944ec71a48eab6470a8881b24d92,11,056d46709d5541668a52bff6aaf4c483,145,l_mutation,genuine,63dcc163ac43f9c46c8ebae40092fccf6a63789ae210ffed8e03719407bcba86,7267,False,moisture,moisture;temperature;humus,False,21038,0.3,False,top500,False,1,156
ea_llm_self_adaptive_api_1365_run4_20260725_005857.json,1365,f247944ec71a48eab6470a8881b24d92,11,056d46709d5541668a52bff6aaf4c483,145,l_mutation,wrong,255a986a1ebe63e2880665bb3f044b8bffe2ced6da560072d133801c479a274d,7262,False,air,air;light;temperature,False,53658,0.3,False,top500,False,1,179
ea_llm_self_adaptive_api_1365_run4_20260725_005857.json,1365,f247944ec71a48eab6470a8881b24d92,11,056d46709d5541668a52bff6aaf4c483,145,l_mutation,filler,50c4c886cb240e07da083b8633f69b8160171d3deb2ccfba81ed53dfc846af4c,7273,False,storage,storage;transport;packaging,False,24013,0.3,False,top500,False,1,165
ea_llm_self_adaptive_api_1365_run4_20260725_005857.json,1365,f247944ec71a48eab6470a8881b24d92,11,056d46709d5541668a52bff6aaf4c483,145,l_mutation,absent,8cae249c74d7255167e36701b527fc90775b7d36f0c90bb2776ca45cf88b9063,7045,False,dispersal,dispersal;migration;distribution,False,47070,0.3,False,top500,False,1,145
ea_llm_self_adaptive_api_1365_run4_20260725_005857.json,1365,a1c1fc786fc94e899078b48c4bcab09a,12,bcf4474f22e34b6197c4039b4f5d8322,78,m_mutation,genuine,a96e8e6dac43dd9df1011d5dfefc62dba4dc5fdc3833c980fc95c96a70ca6d56,7479,False,nutrient,nutrient;fat;oily,False,1949,0.5,False,top500,False,1,135
ea_llm_self_adaptive_api_1365_run4_20260725_005857.json,1365,a1c1fc786fc94e899078b48c4bcab09a,12,bcf4474f22e34b6197c4039b4f5d8322,78,m_mutation,wrong,f5070f9d7c9703df97854830551834ff169f6dc5e4d4b19079ba817420eef602,7515,False,dip,dip;butter;puree,False,760,0.6,False,top100,False,1,144
ea_llm_self_adaptive_api_1365_run4_20260725_005857.json,1365,a1c1fc786fc94e899078b48c4bcab09a,12,bcf4474f22e34b6197c4039b4f5d8322,78,m_mutation,filler,baa8aca474a269c4acf5a98641adab0e9180ab684003c90a3907c47b92adb548,7483,False,pit,pit;mash;cream,False,886,0.5,False,top500,False,1,214
ea_llm_self_adaptive_api_1365_run4_20260725_005857.json,1365,a1c1fc786fc94e899078b48c4bcab09a,12,bcf4474f22e34b6197c4039b4f5d8322,78,m_mutation,absent,1d8f769f656e013511e8c6e1ed0cc58692b0d179a1bf9763556e735b46039c11,7293,False,butter,butter;cream;fat,False,307,0.75,False,top100,False,1,134
ea_llm_self_adaptive_api_1365_run4_20260725_005857.json,1365,7e175769d8c44c8b9569787e3f834829,13,af362bc7994f4b418133e5444859fad8,49,l_mutation,genuine,96f7d09631a81fe7fbbcdf54b1148087ef75435f2fd7f1ab18aafe29667059c5,7677,False,barrier,barrier;shield;guard,False,59388,0.3,False,top500,False,1,182
ea_llm_self_adaptive_api_1365_run4_20260725_005857.json,1365,7e175769d8c44c8b9569787e3f834829,13,af362bc7994f4b418133e5444859fad8,49,l_mutation,wrong,76a06da2af604618d7b65f4adb371b804d9f51805fc74620c3bdec79bdfd1d9c,7694,False,natural,natural;organic;biodegradable,False,22424,0.3,False,top500,False,1,140
ea_llm_self_adaptive_api_1365_run4_20260725_005857.json,1365,7e175769d8c44c8b9569787e3f834829,13,af362bc7994f4b418133e5444859fad8,49,l_mutation,filler,ea7d138b38044b2cbe9ab5fb0a39468778c6a8a20db00130fcfe03dd93b63735,7687,False,film,film;sheen;coating,False,59542,0.2,False,top500,False,1,156
ea_llm_self_adaptive_api_1365_run4_20260725_005857.json,1365,7e175769d8c44c8b9569787e3f834829,13,af362bc7994f4b418133e5444859fad8,49,l_mutation,absent,1c2fefe834030ed0c0c34595256f3d479f6eba4b34deeadb90f9ee5a6c206d00,7459,False,river,river;mountain;plain,False,30789,0.3,False,top500,False,1,114
ea_llm_self_adaptive_api_1365_run4_20260725_005857.json,1365,d67aa36f74574abb97a3cfbcba483173,14,a86582af70c94b7d807873b6f33f3a94,30,l_mutation,genuine,203ecc4a21260dc32466cc2555c8417b5b176ef6997122981a4d5557d026a4f8,7997,False,weave,weave;knit;spin,False,25817,0.3,False,beyond,False,1,205
ea_llm_self_adaptive_api_1365_run4_20260725_005857.json,1365,d67aa36f74574abb97a3cfbcba483173,14,a86582af70c94b7d807873b6f33f3a94,30,l_mutation,wrong,413f42dff9acfb2f31f9684ae442f5bf6a5c0f903c1af37e8aa159e6f34969bc,7964,False,pressure,pressure;force;impact,False,10590,0.3,False,top500,False,1,181
ea_llm_self_adaptive_api_1365_run4_20260725_005857.json,1365,d67aa36f74574abb97a3cfbcba483173,14,a86582af70c94b7d807873b6f33f3a94,30,l_mutation,filler,0a2684d58b9a6cabc5603e37e92ed04092751599731860ed0d113fe8a5921412,7979,False,dissolve,dissolve;merge;combine,False,18874,0.3,False,top500,False,1,151
ea_llm_self_adaptive_api_1365_run4_20260725_005857.json,1365,d67aa36f74574abb97a3cfbcba483173,14,a86582af70c94b7d807873b6f33f3a94,30,l_mutation,absent,66dcf5614e442c3ea5f1b91d6feaf75bbf5611ac297d41fc8c75a54208d7d441,7751,False,press,press;form;alter,False,14732,0.4,False,top500,False,1,121
ea_llm_self_adaptive_api_1365_run4_20260725_005857.json,1365,6bbebd33e48a46858485279989baa74a,15,af362bc7994f4b418133e5444859fad8,49,s_mutation,genuine,a7a8bd601bae5f63000cf123d63de098a9d452eb7fac8f57aa1f7c58dd645d14,8058,False,rind,rind;skin;sheath,False,360,0.3,False,top500,False,1,94
ea_llm_self_adaptive_api_1365_run4_20260725_005857.json,1365,6bbebd33e48a46858485279989baa74a,15,af362bc7994f4b418133e5444859fad8,49,s_mutation,wrong,bc37ee944c806b130a90286f87a44be9ef39d3c77238560be666fb266f9da494,8076,False,sheath,sheath;layer;crust,False,5552,0.6,False,top500,False,1,132
ea_llm_self_adaptive_api_1365_run4_20260725_005857.json,1365,6bbebd33e48a46858485279989baa74a,15,af362bc7994f4b418133e5444859fad8,49,s_mutation,filler,5c30601f4c374f665c561e0d0ecf60d9d73a691014f47768169e944c287aca5f,8068,False,skin,skin;layer;film,False,1099,0.7,False,top500,False,1,141
ea_llm_self_adaptive_api_1365_run4_20260725_005857.json,1365,6bbebd33e48a46858485279989baa74a,15,af362bc7994f4b418133e5444859fad8,49,s_mutation,absent,b764c915339a813ee74302c38907fefbdc566241a3b9ec74bc58d7286f862b9d,7840,False,rind,rind;skin;shell,False,360,0.7,False,top100,False,1,127
ea_llm_self_adaptive_api_1365_run4_20260725_005857.json,1365,7069b2a8db814369a66ddfdd29a5fba4,16,de2b3537a40345bf9a6224c90914fe66,16,m_mutation,genuine,8a8ff452f1228132fce53541d5d38c7fd49b61c337633337c88a9eac2f622132,8446,False,edible,edible;shoot;leaf,False,544,0.6,False,top500,False,1,144
ea_llm_self_adaptive_api_1365_run4_20260725_005857.json,1365,7069b2a8db814369a66ddfdd29a5fba4,16,de2b3537a40345bf9a6224c90914fe66,16,m_mutation,wrong,0fc75d55f871eb298310ab1dbd97241d8bda11f6e1470bd2264910a21b7fc655,8292,False,emerge,emerge;develop;form,False,29522,0.6,False,top500,False,1,188
ea_llm_self_adaptive_api_1365_run4_20260725_005857.json,1365,7069b2a8db814369a66ddfdd29a5fba4,16,de2b3537a40345bf9a6224c90914fe66,16,m_mutation,filler,c5b9b54109653ee834ea879ba717e582cbf46024939d14d7d14ec4a6e29ed5df,8420,False,emerge,emerge;develop;arise,False,29522,0.4,False,top500,False,1,174
ea_llm_self_adaptive_api_1365_run4_20260725_005857.json,1365,7069b2a8db814369a66ddfdd29a5fba4,16,de2b3537a40345bf9a6224c90914fe66,16,m_mutation,absent,3c77d0cc327bb687ec11cfc7c7a78d47ffc2be00dbfa4f28df76e835276b46c8,8079,False,develop,develop;arise;initiate,False,51615,0.2,False,beyond,False,1,164
ea_llm_self_adaptive_api_1365_run4_20260725_005857.json,1365,27bab965db2a44ad8767fa26e6dd2df5,17,6d6ba348e5c946948944ce1d27e6bebd,40,l_mutation,genuine,5e90447e5e046f74d495cea4fcfc891d6f3e32a98cbcbb0094b3961a7d2d886b,8634,False,fuel,fuel;biomass;energy,False,23243,0.1,False,beyond,False,1,153
ea_llm_self_adaptive_api_1365_run4_20260725_005857.json,1365,27bab965db2a44ad8767fa26e6dd2df5,17,6d6ba348e5c946948944ce1d27e6bebd,40,l_mutation,wrong,bbaa214c0b68e21f60b2459ba84308971e2b3179a0d3bf748d05e7ec0b950fb1,8641,False,soil,soil;climate;water,False,2402,0.2,False,beyond,False,1,137
ea_llm_self_adaptive_api_1365_run4_20260725_005857.json,1365,27bab965db2a44ad8767fa26e6dd2df5,17,6d6ba348e5c946948944ce1d27e6bebd,40,l_mutation,filler,dbc6875b966df126c4772cc9a24ba1ae5da1fd991dd1ed8d9be3ed66c34b81da,8636,False,vessel,vessel;pot;pan,False,32903,0.1,False,beyond,False,1,163
ea_llm_self_adaptive_api_1365_run4_20260725_005857.json,1365,27bab965db2a44ad8767fa26e6dd2df5,17,6d6ba348e5c946948944ce1d27e6bebd,40,l_mutation,absent,41adc3cd9e7771a748e0f70558a77adb898eaaa636ead0e7de6562a62ff772b2,8408,False,dal,dal;stew;curry,False,722,0.4,False,top500,False,1,163
ea_llm_self_adaptive_api_1365_run4_20260725_005857.json,1365,46840899554f441f89505ce214420f3d,18,af362bc7994f4b418133e5444859fad8,49,s_mutation,genuine,7e4220bc38a76912f2d4866039391ac26b51d46bdb5c50d80666ff7ec78cce34,8607,False,skin,skin;crust;outer,False,1099,0.5,False,top500,False,1,143
ea_llm_self_adaptive_api_1365_run4_20260725_005857.json,1365,46840899554f441f89505ce214420f3d,18,af362bc7994f4b418133e5444859fad8,49,s_mutation,wrong,630ea185033730092c9e456f1504f8a69bc2c71ce0072b969615bc9e9874f07a,8620,False,rind,rind;skin;coat,False,360,0.7,False,top500,False,1,106
ea_llm_self_adaptive_api_1365_run4_20260725_005857.json,1365,46840899554f441f89505ce214420f3d,18,af362bc7994f4b418133e5444859fad8,49,s_mutation,filler,6642a5aac8102464f628eb41f76f1f175a1213df30bc49980ee0d0658e11738f,8617,False,rind,rind;skin;crust,False,360,0.7,False,top500,False,1,95
ea_llm_self_adaptive_api_1365_run4_20260725_005857.json,1365,46840899554f441f89505ce214420f3d,18,af362bc7994f4b418133e5444859fad8,49,s_mutation,absent,a8b65496684b7f56f60f8de2a5d1acd2868726355cbf5c4923c02b62ac739feb,8389,False,skin,skin;sheath;shell,False,1099,0.6,False,top500,False,1,99
ea_llm_self_adaptive_api_1365_run4_20260725_005857.json,1365,e8380c6ec2ea4b6b9ff8ec6bd38d98f0,19,70691a72634f4292bfd9a80730d74a72,48,ml_mutation,genuine,c0563c58d56bfd0692fd0cad720d4e3ef38acf7d9a2144a140de422ba67f4fbf,8612,False,pod,pod;seed;root,False,995,0.3,False,top500,False,1,162
ea_llm_self_adaptive_api_1365_run4_20260725_005857.json,1365,e8380c6ec2ea4b6b9ff8ec6bd38d98f0,19,70691a72634f4292bfd9a80730d74a72,48,ml_mutation,wrong,8e2c59138b1997cb4f4edac6df6f82c4908b51ab99ad12bcbaea789a976ad15b,8574,False,barley,barley;wheat;maize,False,192,0.3,False,top500,False,1,145
ea_llm_self_adaptive_api_1365_run4_20260725_005857.json,1365,e8380c6ec2ea4b6b9ff8ec6bd38d98f0,19,70691a72634f4292bfd9a80730d74a72,48,ml_mutation,filler,7c97b9da54fc6cf5e975b3500ea8cbecb70535c1c8b050582f87aad9d0e47c65,8606,False,root,root;seed;pulp,False,358,0.4,False,top500,False,1,187
ea_llm_self_adaptive_api_1365_run4_20260725_005857.json,1365,e8380c6ec2ea4b6b9ff8ec6bd38d98f0,19,70691a72634f4292bfd9a80730d74a72,48,ml_mutation,absent,87f92f81be9944d4b552b7deeee2e2fe2363c113c5162cd72428c5ed554e6b89,8341,False,cassava,cassava;maize;sorghum,False,191,0.3,False,top500,False,1,205
ea_llm_self_adaptive_api_1365_run4_20260725_005857.json,1365,e239b6a7901d452098652578f07abcc7,20,70691a72634f4292bfd9a80730d74a72,48,m_mutation,genuine,e50345063c98ddea61e3ac8473da9fd6b0a143e9d560128209ff8c96a4ff76f3,8775,False,mash,mash;crush;blend,False,30,0.4,False,top500,False,1,109
ea_llm_self_adaptive_api_1365_run4_20260725_005857.json,1365,e239b6a7901d452098652578f07abcc7,20,70691a72634f4292bfd9a80730d74a72,48,m_mutation,wrong,9ea329e998bab230500dd343743b1b8c6cc8189d1f39fb9662fc51299b0019c6,8737,False,split,split;dried;soaked,False,20388,0.5,False,top500,False,1,185
ea_llm_self_adaptive_api_1365_run4_20260725_005857.json,1365,e239b6a7901d452098652578f07abcc7,20,70691a72634f4292bfd9a80730d74a72,48,m_mutation,filler,3e34ea0ecf139fc82a2cbef0c0a78231151166a026a4e870379ef9af0ce9d890,8769,False,dried,dried;split;soaked,False,376,0.6,False,top500,False,1,182
ea_llm_self_adaptive_api_1365_run4_20260725_005857.json,1365,e239b6a7901d452098652578f07abcc7,20,70691a72634f4292bfd9a80730d74a72,48,m_mutation,absent,9f31c77267a94da918e786f48b4076dd56531c5e9a1d6a0e10b40f0f4aa911c6,8504,False,mash,mash;soup;split,False,30,0.3,False,top500,False,1,180
ea_llm_self_adaptive_api_1365_run4_20260725_005857.json,1365,f861360693e24d05b368f486d3271c20,21,de2b3537a40345bf9a6224c90914fe66,16,m_mutation,genuine,ef1e321c3b25ee295a2a4e83c18c5b8101afc7e8329e5ba38b1ce70a6f50bda5,11003,False,emergence,emergence;unfurl;flourish,False,53361,0.3,False,top500,False,1,173
ea_llm_self_adaptive_api_1365_run4_20260725_005857.json,1365,f861360693e24d05b368f486d3271c20,21,de2b3537a40345bf9a6224c90914fe66,16,m_mutation,wrong,d9daf7aa17ca33cd76e7192d95725c1a507343456bfaeb766467e670a02ab1b1,10865,False,unfurl,unfurl;blossom;rise,False,11247,0.35,False,top500,False,1,160
ea_llm_self_adaptive_api_1365_run4_20260725_005857.json,1365,f861360693e24d05b368f486d3271c20,21,de2b3537a40345bf9a6224c90914fe66,16,m_mutation,filler,3dc4525f5c22b9cf291439d62b4afe31aec375919680c46963ed4edd0e8b44f7,10977,False,growth,growth;stage;phase,False,3802,0.5,False,top500,False,1,122
ea_llm_self_adaptive_api_1365_run4_20260725_005857.json,1365,f861360693e24d05b368f486d3271c20,21,de2b3537a40345bf9a6224c90914fe66,16,m_mutation,absent,3bc04c74556002be5c94dffd8f282cf5b2c9135f29d9a97b396d6980669c73e2,10636,False,blossom,blossom;initial;phase,False,728,0.4,False,top500,False,1,132
ea_llm_self_adaptive_api_1365_run4_20260725_005857.json,1365,9b5b75a2e3004e1295588ee24920b33a,22,de2b3537a40345bf9a6224c90914fe66,16,s_mutation,genuine,71bd98c4f5d7843e327da9bb4fa92d2f5959abb6c7510fa9cdc35c35991a8de8,11327,False,unfurl,unfurl;expand;unfold,False,11247,0.6,False,top500,False,1,255
ea_llm_self_adaptive_api_1365_run4_20260725_005857.json,1365,9b5b75a2e3004e1295588ee24920b33a,22,de2b3537a40345bf9a6224c90914fe66,16,s_mutation,wrong,149246696b69828e6ea0dbbbd433a827cea5a9599987c7301df32906aea194a0,11189,False,unfurl,unfurl;crown;flourish,False,11247,0.6,False,top500,False,1,107
ea_llm_self_adaptive_api_1365_run4_20260725_005857.json,1365,9b5b75a2e3004e1295588ee24920b33a,22,de2b3537a40345bf9a6224c90914fe66,16,s_mutation,filler,cd8af5b1ce7a8bc6311a8a36170abc234908c5f286d7525cfd816ee1da45b6f6,11301,False,growth,growth;emergence;unfurl,False,3802,0.4,False,top500,False,1,210
ea_llm_self_adaptive_api_1365_run4_20260725_005857.json,1365,9b5b75a2e3004e1295588ee24920b33a,22,de2b3537a40345bf9a6224c90914fe66,16,s_mutation,absent,8678f08e9a1e3432fb6ff9c673bbc0171d5162c531bab37cb877615cca4bfbcd,10960,False,blossom,blossom;unfurl;expand,False,728,0.6,False,top500,False,1,136
ea_llm_self_adaptive_api_1365_run4_20260725_005857.json,1365,8aecf31d20fa41c49ec01e692035b12d,23,9b5b75a2e3004e1295588ee24920b33a,4,l_mutation,genuine,097228ec2686b94dd11b83a3229495bfcea4803f02f0a7448a543af731785b62,9578,False,source,source;supply;availability,False,6837,0.3,False,top500,False,1,138
ea_llm_self_adaptive_api_1365_run4_20260725_005857.json,1365,8aecf31d20fa41c49ec01e692035b12d,23,9b5b75a2e3004e1295588ee24920b33a,4,l_mutation,wrong,e41b707fd5bb1f4fbadb3769a384aeb04a7dac18da9c3555c16020943bac0ec5,9465,False,mushroom,mushroom;yeast;bacteria,False,68,0.3,False,top500,False,1,137
ea_llm_self_adaptive_api_1365_run4_20260725_005857.json,1365,8aecf31d20fa41c49ec01e692035b12d,23,9b5b75a2e3004e1295588ee24920b33a,4,l_mutation,filler,c83fb9d98959ec58ac26a4d29d5776fb11bb18bebacd8c0f0f71edc69ea88199,9566,False,slice,slice;shred;puree,False,60,0.2,False,beyond,False,1,166
ea_llm_self_adaptive_api_1365_run4_20260725_005857.json,1365,8aecf31d20fa41c49ec01e692035b12d,23,9b5b75a2e3004e1295588ee24920b33a,4,l_mutation,absent,ca3347178a20f838f341e6b01f35d0971d1fc4a32b2960403c51b71f84500b7d,9225,False,light,light;temperature;humidity,False,16017,0.5,False,top500,False,1,154
ea_llm_self_adaptive_api_1365_run4_20260725_005857.json,1365,87d3a684753c49daa16c11e7db98c363,2,056d46709d5541668a52bff6aaf4c483,145,s_mutation,genuine,0f6b6c145f4b244fcd26c13f74fd028b3e0c68b6f469805a3334a141c3c24c6d,3597,False,kernel,kernel;spore;embryo,False,610,0.7,False,top500,False,1,134
ea_llm_self_adaptive_api_1365_run4_20260725_005857.json,1365,87d3a684753c49daa16c11e7db98c363,2,056d46709d5541668a52bff6aaf4c483,145,s_mutation,wrong,96e3df8d44374934f9ec8647b450844f6474ed458c95a277cfad824243543ea1,3592,False,kernel,kernel;spore;embryo,False,610,0.7,False,top500,False,1,118
ea_llm_self_adaptive_api_1365_run4_20260725_005857.json,1365,87d3a684753c49daa16c11e7db98c363,2,056d46709d5541668a52bff6aaf4c483,145,s_mutation,filler,ad84268946c58ba17136df98920bd14f33d88bddbbb6f7d8a442988029a8e942,3603,False,germinate,germinate;sprout;ovule,False,461,0.6,False,top500,False,1,113
ea_llm_self_adaptive_api_1365_run4_20260725_005857.json,1365,87d3a684753c49daa16c11e7db98c363,2,056d46709d5541668a52bff6aaf4c483,145,s_mutation,absent,fb05b6fd1023ec09e84fbd560f6b617eeabe1eee0fd6c92b02c71df0ede4d26b,3375,False,pod,pod;kernel;bean,False,995,0.6,False,top500,False,1,156
ea_llm_self_adaptive_api_1365_run4_20260725_005857.json,1365,5bb078738098408994e01f7707e718c9,3,056d46709d5541668a52bff6aaf4c483,145,ml_mutation,genuine,061ee942e9721cd6aff68ac436c7d48b40393327fabd7abbf535ab6d462c2f0c,4112,False,soil,soil;harvest;fertilizer,False,2402,0.5,False,top500,False,1,138
ea_llm_self_adaptive_api_1365_run4_20260725_005857.json,1365,5bb078738098408994e01f7707e718c9,3,056d46709d5541668a52bff6aaf4c483,145,ml_mutation,wrong,07ac2c45f97fe99e224a7792518ea9ebf2b2827df8a81bc585d9261181a6918e,4113,False,fiber,fiber;resin;latex,False,21497,0.3,False,top500,False,1,87
ea_llm_self_adaptive_api_1365_run4_20260725_005857.json,1365,5bb078738098408994e01f7707e718c9,3,056d46709d5541668a52bff6aaf4c483,145,ml_mutation,filler,9e3541f035ac2e211e56b266f5b99aa86150f111d6338b8a11da18c73758d017,4118,False,producer,producer;decomposer;consumer,False,38079,0.5,False,top500,False,1,128
ea_llm_self_adaptive_api_1365_run4_20260725_005857.json,1365,5bb078738098408994e01f7707e718c9,3,056d46709d5541668a52bff6aaf4c483,145,ml_mutation,absent,fcb783c816c294bea908e680387a1ebe0ff5ed4a1509519f0ce161f078f49a05,3890,False,grain,grain;oil;harvest,False,579,0.6,False,top500,False,1,104
ea_llm_self_adaptive_api_1365_run4_20260725_005857.json,1365,ced7831320074ecea3946ccd042434d1,4,056d46709d5541668a52bff6aaf4c483,145,ml_mutation,genuine,fb034215fc4347ac88931a88d30d2b53cd987a31fd82bf6fa0f0e5acb5e90d6a,4504,False,grow,grow;germinate;cultivate,False,788,0.3,False,top500,False,1,138
ea_llm_self_adaptive_api_1365_run4_20260725_005857.json,1365,ced7831320074ecea3946ccd042434d1,4,056d46709d5541668a52bff6aaf4c483,145,ml_mutation,wrong,a95a00741559b7dd3d82d8e638f32a97c21e9d56e1020bbfe3c222f930051131,4521,False,germinate,germinate;propagate;sprout,False,461,0.4,False,top500,False,1,164
ea_llm_self_adaptive_api_1365_run4_20260725_005857.json,1365,ced7831320074ecea3946ccd042434d1,4,056d46709d5541668a52bff6aaf4c483,145,ml_mutation,filler,e63296ab625635f773c4cfc2659afbe784ff0d4a59f6df1a19f01aecd4f40936,4510,False,migrate,migrate;pollinate;sustain,False,37634,0.4,False,top500,False,1,169
ea_llm_self_adaptive_api_1365_run4_20260725_005857.json,1365,ced7831320074ecea3946ccd042434d1,4,056d46709d5541668a52bff6aaf4c483,145,ml_mutation,absent,fdc4b5b665ad2e60f12eb59f5d063ba80cda3f5c443d549a86161e9a2706a532,4282,False,planting,planting;harvesting;cultivating,False,576,0.5,False,top500,False,1,119
ea_llm_self_adaptive_api_1365_run4_20260725_005857.json,1365,63fd29423b4d409d8043c1cc107130d5,5,bcf4474f22e34b6197c4039b4f5d8322,112,m_mutation,genuine,98eeb8d96d27ac59b88bc7b7caf8ec1c52e5b013d28284b5c711aea49c019b6a,4939,False,shape,shape;texture;sweetness,False,4585,0.5,False,top500,False,1,193
ea_llm_self_adaptive_api_1365_run4_20260725_005857.json,1365,63fd29423b4d409d8043c1cc107130d5,5,bcf4474f22e34b6197c4039b4f5d8322,112,m_mutation,wrong,35d5b3199bbdba002af24b4d4a0914a9c01bf196eae33403098a565674404c0c,4974,False,bend,bend;curve;flex,False,29434,0.5,False,top500,False,1,141
ea_llm_self_adaptive_api_1365_run4_20260725_005857.json,1365,63fd29423b4d409d8043c1cc107130d5,5,bcf4474f22e34b6197c4039b4f5d8322,112,m_mutation,filler,90b7bed3d25ee26da77cb403540260e651ca239545307ccac3b703864532257d,4943,False,shape,shape;form;contour,False,4585,0.5,False,top500,False,1,141
ea_llm_self_adaptive_api_1365_run4_20260725_005857.json,1365,63fd29423b4d409d8043c1cc107130d5,5,bcf4474f22e34b6197c4039b4f5d8322,112,m_mutation,absent,3fd292fd2cc42a25148466e25fbdec5ddc22046bf0e5e030580fd0defbe91795,4753,False,curved,curved;oblong;elongated,False,40195,0.2,False,beyond,False,1,129
ea_llm_self_adaptive_api_1365_run4_20260725_005857.json,1365,a2a7746c866b47ffbc481570035bb324,6,056d46709d5541668a52bff6aaf4c483,145,ml_mutation,genuine,7044735b180e58c0a21cea4ce0ab7a07cced4f7600d876ba2c107fe970674903,5398,False,germinate,germinate;cultivate;sprout,False,461,0.3,False,top500,False,1,150
ea_llm_self_adaptive_api_1365_run4_20260725_005857.json,1365,a2a7746c866b47ffbc481570035bb324,6,056d46709d5541668a52bff6aaf4c483,145,ml_mutation,wrong,6a0f496f24164c0c0b34eae2478d02c95f7914ab53f7be2df84f6fffbb50d5d9,5393,False,fiber,fiber;latex;flax,False,21497,0.3,False,top500,False,1,138
ea_llm_self_adaptive_api_1365_run4_20260725_005857.json,1365,a2a7746c866b47ffbc481570035bb324,6,056d46709d5541668a52bff6aaf4c483,145,ml_mutation,filler,32935f1e6c5646e7413cfde25eb081bb3d41110587592d10db0a4f14495735cb,5404,False,grow,grow;mature;develop,False,788,0.4,False,top500,False,1,137
ea_llm_self_adaptive_api_1365_run4_20260725_005857.json,1365,a2a7746c866b47ffbc481570035bb324,6,056d46709d5541668a52bff6aaf4c483,145,ml_mutation,absent,f4c81fac201d2acba83b6614a94a8c2cbeae8c868906497b8a0990613ef7524b,5176,False,cultivate,cultivate;harvest;sowing,False,985,0.3,False,top500,False,1,193
ea_llm_self_adaptive_api_1365_run4_20260725_005857.json,1365,4e3beaf05c0a4687a3b2779cbcd84997,7,bcf4474f22e34b6197c4039b4f5d8322,112,l_mutation,genuine,94ab2f7959ed5f1fb956a72be4dd13e22b6d69b1e1ac078d267e8e09fdb757ed,5790,False,rock,rock;metal;water,False,27771,0.25,False,top500,False,1,167
ea_llm_self_adaptive_api_1365_run4_20260725_005857.json,1365,4e3beaf05c0a4687a3b2779cbcd84997,7,bcf4474f22e34b6197c4039b4f5d8322,112,l_mutation,wrong,0fd34601289e62645808c46744a0b94cfae48c2bc3dc7ef929b48ba1e71b0a08,5835,False,hill,hill;valley;meadow,False,35086,0.3,False,top500,False,1,198
ea_llm_self_adaptive_api_1365_run4_20260725_005857.json,1365,4e3beaf05c0a4687a3b2779cbcd84997,7,bcf4474f22e34b6197c4039b4f5d8322,112,l_mutation,filler,6be8f48a9efbcbfa86125d6453e38e7b4ccb385f79b984d38d090371bf694831,5794,False,forest,forest;mountain;river,False,18882,0.3,False,top500,False,2,166
ea_llm_self_adaptive_api_1365_run4_20260725_005857.json,1365,4e3beaf05c0a4687a3b2779cbcd84997,7,bcf4474f22e34b6197c4039b4f5d8322,112,l_mutation,absent,356db7d44971181d76e619f60b30d9e04017f796f395abfe9d995aff829a86e9,5604,False,desert,desert;river;mountain,False,8648,0.2,False,beyond,False,1,165
ea_llm_self_adaptive_api_1365_run4_20260725_005857.json,1365,d30afe269f8146948d82d8be0b16f57d,8,056d46709d5541668a52bff6aaf4c483,145,s_mutation,genuine,6c70b8ae97367651b5c52df8bd70723c532450c6575e640dadf38a92ff3c9862,6155,False,kernel,kernel;cotyledon;endosperm,False,610,0.7,False,top500,False,1,90
ea_llm_self_adaptive_api_1365_run4_20260725_005857.json,1365,d30afe269f8146948d82d8be0b16f57d,8,056d46709d5541668a52bff6aaf4c483,145,s_mutation,wrong,b07720d98a48932114a664e5516706d0343837a5257b0c64b0db54f5f4de9486,6173,False,germinate,germinate;sprout;germ,False,461,0.6,False,top500,False,1,178
ea_llm_self_adaptive_api_1365_run4_20260725_005857.json,1365,d30afe269f8146948d82d8be0b16f57d,8,056d46709d5541668a52bff6aaf4c483,145,s_mutation,filler,1b6ad560993edcfc588ceb3c41dfbb19b71ece5e6f7eb6ba496ae06131d42d40,6161,False,grain,grain;germ;sprout,False,579,0.7,False,top500,False,1,97
ea_llm_self_adaptive_api_1365_run4_20260725_005857.json,1365,d30afe269f8146948d82d8be0b16f57d,8,056d46709d5541668a52bff6aaf4c483,145,s_mutation,absent,ff89c4b98d59307c30cc3f0b494bca1d2dcb0544031e6ffb95a6ee06127e5811,5933,False,germ,germ;ovule;seedling,False,1724,0.7,False,top500,False,1,191
ea_llm_self_adaptive_api_1365_run4_20260725_005857.json,1365,e8b075828aed44478ba6ef6a260a51b8,9,a86582af70c94b7d807873b6f33f3a94,30,l_mutation,genuine,a88d418d0e47a0a2d07ac5a2769856b5a50a298357754c0d50c4396f95e6e00c,6493,False,dense,dense;porous;malleable,False,16138,0.3,False,top500,False,1,152
ea_llm_self_adaptive_api_1365_run4_20260725_005857.json,1365,e8b075828aed44478ba6ef6a260a51b8,9,a86582af70c94b7d807873b6f33f3a94,30,l_mutation,wrong,b94b631ea9805b8ae035953df676101dd035244f870aa545c333faf5bfffecc8,6483,False,pressure,pressure;force;impact,False,10590,0.3,False,top500,False,1,159
ea_llm_self_adaptive_api_1365_run4_20260725_005857.json,1365,e8b075828aed44478ba6ef6a260a51b8,9,a86582af70c94b7d807873b6f33f3a94,30,l_mutation,filler,1a551a8ed47429c5e04126d26b43efa3f288d4360eaadc5bf46ad2ac63597003,6475,False,kitchen,kitchen;stove;oven,False,11645,0.4,False,top500,False,1,161
ea_llm_self_adaptive_api_1365_run4_20260725_005857.json,1365,e8b075828aed44478ba6ef6a260a51b8,9,a86582af70c94b7d807873b6f33f3a94,30,l_mutation,absent,2f9a25b408a124c56714a6445da9d9d0b890fad703bf56d86a68c36fa68fb377,6247,False,consistency,consistency;density;uniformity,False,20553,0.4,False,top500,False,1,196
ea_llm_self_adaptive_api_1365_run4_20260725_005857.json,1365,95915ec4aae14a5d921160a595eeea84,10,a86582af70c94b7d807873b6f33f3a94,30,l_mutation,genuine,bf4b932648cf0825ebf438ddb14906493fb6f2a6f85bcfb616f9a54292bc5d7a,6829,False,break,break;split;shatter,False,13381,0.4,False,top500,False,1,167
ea_llm_self_adaptive_api_1365_run4_20260725_005857.json,1365,95915ec4aae14a5d921160a595eeea84,10,a86582af70c94b7d807873b6f33f3a94,30,l_mutation,wrong,6ffeabc6d83ba980a5005329f707385f4d99d51ec710a0250c7b82b70333bc08,6812,False,knife,knife;chopper;blender,False,3150,0.4,False,top500,False,1,132
ea_llm_self_adaptive_api_1365_run4_20260725_005857.json,1365,95915ec4aae14a5d921160a595eeea84,10,a86582af70c94b7d807873b6f33f3a94,30,l_mutation,filler,1c7afdaf8f211f41c9d77b93cca72ee677875a701159940433167a053696de5a,6811,False,press,press;forge;split,False,14732,0.4,False,top500,False,1,223
ea_llm_self_adaptive_api_1365_run4_20260725_005857.json,1365,95915ec4aae14a5d921160a595eeea84,10,a86582af70c94b7d807873b6f33f3a94,30,l_mutation,absent,149a875ae95d14fa6de3b8ccb66c28d46d4eab68cd442bf6031d57dc2910e3ef,6583,False,material,material;property;characteristic,False,73220,0.4,False,top500,False,2,136
ea_llm_self_adaptive_api_1365_run4_20260725_005857.json,1365,cbe3161d29e6414d95559491c9f1eaef,11,af362bc7994f4b418133e5444859fad8,49,s_mutation,genuine,c0b0b384550b578dc07e92246bcaca75759421204311ad8c22b144cc5f5b6666,6907,False,skin,skin;layer;membrane,False,1099,0.6,False,top500,False,1,92
ea_llm_self_adaptive_api_1365_run4_20260725_005857.json,1365,cbe3161d29e6414d95559491c9f1eaef,11,af362bc7994f4b418133e5444859fad8,49,s_mutation,wrong,9d7580c86ad9e6a5cdd8a9f6106ba9aade22fc0fd041a9ec22050e38a623dca8,6925,False,skin,skin;layer;scrape,False,1099,0.6,False,top500,False,1,90
ea_llm_self_adaptive_api_1365_run4_20260725_005857.json,1365,cbe3161d29e6414d95559491c9f1eaef,11,af362bc7994f4b418133e5444859fad8,49,s_mutation,filler,5a9a62dd396846ba7d33b49d2c7992feafb79900abae2f19d696f6b93af975b4,6917,False,rind,rind;skin;sheath,False,360,0.8,False,top500,False,1,96
ea_llm_self_adaptive_api_1365_run4_20260725_005857.json,1365,cbe3161d29e6414d95559491c9f1eaef,11,af362bc7994f4b418133e5444859fad8,49,s_mutation,absent,a8f2dca0819ce7e34fc63dd080fac96f50eeec2429f50e4c3c214c7c46238f40,6689,False,rind,rind;skin;zest,False,360,0.7,False,top500,False,1,76
ea_llm_self_adaptive_api_1365_run4_20260725_005857.json,1365,de2b3537a40345bf9a6224c90914fe66,12,056d46709d5541668a52bff6aaf4c483,145,s_mutation,genuine,8ebb4925df3f58bcc7386d85b0e598a34f64d2bd712c0b9ada8afab7fa76df83,7523,False,kernel,kernel;pit;husk,False,610,0.7,False,top500,False,1,126
ea_llm_self_adaptive_api_1365_run4_20260725_005857.json,1365,de2b3537a40345bf9a6224c90914fe66,12,056d46709d5541668a52bff6aaf4c483,145,s_mutation,wrong,8191342e3c78c37949e082514c892fcec92275ecf398491b727f23da780e76ca,7524,False,grain,grain;pit;bean,False,579,0.6,False,top500,False,1,115
ea_llm_self_adaptive_api_1365_run4_20260725_005857.json,1365,de2b3537a40345bf9a6224c90914fe66,12,056d46709d5541668a52bff6aaf4c483,145,s_mutation,filler,6a04a5e62f8b51cdd16991f967cd1c7f66d1ce6c5c1b16d2a2340da2ae81c1e7,7529,False,kernel,kernel;grain;germ,False,610,0.7,False,top500,False,1,90
ea_llm_self_adaptive_api_1365_run4_20260725_005857.json,1365,de2b3537a40345bf9a6224c90914fe66,12,056d46709d5541668a52bff6aaf4c483,145,s_mutation,absent,18f2baa69cebeac94d73e512400ea23ebfe8bc4129ca0960afc6f56958c0e5b3,7301,False,kernel,kernel;capsule;pit,False,610,0.6,False,top500,False,1,132
ea_llm_self_adaptive_api_1365_run4_20260725_005857.json,1365,dc37197572034b959dba403fb172b440,13,a86582af70c94b7d807873b6f33f3a94,30,ml_mutation,genuine,1742fddaf4c4f43e736aded40a7790239ef3098265f63b30266cbf85e206f0c2,8100,False,tender,tender;moist;wet,False,484,0.6,False,top100,False,1,147
ea_llm_self_adaptive_api_1365_run4_20260725_005857.json,1365,dc37197572034b959dba403fb172b440,13,a86582af70c94b7d807873b6f33f3a94,30,ml_mutation,wrong,2f7c60606fd4102cd1c49b643065036e4ab18f582aa83b423b745e5c4b1e57b4,8085,False,smooth,smooth;velvety;glossy,False,11504,0.3,False,top500,False,1,148
ea_llm_self_adaptive_api_1365_run4_20260725_005857.json,1365,dc37197572034b959dba403fb172b440,13,a86582af70c94b7d807873b6f33f3a94,30,ml_mutation,filler,3a4b3aa0e2d8f2eec4ef697522959d555864f3480ea55db71b42739f8c4cf75a,8082,False,gritty,gritty;chewy;spongy,False,23360,0.5,False,top500,False,1,213
ea_llm_self_adaptive_api_1365_run4_20260725_005857.json,1365,dc37197572034b959dba403fb172b440,13,a86582af70c94b7d807873b6f33f3a94,30,ml_mutation,absent,646cfb79840cbed2852b862a956257bf9bce1a3bbe8784ebf9e6c6e5e9f3c0ec,7854,False,creamy,creamy;tender;moist,False,403,0.6,False,top500,False,1,169
ea_llm_self_adaptive_api_1365_run4_20260725_005857.json,1365,3211a5fcfe834e2ba09fc7543653637e,14,af362bc7994f4b418133e5444859fad8,49,l_mutation,genuine,c1d9eba3d5f01f2539a6dd7402ae317409fce2cbc38be3ea0b5c2abc1f1cd320,7979,False,decompose,decompose;rot;decay,False,5205,0.3,False,top500,False,1,136
ea_llm_self_adaptive_api_1365_run4_20260725_005857.json,1365,3211a5fcfe834e2ba09fc7543653637e,14,af362bc7994f4b418133e5444859fad8,49,l_mutation,wrong,99882c911dd451458bea03401ef0a538e9450e6cb70267275ed05ee280a39ae8,7974,False,texture,texture;layer;material,False,4499,0.3,False,top500,False,1,171
ea_llm_self_adaptive_api_1365_run4_20260725_005857.json,1365,3211a5fcfe834e2ba09fc7543653637e,14,af362bc7994f4b418133e5444859fad8,49,l_mutation,filler,60130b1ceee6d5c6f08719b689a10a386be300f10cb9820f7841bf9c06efc137,7989,False,scrape,scrape;score;shave,False,987,0.25,False,top500,False,1,153
ea_llm_self_adaptive_api_1365_run4_20260725_005857.json,1365,3211a5fcfe834e2ba09fc7543653637e,14,af362bc7994f4b418133e5444859fad8,49,l_mutation,absent,60f8ae8fb442fc4f37d0636a68f39d3ed7c5c74543615ad586ca09a9f4729bda,7761,False,textile,textile;processing;tool,False,36542,0.2,False,beyond,False,2,156
ea_llm_self_adaptive_api_1365_run4_20260725_005857.json,1365,39a0495cf65147d19182686524fff036,15,de2b3537a40345bf9a6224c90914fe66,16,ml_mutation,genuine,f7a0ff4d1a86b973550ea65ccfdbd7422edc0f280fd37feb030846bc6bb707dc,8127,False,shoot,shoot;root;stem,False,847,0.5,False,top500,False,1,307
ea_llm_self_adaptive_api_1365_run4_20260725_005857.json,1365,39a0495cf65147d19182686524fff036,15,de2b3537a40345bf9a6224c90914fe66,16,ml_mutation,wrong,72a157356cd21655f1989c344bf654733a6700fceee3b35dc66725a66c84b341,7996,False,shoot,shoot;emerge;expand,False,847,0.5,False,top100,False,1,152
ea_llm_self_adaptive_api_1365_run4_20260725_005857.json,1365,39a0495cf65147d19182686524fff036,15,de2b3537a40345bf9a6224c90914fe66,16,ml_mutation,filler,0665a5e91961605e5576df8379b982e0a73c024a46aeebe1f92b34a937e0f808,8101,False,emerge,emerge;develop;expand,False,29522,0.4,False,top100,False,1,122
ea_llm_self_adaptive_api_1365_run4_20260725_005857.json,1365,39a0495cf65147d19182686524fff036,15,de2b3537a40345bf9a6224c90914fe66,16,ml_mutation,absent,8695e791328be7021c47b1e263fe8d097ee18a6d7276c05e6ed720aaff43c14b,7760,False,shoot,shoot;tendril;apex,False,847,0.5,False,top500,False,1,163
ea_llm_self_adaptive_api_1365_run4_20260725_005857.json,1365,70691a72634f4292bfd9a80730d74a72,16,6d6ba348e5c946948944ce1d27e6bebd,40,s_mutation,genuine,502c3091ff4d88a0229706a0adc9e22593f83041036df7cd1769ea55c1420dba,8168,False,chickpea,chickpea;mung;fava,False,48,0.5,False,top500,False,1,114
ea_llm_self_adaptive_api_1365_run4_20260725_005857.json,1365,70691a72634f4292bfd9a80730d74a72,16,6d6ba348e5c946948944ce1d27e6bebd,40,s_mutation,wrong,20f63549ee5a270a2ed0c6201570eace12d851de970835a3550ce1c4bfcd3c86,8176,False,chickpea,chickpea;pulse;gram,False,48,0.6,False,top100,False,1,126
ea_llm_self_adaptive_api_1365_run4_20260725_005857.json,1365,70691a72634f4292bfd9a80730d74a72,16,6d6ba348e5c946948944ce1d27e6bebd,40,s_mutation,filler,62a5c15a9f56b8938230dba2b8868e4482ca83dd37bebe1fbd46487491297a7a,8170,False,pulse,pulse;chickpea;fava,False,1741,0.7,False,top100,False,1,157
ea_llm_self_adaptive_api_1365_run4_20260725_005857.json,1365,70691a72634f4292bfd9a80730d74a72,16,6d6ba348e5c946948944ce1d27e6bebd,40,s_mutation,absent,fb4275a023ea5551eb6cf23c0123d5e2d8724b0f2ce39d89e0dfeb9ad518e679,7942,False,pulse,pulse;chickpea;dahl,False,1741,0.7,False,top100,False,1,150
ea_llm_self_adaptive_api_1365_run4_20260725_005857.json,1365,05907dd0021640928e10f32e27ce127c,17,bcf4474f22e34b6197c4039b4f5d8322,39,m_mutation,genuine,27a841bdfdb138ddf3bc053d7872c61e3b39cd96cbce1048efbdd7aeacbb391d,8811,False,pod,pod;seed;pulse,False,995,0.3,False,top500,False,1,146
ea_llm_self_adaptive_api_1365_run4_20260725_005857.json,1365,05907dd0021640928e10f32e27ce127c,17,bcf4474f22e34b6197c4039b4f5d8322,39,m_mutation,wrong,5adc9cb7df5b2f9ab3ea7c7798a6b46665716ef1e4d2735f88c003fc5085bb00,8840,False,seed,seed;pod;spore,False,145,0.3,False,top500,False,1,147
ea_llm_self_adaptive_api_1365_run4_20260725_005857.json,1365,05907dd0021640928e10f32e27ce127c,17,bcf4474f22e34b6197c4039b4f5d8322,39,m_mutation,filler,722c39035d6a2b25efa526401b8b6e4a563436f6ed070dd3c191c02921da772f,8815,False,sesame,sesame;poppy;sunflower,False,306,0.3,False,top500,False,1,109
ea_llm_self_adaptive_api_1365_run4_20260725_005857.json,1365,05907dd0021640928e10f32e27ce127c,17,bcf4474f22e34b6197c4039b4f5d8322,39,m_mutation,absent,7fb662326fd88ebbd3d997eb5cd18ed20edb04e527c971573902f21ec242210c,8625,False,legume,legume;pulse;soy,False,319,0.3,False,top500,False,1,126
ea_llm_self_adaptive_api_1365_run4_20260725_005857.json,1365,ff387c0b6a69492d807324cf376f84a6,18,de2b3537a40345bf9a6224c90914fe66,16,ml_mutation,genuine,cb72975fed878a4e4fc851d6ef1e28e7b4b8388da03f23a9e35763bed7b4d65f,9486,False,shoot,shoot;leaf;root,False,847,0.65,False,top100,False,1,186
ea_llm_self_adaptive_api_1365_run4_20260725_005857.json,1365,ff387c0b6a69492d807324cf376f84a6,18,de2b3537a40345bf9a6224c90914fe66,16,ml_mutation,wrong,4e4d3a31a8555d9b204368da65b1af5251316d79afe706c0d83e8d8bd6a041af,9355,False,emerge,emerge;develop;expand,False,29522,0.6,False,top100,False,1,115
ea_llm_self_adaptive_api_1365_run4_20260725_005857.json,1365,ff387c0b6a69492d807324cf376f84a6,18,de2b3537a40345bf9a6224c90914fe66,16,ml_mutation,filler,98402cafdb705f15078f1c2387bfeb85491c0bab5780aa538a3fa9b0e83aca13,9460,False,shoot,shoot;bloom;leaf,False,847,0.6,False,top500,False,1,166
ea_llm_self_adaptive_api_1365_run4_20260725_005857.json,1365,ff387c0b6a69492d807324cf376f84a6,18,de2b3537a40345bf9a6224c90914fe66,16,ml_mutation,absent,2619c6201c1cc12ca3fe4f49bed2cccb7bac163996763132c6624011547b2ba2,9119,False,develop,develop;shoot;emerge,False,51615,0.7,False,top100,False,2,167
ea_llm_self_adaptive_api_1365_run4_20260725_005857.json,1365,1a2843ed5df64067b8a12339d4ff5676,19,de2b3537a40345bf9a6224c90914fe66,16,ml_mutation,genuine,be59f5005e178a51149f13965a9bbe16fecd640ce94c5cc7515dbe325f3b7faa,9636,False,shoot,shoot;blade;stalk,False,847,0.3,False,top500,False,1,254
ea_llm_self_adaptive_api_1365_run4_20260725_005857.json,1365,1a2843ed5df64067b8a12339d4ff5676,19,de2b3537a40345bf9a6224c90914fe66,16,ml_mutation,wrong,cffac2898eb01066c5b80984339690ff4f93082e08261d03f73303d27a0bc0d5,9498,False,shoot,shoot;growth;shoot,False,847,0.3,False,top500,False,1,103
ea_llm_self_adaptive_api_1365_run4_20260725_005857.json,1365,1a2843ed5df64067b8a12339d4ff5676,19,de2b3537a40345bf9a6224c90914fe66,16,ml_mutation,filler,e3fb79bb62e58a8f645ed31620d595af3ee96b16d5f8709974ea18a400e51474,9610,False,shoot,shoot;sapling;stalk,False,847,0.4,False,top500,False,1,113
ea_llm_self_adaptive_api_1365_run4_20260725_005857.json,1365,1a2843ed5df64067b8a12339d4ff5676,19,de2b3537a40345bf9a6224c90914fe66,16,ml_mutation,absent,08160fe98ad90a628fd027f7b4cb72aca100060736b2acc0985d23b0247063cb,9269,False,emerge,emerge;expand;proliferate,False,29522,0.7,False,top500,False,1,160
ea_llm_self_adaptive_api_1365_run5_20260725_024035.json,1365,b61ae211f63a465ba2954bf5f4d5e675,2,56daac6b67d84b1fb71f4aa9162cae2b,358,l_mutation,genuine,21d157d0285e727da232c47d13d0b40e625c79a5c7d1c6964377975d3f10c250,3963,False,myth,myth;symbol;totem,False,14197,0.4,False,top500,False,1,191
ea_llm_self_adaptive_api_1365_run5_20260725_024035.json,1365,b61ae211f63a465ba2954bf5f4d5e675,2,56daac6b67d84b1fb71f4aa9162cae2b,358,l_mutation,wrong,b6ae51500e0724a4c5dffbbe2979750234d8cdb001fa2c8803fbb9d3372675eb,3920,False,system,system;network;structure,False,75052,0.3,False,beyond,False,1,120
ea_llm_self_adaptive_api_1365_run5_20260725_024035.json,1365,b61ae211f63a465ba2954bf5f4d5e675,2,56daac6b67d84b1fb71f4aa9162cae2b,358,l_mutation,filler,83a6eba61662e481cdebae533c6a9220a8aa52fbd49188eb4349aa5ef5d185b2,3948,False,foundation,foundation;base;origin,False,73629,0.4,False,top500,False,1,155
ea_llm_self_adaptive_api_1365_run5_20260725_024035.json,1365,b61ae211f63a465ba2954bf5f4d5e675,2,56daac6b67d84b1fb71f4aa9162cae2b,358,l_mutation,absent,4fbe72cdd2cdf61e406b1c77bb6c9eebc0be6dd0d2a25831745e7e5b20d97d02,3683,False,symbol,symbol;artifact;icon,False,32368,0.4,False,top500,False,2,202
ea_llm_self_adaptive_api_1365_run5_20260725_024035.json,1365,ddfe903367dc4606a5681fc0f4504f96,2,5263a58dcdac41b28ec565ca5ceda025,685,ml_mutation,genuine,8c1a37404b7775e501b18a4015a13765b41428822caeff85f8986bb07672bac7,3651,False,sight,sight;focus;perception,False,32329,0.7,False,top500,False,1,156
ea_llm_self_adaptive_api_1365_run5_20260725_024035.json,1365,ddfe903367dc4606a5681fc0f4504f96,2,5263a58dcdac41b28ec565ca5ceda025,685,ml_mutation,wrong,8d8e7cba3f6095a7e97d09518054c76e5182eb20168286c0e5f155bd622a4bb4,3648,False,shape,shape;texture;clarity,False,4585,0.6,False,top500,False,1,160
ea_llm_self_adaptive_api_1365_run5_20260725_024035.json,1365,ddfe903367dc4606a5681fc0f4504f96,2,5263a58dcdac41b28ec565ca5ceda025,685,ml_mutation,filler,00c27db036684456c1d23506cfd6ff3cedf8ec619c75411f3c3ccc212bfd4e2a,3649,False,lumen,lumen;duct;cavity,False,44969,0.4,False,top500,False,1,151
ea_llm_self_adaptive_api_1365_run5_20260725_024035.json,1365,ddfe903367dc4606a5681fc0f4504f96,2,5263a58dcdac41b28ec565ca5ceda025,685,ml_mutation,absent,7c078d7fcf77bfd2c5e804cd3558e46f9baca691c5e6c3e42f0dc58ebef138f3,3421,False,shape,shape;size;form,False,4585,0.6,False,top500,False,1,139
ea_llm_self_adaptive_api_1365_run5_20260725_024035.json,1365,b703d568563a4597a732e367bd0bdbeb,3,cc613743174e451b8a9b1fe8dda2ec1d,64,m_mutation,genuine,8589b0af2c520f56ac6ea0f08abdc9eeaf93723ce389bc1f9fdf4e01f2f81473,3993,False,steam,steam;phase;heat,False,109,0.6,False,top500,False,1,170
ea_llm_self_adaptive_api_1365_run5_20260725_024035.json,1365,b703d568563a4597a732e367bd0bdbeb,3,cc613743174e451b8a9b1fe8dda2ec1d,64,m_mutation,wrong,1fa8e23f1f30ee7457d2f62775d0cf0aaa416d9231e0546607f1655c242e3cd5,4022,False,distill,distill;vapor;steam,False,2923,0.6,False,top500,False,1,127
ea_llm_self_adaptive_api_1365_run5_20260725_024035.json,1365,b703d568563a4597a732e367bd0bdbeb,3,cc613743174e451b8a9b1fe8dda2ec1d,64,m_mutation,filler,9f2dd46045fea9c0708a37219a6d39d125fef683216c95dd41b71917d9987d98,3999,False,steam,steam;bubble;vapor,False,109,0.4,False,top500,False,1,140
ea_llm_self_adaptive_api_1365_run5_20260725_024035.json,1365,b703d568563a4597a732e367bd0bdbeb,3,cc613743174e451b8a9b1fe8dda2ec1d,64,m_mutation,absent,f8a78ab9794811405246913e20f16157ea43899c177ca06e8dcaffbf44a7f466,3809,False,heat,heat;vapor;steam,False,18728,0.6,False,top100,False,1,112
ea_llm_self_adaptive_api_1365_run5_20260725_024035.json,1365,8c004fe1a1dd47d1a586908c7c6d3c16,3,de761e1710ee46cbb1edeff71a2cfdb7,336,l_mutation,genuine,5a50b882a6ea5ab94f5d699114c9c0a91d068f9ef7d6a0cc43fe525f1939455a,4441,False,organism,organism;metabolism;ecosystem,False,61851,0.4,False,top500,False,1,153
ea_llm_self_adaptive_api_1365_run5_20260725_024035.json,1365,8c004fe1a1dd47d1a586908c7c6d3c16,3,de761e1710ee46cbb1edeff71a2cfdb7,336,l_mutation,wrong,9c3d4830f2da22d3562bacbe67ec1ab09f89c0ea977fcd9387441e0b9ff5cfda,4385,False,germinate,germinate;metabolize;reproduce,False,461,0.4,False,top500,False,1,189
ea_llm_self_adaptive_api_1365_run5_20260725_024035.json,1365,8c004fe1a1dd47d1a586908c7c6d3c16,3,de761e1710ee46cbb1edeff71a2cfdb7,336,l_mutation,filler,ecbbf7e4a62eb056920dc9c7f5cd97a94d0567cc1e229640c3a32347896ca373,4413,False,ecosystem,ecosystem;habitat;wildlife,False,64593,0.3,False,top500,False,1,110
ea_llm_self_adaptive_api_1365_run5_20260725_024035.json,1365,8c004fe1a1dd47d1a586908c7c6d3c16,3,de761e1710ee46cbb1edeff71a2cfdb7,336,l_mutation,absent,14bf8d6ea69f1e298cd61f0f47278e594e41ca57367a8763df558361aaf5236a,4148,False,terrain,terrain;landform;topography,False,49776,0.3,False,top500,False,1,166
ea_llm_self_adaptive_api_1365_run5_20260725_024035.json,1365,08ec497e14974c538525800bae5c9716,4,cc613743174e451b8a9b1fe8dda2ec1d,44,m_mutation,genuine,edfc67d8a901d275592368a6210098dce3b35350984ab611a80825528231fe10,4381,False,outcome,outcome;odds;chance,False,61749,0.3,False,top500,False,1,106
ea_llm_self_adaptive_api_1365_run5_20260725_024035.json,1365,08ec497e14974c538525800bae5c9716,4,cc613743174e451b8a9b1fe8dda2ec1d,44,m_mutation,wrong,c767bd8a3656e4c5afb02c21c8bd479a359487590f0750bb4698798bd476c3a1,4433,False,chance,chance;random;probability,False,33910,0.4,False,top500,False,1,141
ea_llm_self_adaptive_api_1365_run5_20260725_024035.json,1365,08ec497e14974c538525800bae5c9716,4,cc613743174e451b8a9b1fe8dda2ec1d,44,m_mutation,filler,28126bfcbf9841c790f1271c55b74a70cf4bfa9ff7070df8e5ab94ceff4b555d,4387,False,cube,cube;roll;face,False,80,0.3,False,top500,False,1,133
ea_llm_self_adaptive_api_1365_run5_20260725_024035.json,1365,08ec497e14974c538525800bae5c9716,4,cc613743174e451b8a9b1fe8dda2ec1d,44,m_mutation,absent,7a6603a4e9430f496313c8d98bf6a1e1a0e28f65a5daa6c7d6fb35681ff57cbe,4197,False,roll,roll;throw;bet,False,1125,0.3,False,beyond,False,1,154
ea_llm_self_adaptive_api_1365_run5_20260725_024035.json,1365,eab258a02ec34a2691726b11fdb2aec9,4,de761e1710ee46cbb1edeff71a2cfdb7,145,s_mutation,genuine,adf82b177d5c9a5119ae93f7d4975217a2c87db89fda0e3034857b70a3991fc6,4483,False,kernel,kernel;sow;sprout,False,610,0.6,False,top500,False,1,130
ea_llm_self_adaptive_api_1365_run5_20260725_024035.json,1365,eab258a02ec34a2691726b11fdb2aec9,4,de761e1710ee46cbb1edeff71a2cfdb7,145,s_mutation,wrong,83e470a254c80ca00602bee38483a59a6931c67fcd9ccb594fe73f376a3c78d4,4428,False,kernel,kernel;sow;sprout,False,610,0.8,False,top100,False,1,138
ea_llm_self_adaptive_api_1365_run5_20260725_024035.json,1365,eab258a02ec34a2691726b11fdb2aec9,4,de761e1710ee46cbb1edeff71a2cfdb7,145,s_mutation,filler,3799fccbd5cb66a5412c5d0a41399334c508311e5010efaa8b3bd7e5149456e8,4455,False,germinate,germinate;sprout;sow,False,461,0.7,False,top500,False,1,106
ea_llm_self_adaptive_api_1365_run5_20260725_024035.json,1365,eab258a02ec34a2691726b11fdb2aec9,4,de761e1710ee46cbb1edeff71a2cfdb7,145,s_mutation,absent,85d4dca41f65a95010d0db1181f575f78dc626fec92c219e8c8c7eaf4f26c087,4190,False,sprout,sprout;germinate;sow,False,16,0.6,False,top500,False,1,126
ea_llm_self_adaptive_api_1365_run5_20260725_024035.json,1365,1d86e6b9e55a4079abe58f7d1f6a6c3d,4,56daac6b67d84b1fb71f4aa9162cae2b,340,ml_mutation,genuine,4f1ee4b08eec7d72e226cc9c60952907b7eacd5ede954b4ddd04b6e4008c318f,4611,False,remedy,remedy;medicine;treatment,False,5790,0.6,False,top500,False,1,156
ea_llm_self_adaptive_api_1365_run5_20260725_024035.json,1365,1d86e6b9e55a4079abe58f7d1f6a6c3d,4,56daac6b67d84b1fb71f4aa9162cae2b,340,ml_mutation,wrong,2b23d34b2fe44129eb4149f079c521012799b267db80554ad2df07937b682674,4569,False,tannin,tannin;saponin;flavonoid,False,13664,0.5,False,top500,False,1,145
ea_llm_self_adaptive_api_1365_run5_20260725_024035.json,1365,1d86e6b9e55a4079abe58f7d1f6a6c3d,4,56daac6b67d84b1fb71f4aa9162cae2b,340,ml_mutation,filler,8e5051d5f1c411d0a3f6fbd41f76db4ddd296028da5d8514fe8bb2816249dad6,4596,False,botany,botany;taxon;morphology,False,9893,0.35,False,top500,False,1,167
ea_llm_self_adaptive_api_1365_run5_20260725_024035.json,1365,1d86e6b9e55a4079abe58f7d1f6a6c3d,4,56daac6b67d84b1fb71f4aa9162cae2b,340,ml_mutation,absent,42edf1c6510378dbe72f7e97ec009ca39b8d549e59141ff224ae4e865f80fdeb,4331,False,bloom,bloom;petal;scent,False,608,0.6,False,top500,False,1,123
ea_llm_self_adaptive_api_1365_run5_20260725_024035.json,1365,11a679e23b48428d9b848ff596c26391,5,cc613743174e451b8a9b1fe8dda2ec1d,30,ml_mutation,genuine,89e23a79aab1874c46878055d57aabf75d5437adbe126146dc42ac760e6ba146,5116,False,grind,grind;knead;press,False,2328,0.7,False,top100,False,1,101
ea_llm_self_adaptive_api_1365_run5_20260725_024035.json,1365,11a679e23b48428d9b848ff596c26391,5,cc613743174e451b8a9b1fe8dda2ec1d,30,ml_mutation,wrong,7b532e22b9794c1397ff3c1c7929669a90bb761b856c9f30dae9074dd0fd9ac7,5167,False,crumbly,crumbly;smooth;mushy,False,1445,0.4,False,top500,False,1,164
ea_llm_self_adaptive_api_1365_run5_20260725_024035.json,1365,11a679e23b48428d9b848ff596c26391,5,cc613743174e451b8a9b1fe8dda2ec1d,30,ml_mutation,filler,825cda909faaec38a0c8f28520cacb9c17ea058954a19eb86811449c2987c7e2,5122,False,texture,texture;flavor;salty,False,4499,0.3,False,top500,False,1,138
ea_llm_self_adaptive_api_1365_run5_20260725_024035.json,1365,11a679e23b48428d9b848ff596c26391,5,cc613743174e451b8a9b1fe8dda2ec1d,30,ml_mutation,absent,3a177d4445fe51e654b74d8b548d518d7fbe200eabdf266a927096e0b110b52d,4932,False,creamy,creamy;smooth;chewy,False,403,0.6,False,top500,False,1,137
ea_llm_self_adaptive_api_1365_run5_20260725_024035.json,1365,9b8baa712e5345dd8b1e16ac800d114f,5,08ec497e14974c538525800bae5c9716,80,l_mutation,genuine,11c51e9d34f4b254906b9af3a108547036c65ecaed103e86ee1c9fa6e67d454b,5104,False,coin,coin;wheel;lottery,False,18915,0.3,False,top500,False,1,165
ea_llm_self_adaptive_api_1365_run5_20260725_024035.json,1365,9b8baa712e5345dd8b1e16ac800d114f,5,08ec497e14974c538525800bae5c9716,80,l_mutation,wrong,72e5ca57c10c6c9bf43e7d00e6a8827f42e11aabbae5f7cd0b01f87c8a075620,5058,False,unit,unit;volume;capacity,False,56525,0.4,False,top500,False,1,173
ea_llm_self_adaptive_api_1365_run5_20260725_024035.json,1365,9b8baa712e5345dd8b1e16ac800d114f,5,08ec497e14974c538525800bae5c9716,80,l_mutation,filler,85c45c7fd0a8b0c683c29deb7bb084a207789f66ab6b73f39c5e5f75f0f24646,5087,False,random,random;outcome;system,False,57853,0.3,False,top500,False,2,177
ea_llm_self_adaptive_api_1365_run5_20260725_024035.json,1365,9b8baa712e5345dd8b1e16ac800d114f,5,08ec497e14974c538525800bae5c9716,80,l_mutation,absent,943839ef7f3be9de21b1151a0a0f0201a611ddb8fe08f644c323297c981e63a5,4822,False,gear,gear;lever;piston,False,55083,0.3,False,top500,False,1,116
ea_llm_self_adaptive_api_1365_run5_20260725_024035.json,1365,3a24ecba95a24c2c886f8b311fb9da05,5,de761e1710ee46cbb1edeff71a2cfdb7,145,s_mutation,genuine,bbb22f8a1168010a134a1904bb4a0a5a9c3d4bec8e675ffbec509ff685c43c01,4887,False,sprout,sprout;pollen;nut,False,16,0.6,False,top500,False,1,116
ea_llm_self_adaptive_api_1365_run5_20260725_024035.json,1365,3a24ecba95a24c2c886f8b311fb9da05,5,de761e1710ee46cbb1edeff71a2cfdb7,145,s_mutation,wrong,cf74d6502bd480f66cc563de697b3bed720224aca288691a7cb22812fabcc37e,4816,False,sprout,sprout;pod;shoot,False,16,0.6,False,top500,False,1,124
ea_llm_self_adaptive_api_1365_run5_20260725_024035.json,1365,3a24ecba95a24c2c886f8b311fb9da05,5,de761e1710ee46cbb1edeff71a2cfdb7,145,s_mutation,filler,533eaecac98c8c098eb68f502acccbdbc050d05a0ac8579b2722e13a6f6c19e9,4859,False,kernel,kernel;sow;sprout,False,610,0.75,False,top100,False,1,89
ea_llm_self_adaptive_api_1365_run5_20260725_024035.json,1365,3a24ecba95a24c2c886f8b311fb9da05,5,de761e1710ee46cbb1edeff71a2cfdb7,145,s_mutation,absent,c014c89c127f5d9a0408030049a8e1a92ba6509fb4dd9e34fb34f2a8faa5fb5c,4594,False,pod,pod;spore;nut,False,995,0.6,False,top500,False,1,123
ea_llm_self_adaptive_api_1365_run5_20260725_024035.json,1365,faf13321e5c745b394a15c487683a058,5,56daac6b67d84b1fb71f4aa9162cae2b,340,m_mutation,genuine,74c655639d971dc991af05f18c71e2bc954b0c9e65be4959627b52d4055aefa0,5045,False,medicine,medicine;remedy;healing,False,28915,0.6,False,top500,False,1,102
ea_llm_self_adaptive_api_1365_run5_20260725_024035.json,1365,faf13321e5c745b394a15c487683a058,5,56daac6b67d84b1fb71f4aa9162cae2b,340,m_mutation,wrong,5448cfab3d7cfd02e35a3ed29a5c083a59c7a388a42fca10fbb05afb8b4e1060,4986,False,remedy,remedy;tincture;extract,False,5790,0.6,False,top500,False,1,129
ea_llm_self_adaptive_api_1365_run5_20260725_024035.json,1365,faf13321e5c745b394a15c487683a058,5,56daac6b67d84b1fb71f4aa9162cae2b,340,m_mutation,filler,563cc18bb7aa3daa049c1802a25812fc8c5bb0d7794141a43c7855c080e1e3df,5030,False,remedy,remedy;cure;medicine,False,5790,0.6,False,top500,False,1,126
ea_llm_self_adaptive_api_1365_run5_20260725_024035.json,1365,faf13321e5c745b394a15c487683a058,5,56daac6b67d84b1fb71f4aa9162cae2b,340,m_mutation,absent,bb1921f7683f607b714b8fe309a65d06efb31679f9a2c2ffc339f18a1d106f60,4765,False,compound,compound;extract;molecule,False,22074,0.6,False,top500,False,1,141
ea_llm_self_adaptive_api_1365_run5_20260725_024035.json,1365,8c397982cce84667958f2dec0e43e2eb,6,cc613743174e451b8a9b1fe8dda2ec1d,30,m_mutation,genuine,129b20bb909e42f8de095f341527187963ee73bfde159cf18cf9f359a0a4366b,5622,False,crush,crush;pound;smash,False,460,0.5,False,top500,False,1,148
ea_llm_self_adaptive_api_1365_run5_20260725_024035.json,1365,8c397982cce84667958f2dec0e43e2eb,6,cc613743174e451b8a9b1fe8dda2ec1d,30,m_mutation,wrong,a2140ed9357818c45df31dd0c2ec8607d5d0aaeb9bcee25d440044bddcd65f41,5658,False,crush,crush;paste;slurry,False,460,0.3,False,top500,False,1,134
ea_llm_self_adaptive_api_1365_run5_20260725_024035.json,1365,8c397982cce84667958f2dec0e43e2eb,6,cc613743174e451b8a9b1fe8dda2ec1d,30,m_mutation,filler,0c6e95dd459921a0b0fced456a15b5ba339d153c5d40cd6cc2bc4d454bbe7d06,5628,False,crush,crush;pulp;paste,False,460,0.6,False,top500,False,1,135
ea_llm_self_adaptive_api_1365_run5_20260725_024035.json,1365,8c397982cce84667958f2dec0e43e2eb,6,cc613743174e451b8a9b1fe8dda2ec1d,30,m_mutation,absent,a3bf2fbf772ca5914c3ab31dc28250a1a9d3d79c67249a2f03cd9e6a6204de9f,5438,False,grind,grind;crush;muddle,False,2328,0.4,False,top500,False,1,86
ea_llm_self_adaptive_api_1365_run5_20260725_024035.json,1365,b9c5921035574e288eda985cccab8145,6,de761e1710ee46cbb1edeff71a2cfdb7,145,l_mutation,genuine,b3e78f64fb76f8ed95e6fef3b6c1bdfe8655b108d057efd98a948858886faa22,5450,False,germinate,germinate;sprout;develop,False,461,0.3,False,beyond,False,1,178
ea_llm_self_adaptive_api_1365_run5_20260725_024035.json,1365,b9c5921035574e288eda985cccab8145,6,de761e1710ee46cbb1edeff71a2cfdb7,145,l_mutation,wrong,36a896447ec9d5d5fa312a18ba565fc17025e28d18621713565b6452b543c4a1,5378,False,landform,landform;relief;terrain,False,74829,0.3,False,top500,False,1,172
ea_llm_self_adaptive_api_1365_run5_20260725_024035.json,1365,b9c5921035574e288eda985cccab8145,6,de761e1710ee46cbb1edeff71a2cfdb7,145,l_mutation,filler,b9881543c7a4619272e939ea1b7ca92076bbd32de1e0ed417c773c51be47654b,5422,False,gene,gene;trait;mutation,False,42328,0.3,False,top500,False,1,153
ea_llm_self_adaptive_api_1365_run5_20260725_024035.json,1365,b9c5921035574e288eda985cccab8145,6,de761e1710ee46cbb1edeff71a2cfdb7,145,l_mutation,absent,c08d53463deff92c6bcdf1102b609109dba08ec9b2ad701150058e9eb083a245,5157,False,cell,cell;nucleus;organism,False,19732,0.3,False,top500,False,1,163
ea_llm_self_adaptive_api_1365_run5_20260725_024035.json,1365,9368beadeda44749938cd60fb2d1050d,6,11a679e23b48428d9b848ff596c26391,180,m_mutation,genuine,3582060d27a80aa657b51e89af69324f9f853ef33bb62bf87ef9c6e90179cc5c,5252,False,crunch,crunch;snap;crack,False,1416,0.3,False,top500,False,1,151
ea_llm_self_adaptive_api_1365_run5_20260725_024035.json,1365,9368beadeda44749938cd60fb2d1050d,6,11a679e23b48428d9b848ff596c26391,180,m_mutation,wrong,cc7502f89246f92cfc45667279ec7b4ca784beb0970d2ab635652af8247ab887,5242,False,crunchy,crunchy;crack;snap,False,204,0.6,False,top500,False,1,131
ea_llm_self_adaptive_api_1365_run5_20260725_024035.json,1365,9368beadeda44749938cd60fb2d1050d,6,11a679e23b48428d9b848ff596c26391,180,m_mutation,filler,0fe154fc8872bbeeabca823a783e0fd4b0162258fd962c3d0b53b5a36ed5df5f,5234,False,crunch,crunch;snap;crackle,False,1416,0.6,False,top500,False,1,147
ea_llm_self_adaptive_api_1365_run5_20260725_024035.json,1365,9368beadeda44749938cd60fb2d1050d,6,11a679e23b48428d9b848ff596c26391,180,m_mutation,absent,c34d536429a5ecbeabb2263f77a976fe2c5d0f4b5fa024d44acb876d186c49c9,5006,False,crunch,crunch;snap;crack,False,1416,0.5,False,top500,False,1,136
ea_llm_self_adaptive_api_1365_run5_20260725_024035.json,1365,722253bfdcae4a7e9c7b87dda155ae66,6,cd5b119c87b94262bd685e23de1d5103,237,s_mutation,genuine,f37228b0c82fc2e0a061449f2b3637811f4b44926f29d55e51dda8f0adf39276,5163,False,seasoning,seasoning;flavoring;aromatic,False,517,0.6,False,top500,False,1,135
ea_llm_self_adaptive_api_1365_run5_20260725_024035.json,1365,722253bfdcae4a7e9c7b87dda155ae66,6,cd5b119c87b94262bd685e23de1d5103,237,s_mutation,wrong,3cc49b3fd04f06c3738eb8e2057572ec5ad636bd14f32d99f2228654f12f9f2b,5125,False,seasoning,seasoning;zest;pepper,False,517,0.4,False,top500,False,1,117
ea_llm_self_adaptive_api_1365_run5_20260725_024035.json,1365,722253bfdcae4a7e9c7b87dda155ae66,6,cd5b119c87b94262bd685e23de1d5103,237,s_mutation,filler,7eeca3da4e6a5765bcdffc1bfd6995bd086042b169d95d7639b294c1e6312456,5154,False,pepper,pepper;ginger;cumin,False,100,0.6,False,top500,False,1,83
ea_llm_self_adaptive_api_1365_run5_20260725_024035.json,1365,722253bfdcae4a7e9c7b87dda155ae66,6,cd5b119c87b94262bd685e23de1d5103,237,s_mutation,absent,1ca6465ac5d62b3d7242c8b9ba8c407f050f2dfb852733fce4660499469283ba,4889,False,herb,herb;seasoning;pepper,False,340,0.6,False,top500,False,1,123
ea_llm_self_adaptive_api_1365_run5_20260725_024035.json,1365,f34dc9424cc84709b98369702e9f9963,7,cc613743174e451b8a9b1fe8dda2ec1d,30,ml_mutation,genuine,56c9ef141574898bce0db67af094bcbf333d381ffaadae595ee3007689ad7515,5980,False,soft,soft;firm;juicy,False,4999,0.6,False,top500,False,1,98
ea_llm_self_adaptive_api_1365_run5_20260725_024035.json,1365,f34dc9424cc84709b98369702e9f9963,7,cc613743174e451b8a9b1fe8dda2ec1d,30,ml_mutation,wrong,0b6bf3a3321c133325b26e435a4761937ae16620a3f3a05b4ed5ecefe47591ac,6025,False,salty,salty;tangy;smooth,False,1897,0.6,False,top100,False,1,111
ea_llm_self_adaptive_api_1365_run5_20260725_024035.json,1365,f34dc9424cc84709b98369702e9f9963,7,cc613743174e451b8a9b1fe8dda2ec1d,30,ml_mutation,filler,85d93813a4f61fdce140c540948c74cf570ee0e81a84861db5325eb7c3ecdf55,5986,False,mushy,mushy;moist;tender,False,355,0.4,False,top500,False,1,108
ea_llm_self_adaptive_api_1365_run5_20260725_024035.json,1365,f34dc9424cc84709b98369702e9f9963,7,cc613743174e451b8a9b1fe8dda2ec1d,30,ml_mutation,absent,361bf52995268c68588cc377b69f862d7d2f5dad91497aa09531155223dca563,5796,False,soggy,soggy;tender;flaky,False,558,0.6,False,top500,False,1,97
ea_llm_self_adaptive_api_1365_run5_20260725_024035.json,1365,5cc49454e5d54ff5a4281bfa1436dc22,7,cd5b119c87b94262bd685e23de1d5103,100,l_mutation,genuine,34bc20cb3d266695d69225d7ede5f02366e1213a1f40364a110f63f453b7582a,5764,False,tropical,tropical;climate;temperature,False,50085,0.3,False,top500,False,1,116
ea_llm_self_adaptive_api_1365_run5_20260725_024035.json,1365,5cc49454e5d54ff5a4281bfa1436dc22,7,cd5b119c87b94262bd685e23de1d5103,100,l_mutation,wrong,5efbda8743233297b16bc0f7724633c5a7c4ebb6b70b13760a7694ebfc0247cb,5719,False,artifact,artifact;dig;pottery,False,13849,0.3,False,top500,False,1,162
ea_llm_self_adaptive_api_1365_run5_20260725_024035.json,1365,5cc49454e5d54ff5a4281bfa1436dc22,7,cd5b119c87b94262bd685e23de1d5103,100,l_mutation,filler,71455a85442ea74972709f6a5dd8675e11498983e46dff6289ebbc64a8884758,5755,False,regions,regions;areas;zones,False,51988,0.3,False,top500,False,1,147
ea_llm_self_adaptive_api_1365_run5_20260725_024035.json,1365,5cc49454e5d54ff5a4281bfa1436dc22,7,cd5b119c87b94262bd685e23de1d5103,100,l_mutation,absent,f7be1f6b39db6e117766f3013f317295f9ad9f8e549a5b59905be3874fe0ce7d,5490,False,trade,trade;route;market,False,43622,0.3,False,top500,False,1,144
ea_llm_self_adaptive_api_1365_run5_20260725_024035.json,1365,a5011b5aa2be43208df4a5b3aa3d5794,7,722253bfdcae4a7e9c7b87dda155ae66,140,ml_mutation,genuine,3ebf852f8ac72ea36fddd74de974721ae2d271c0c0df2351baf2838fdb33ac78,5492,False,base,base;stock;water,False,14902,0.3,False,top500,False,1,144
ea_llm_self_adaptive_api_1365_run5_20260725_024035.json,1365,a5011b5aa2be43208df4a5b3aa3d5794,7,722253bfdcae4a7e9c7b87dda155ae66,140,ml_mutation,wrong,698f20de073df3ade725a2b63f31a5e63eae8500f18234355c423f589a917ca5,5494,False,salty,salty;tangy;malty,False,1897,0.5,False,top500,False,2,169
ea_llm_self_adaptive_api_1365_run5_20260725_024035.json,1365,a5011b5aa2be43208df4a5b3aa3d5794,7,722253bfdcae4a7e9c7b87dda155ae66,140,ml_mutation,filler,79995d1bda1c14643eb40ccbfc5898f17b809a6737dd533d408ad7d2e979ad87,5480,False,stock,stock;sauce;gravy,False,9321,0.5,False,top500,False,1,147
ea_llm_self_adaptive_api_1365_run5_20260725_024035.json,1365,a5011b5aa2be43208df4a5b3aa3d5794,7,722253bfdcae4a7e9c7b87dda155ae66,140,ml_mutation,absent,1ff381fed23008504f4ac80e53e220c0cbc2e119f79295d5303b7fcbcc61fbb1,5252,False,salty,salty;sweet;bitter,False,1897,0.3,False,top500,False,1,167
ea_llm_self_adaptive_api_1365_run5_20260725_024035.json,1365,5c86772a36c647609c1ef539c93ff6a9,7,de761e1710ee46cbb1edeff71a2cfdb7,145,m_mutation,genuine,583176fad9d40e5cbaa4e54115f7acb8721cb17bf2f6dd0fab82e00d07ad7e0a,5726,False,cell,cell;organism;tissue,False,19732,0.3,False,beyond,False,1,159
ea_llm_self_adaptive_api_1365_run5_20260725_024035.json,1365,5c86772a36c647609c1ef539c93ff6a9,7,de761e1710ee46cbb1edeff71a2cfdb7,145,m_mutation,wrong,dc9838ee098cd42a36ead90489950aa7e1ebf0a87c91926c7dae7d702c2d8f19,5671,False,reproduce,reproduce;procreate;conceive,False,18740,0.3,False,beyond,False,1,140
ea_llm_self_adaptive_api_1365_run5_20260725_024035.json,1365,5c86772a36c647609c1ef539c93ff6a9,7,de761e1710ee46cbb1edeff71a2cfdb7,145,m_mutation,filler,76101dfe78389d72551a3e9dd836f3044a8af382f5654fab2e7de4e6120439ca,5698,False,idea,idea;capital;funding,False,10187,0.6,False,top500,False,1,179
ea_llm_self_adaptive_api_1365_run5_20260725_024035.json,1365,5c86772a36c647609c1ef539c93ff6a9,7,de761e1710ee46cbb1edeff71a2cfdb7,145,m_mutation,absent,05af43c9993c0339b54c3f04b2a9754a1689bf9818c1f402ca59833cd00ff5ec,5433,False,phrase,phrase;wallet;key,False,18361,0.2,False,beyond,False,1,134
ea_llm_self_adaptive_api_1365_run5_20260725_024035.json,1365,c2e4d2be50ef449cbe82c15ebbb0ba01,8,5c86772a36c647609c1ef539c93ff6a9,16,l_mutation,genuine,883999c01f70da778cefed1fab89d56bad4bd0aafdfd225ebc9c950023853246,6104,False,terrain,terrain;elevation;slope,False,49776,0.3,False,top500,False,1,137
ea_llm_self_adaptive_api_1365_run5_20260725_024035.json,1365,c2e4d2be50ef449cbe82c15ebbb0ba01,8,5c86772a36c647609c1ef539c93ff6a9,16,l_mutation,wrong,9fe5cd3afa3b2b6a322629af3468c55ba8df19a3c635f3aa4d45d3222420abc9,6045,False,phase,phase;shift;morph,False,61161,0.3,False,top500,False,1,175
ea_llm_self_adaptive_api_1365_run5_20260725_024035.json,1365,c2e4d2be50ef449cbe82c15ebbb0ba01,8,5c86772a36c647609c1ef539c93ff6a9,16,l_mutation,filler,aceea61c9c33346e6bbb71be32a37c364a9ec7fa01db14330f22a7ef4dd63b98,6074,False,burst,burst;flare;spark,False,9935,0.25,False,beyond,False,1,163
ea_llm_self_adaptive_api_1365_run5_20260725_024035.json,1365,c2e4d2be50ef449cbe82c15ebbb0ba01,8,5c86772a36c647609c1ef539c93ff6a9,16,l_mutation,absent,4ec458994ec5d4a9863e395bbb3bf56dee65afd89bfc56f6cd2dc4cb6dbfe6c4,5809,False,emerge,emerge;burst;unfurl,False,29522,0.3,False,top500,False,1,212
ea_llm_self_adaptive_api_1365_run5_20260725_024035.json,1365,8fe7de0b156541faa769674f3f43be9a,8,f75a22bdb6b24a739476fc84ede31dab,16,m_mutation,genuine,70849af878e81460a3eea28acc4d286226889df961a30f8326fe52a271cfe277,6710,False,shoot,shoot;stem;root,False,847,0.3,False,top500,False,1,115
ea_llm_self_adaptive_api_1365_run5_20260725_024035.json,1365,8fe7de0b156541faa769674f3f43be9a,8,f75a22bdb6b24a739476fc84ede31dab,16,m_mutation,wrong,d82ca691ecbd2e9234183cd11cab2e53ec70439f352ba0e22d61b5528091d734,6614,False,emerge,emerge;shoot;burst,False,29522,0.7,False,top100,False,1,180
ea_llm_self_adaptive_api_1365_run5_20260725_024035.json,1365,8fe7de0b156541faa769674f3f43be9a,8,f75a22bdb6b24a739476fc84ede31dab,16,m_mutation,filler,a91b3c3d2b3cc9e2aa109d771bb0796bf5ad991043f7e210f7f1de076f675402,6680,False,emerge,emerge;shoot;arise,False,29522,0.6,False,top500,False,1,168
ea_llm_self_adaptive_api_1365_run5_20260725_024035.json,1365,8fe7de0b156541faa769674f3f43be9a,8,f75a22bdb6b24a739476fc84ede31dab,16,m_mutation,absent,c3ab1ff8db6bafbea21b3c8dd244d77b7c5302c0b88c7b31144ed77e7db5511c,6339,False,shoot,shoot;stem;root,False,847,0.4,False,top500,False,1,142
ea_llm_self_adaptive_api_1365_run5_20260725_024035.json,1365,d22ce83386ee4218a238e1ae7d5862c0,8,2363911d31db4058afc7abc2d450633d,39,ml_mutation,genuine,01e14a8e786501da96ec337ea8faf13e36a33b79b03aaa559e10c12de4a30ad3,5826,False,stem,stem;leaf;root,False,452,0.6,False,top500,False,1,98
ea_llm_self_adaptive_api_1365_run5_20260725_024035.json,1365,d22ce83386ee4218a238e1ae7d5862c0,8,2363911d31db4058afc7abc2d450633d,39,ml_mutation,wrong,79a84cde2c8a93e8eda452d85b244d99452af736994829a18fd0eabd04dba04c,5870,False,silky,silky;glossy;fluffy,False,19979,0.2,False,beyond,False,1,186
ea_llm_self_adaptive_api_1365_run5_20260725_024035.json,1365,d22ce83386ee4218a238e1ae7d5862c0,8,2363911d31db4058afc7abc2d450633d,39,ml_mutation,filler,91df9355169dc16ab3e0912fee17da6ca67db814d85a36426b066e744053048d,5824,False,crunchy,crunchy;fibrous;tender,False,204,0.7,False,top100,False,1,97
ea_llm_self_adaptive_api_1365_run5_20260725_024035.json,1365,d22ce83386ee4218a238e1ae7d5862c0,8,2363911d31db4058afc7abc2d450633d,39,ml_mutation,absent,964900b809d88f259b3f49552187979403e970c1a368cd9a010f9e18f2e4edd1,5634,False,velvety,velvety;glossy;rough,False,1800,0.5,False,top100,False,1,142
ea_llm_self_adaptive_api_1365_run5_20260725_024035.json,1365,e20774bac0b84bbab47b3ba5a8067d6c,8,a5011b5aa2be43208df4a5b3aa3d5794,81,m_mutation,genuine,606ae4937e5573b1274ca77e2171c2ee62169a2ea46aa89c5627b448f0fe26b5,5917,False,scorch,scorch;singe;flame,False,2046,0.2,False,beyond,False,1,142
ea_llm_self_adaptive_api_1365_run5_20260725_024035.json,1365,e20774bac0b84bbab47b3ba5a8067d6c,8,a5011b5aa2be43208df4a5b3aa3d5794,81,m_mutation,wrong,fce97ef205c29d4cdfa8b366f340a22fe53b19d13df7c305dbb0b477d6af5f4c,5908,False,mellow,mellow;temper;soothe,False,4037,0.4,False,top500,False,1,192
ea_llm_self_adaptive_api_1365_run5_20260725_024035.json,1365,e20774bac0b84bbab47b3ba5a8067d6c,8,a5011b5aa2be43208df4a5b3aa3d5794,81,m_mutation,filler,fcf90fa47851254854492c64675b9f89326ff85464a77277aa7511982de10fae,5935,False,linger,linger;pause;delay,False,29523,0.6,False,top500,False,1,139
ea_llm_self_adaptive_api_1365_run5_20260725_024035.json,1365,e20774bac0b84bbab47b3ba5a8067d6c,8,a5011b5aa2be43208df4a5b3aa3d5794,81,m_mutation,absent,863a2972dbb60c9347963fd018b6217c0911f2c063abefee26f15e3eac8ee97b,5670,False,mellow,mellow;temper;tenderize,False,4037,0.4,False,top500,False,1,90
ea_llm_self_adaptive_api_1365_run5_20260725_024035.json,1365,48f236fc1ce5412b843ca0a4726c6fa7,9,2363911d31db4058afc7abc2d450633d,5,ml_mutation,genuine,364229a0462a1a10bc73e854608d588c3c8d21725b124f2772625fc28a181947,6127,False,salty,salty;tart;juicy,False,1897,0.7,False,top100,False,3,174
ea_llm_self_adaptive_api_1365_run5_20260725_024035.json,1365,48f236fc1ce5412b843ca0a4726c6fa7,9,2363911d31db4058afc7abc2d450633d,5,ml_mutation,wrong,42e1a361747f81df56cd23e0496e4ec7f686dda9d4d9c253eada31f24e90ac96,6171,False,crash,crash;thud;whistle,False,35360,0.2,False,beyond,False,1,145
ea_llm_self_adaptive_api_1365_run5_20260725_024035.json,1365,48f236fc1ce5412b843ca0a4726c6fa7,9,2363911d31db4058afc7abc2d450633d,5,ml_mutation,filler,bf9bc4b68aa0ea7797417069e6a90e725361c6974282c9ebf945d40c0f65d98e,6125,False,gurgle,gurgle;rustle;murmur,False,2308,0.3,False,top500,False,1,244
ea_llm_self_adaptive_api_1365_run5_20260725_024035.json,1365,48f236fc1ce5412b843ca0a4726c6fa7,9,2363911d31db4058afc7abc2d450633d,5,ml_mutation,absent,e5b519a4b542200a6cbc8fa1fc9d64b57b7bef7ae801e7411f35571087f28171,5935,False,tender,tender;crumbly;moist,False,484,0.3,False,top500,False,1,133
ea_llm_self_adaptive_api_1365_run5_20260725_024035.json,1365,0da8af32780445e18e5a397b0ee859a2,9,5c86772a36c647609c1ef539c93ff6a9,16,l_mutation,genuine,2abcbe898c7bbbb4ca6d7649d0634cba825bd6d5cc3b546b7db87b685e091a27,6451,False,cycle,cycle;erosion;deposition,False,60318,0.3,False,top500,False,1,140
ea_llm_self_adaptive_api_1365_run5_20260725_024035.json,1365,0da8af32780445e18e5a397b0ee859a2,9,5c86772a36c647609c1ef539c93ff6a9,16,l_mutation,wrong,9ff8d359592f9d292ef2c90b68155a618b9aa822d4ff85692f13be63f6c268c2,6369,False,emerge,emerge;arise;burst,False,29522,0.35,False,top500,False,1,130
ea_llm_self_adaptive_api_1365_run5_20260725_024035.json,1365,0da8af32780445e18e5a397b0ee859a2,9,5c86772a36c647609c1ef539c93ff6a9,16,l_mutation,filler,11890cc090f263176a41c89779e7a2452079957efb0d6240478749cfca4c4602,6421,False,formation,formation;erosion;deposition,False,41151,0.3,False,top500,False,1,145
ea_llm_self_adaptive_api_1365_run5_20260725_024035.json,1365,0da8af32780445e18e5a397b0ee859a2,9,5c86772a36c647609c1ef539c93ff6a9,16,l_mutation,absent,dbee0f7b059fe910dda494677554c0e10687d435b8753d2face01335cada9c49,6156,False,substrate,substrate;terrain;microclimate,False,57772,0.3,False,beyond,False,1,146
ea_llm_self_adaptive_api_1365_run5_20260725_024035.json,1365,38dec297e13e4bed86c4b44fa711fc8c,9,f75a22bdb6b24a739476fc84ede31dab,16,s_mutation,genuine,d719037dc8b0477b01e34f7ba68ed8a6779fe83093b9ef376909395ee712b438,6981,False,shoot,shoot;emerge;unfurl,False,847,0.7,False,top100,False,3,121
ea_llm_self_adaptive_api_1365_run5_20260725_024035.json,1365,38dec297e13e4bed86c4b44fa711fc8c,9,f75a22bdb6b24a739476fc84ede31dab,16,s_mutation,wrong,ed2422fad3cb943696be634e48c52f69832faeb229e309ed24f4eddca5a72191,6885,False,expand,expand;unfurl;unfold,False,55929,0.6,False,top500,False,1,141
ea_llm_self_adaptive_api_1365_run5_20260725_024035.json,1365,38dec297e13e4bed86c4b44fa711fc8c,9,f75a22bdb6b24a739476fc84ede31dab,16,s_mutation,filler,252278b495d45adccc7050fc719b8246b1a0aef32c9eab5284e4047b59e13889,6951,False,develop,develop;mature;evolve,False,51615,0.7,False,top100,False,1,166
ea_llm_self_adaptive_api_1365_run5_20260725_024035.json,1365,38dec297e13e4bed86c4b44fa711fc8c,9,f75a22bdb6b24a739476fc84ede31dab,16,s_mutation,absent,e8ba9c40c8310ba17e90ec749c168d0129336760e3454f103e556104e6ab9f4b,6610,False,shoot,shoot;bud;unfurl,False,847,0.8,False,top100,False,1,100
ea_llm_self_adaptive_api_1365_run5_20260725_024035.json,1365,39600564343a4636bce0bfbb7e7bde15,9,a5011b5aa2be43208df4a5b3aa3d5794,81,m_mutation,genuine,867c0285752eff7e94560fdf157313380e974924abb73f130907a7cbf1b320f8,6240,False,soften,soften;dye;bleach,False,709,0.5,False,top500,False,1,133
ea_llm_self_adaptive_api_1365_run5_20260725_024035.json,1365,39600564343a4636bce0bfbb7e7bde15,9,a5011b5aa2be43208df4a5b3aa3d5794,81,m_mutation,wrong,a1f8ca4fba2cb2644fdfaf8d0920694fd37c99656b8dcc33bafa2a03d7fe816d,6230,False,murmur,murmur;whisper;hum,False,7143,0.2,False,beyond,False,1,133
ea_llm_self_adaptive_api_1365_run5_20260725_024035.json,1365,39600564343a4636bce0bfbb7e7bde15,9,a5011b5aa2be43208df4a5b3aa3d5794,81,m_mutation,filler,7d9026abbb5a45a45a4dc4c315716510335ce34b407374c994bb84b9410a299e,6258,False,croon,croon;murmur;whisper,False,15280,0.7,False,top500,False,1,139
ea_llm_self_adaptive_api_1365_run5_20260725_024035.json,1365,39600564343a4636bce0bfbb7e7bde15,9,a5011b5aa2be43208df4a5b3aa3d5794,81,m_mutation,absent,b73e431394ff34ea7371e0e834216d58ebe9c5bf05f8943f9c3571366bca94aa,5993,False,temper,temper;mollify;sag,False,23445,0.2,False,beyond,False,1,170
ea_llm_self_adaptive_api_1365_run5_20260725_024035.json,1365,708455735a9d488eab108bdadf86a059,10,2363911d31db4058afc7abc2d450633d,5,s_mutation,genuine,1b02df1eb29d7ee07e9f92fc6be51766c6f772240ae77f1e967e3ff95b8436a1,6361,False,root,root;peel;juice,False,358,0.7,False,top100,False,2,117
ea_llm_self_adaptive_api_1365_run5_20260725_024035.json,1365,708455735a9d488eab108bdadf86a059,10,2363911d31db4058afc7abc2d450633d,5,s_mutation,wrong,bb5735daf72f298e22b526e00d7ce4f5d2d77c9d67e1f4fe970f2933ed65fbb2,6388,False,root,root;tuber;radish,False,358,0.6,False,top500,False,1,129
ea_llm_self_adaptive_api_1365_run5_20260725_024035.json,1365,708455735a9d488eab108bdadf86a059,10,2363911d31db4058afc7abc2d450633d,5,s_mutation,filler,7d00e5f0bc34695971f6333bf21a95e65b80af464ed274c899b7ba02ca8e14e3,6359,False,root,root;parsnip;turnip,False,358,0.7,False,top500,False,1,126
ea_llm_self_adaptive_api_1365_run5_20260725_024035.json,1365,708455735a9d488eab108bdadf86a059,10,2363911d31db4058afc7abc2d450633d,5,s_mutation,absent,e6f98e6c6dba94f131970d34bd58b3a014e609befe721479105bd1360d08c68a,6169,False,radish,radish;turnip;parsnip,False,4,0.7,False,top100,False,1,96
