trace_file,game_number,child_id,generation,parent_id,parent_rank,sampled_op,arm,prompt_sha256,prompt_chars,llm_parse_failed,proposed_word,proposed_words,proposed_word_invalid,realized_rank,predicted_closeness,predicted_closeness_clamped,predicted_bucket,self_report_parse_failed,basis_words_count,reason_chars
ea_llm_self_adaptive_api_1319_run1_20260722_201805.json,1319,e81b68ad24d84d2cbed765374cac16ff,2,84b7d101975a412ba3111e6fc60f2fd9,183,ml_mutation,genuine,ec0c1d419af7ccf8a8b820af09b9c2bc4422822290cf1d4a9df2db36a2fb6d5e,3685,False,beach,beach;island;mangrove,False,16,0.6,False,top500,False,1,194
ea_llm_self_adaptive_api_1319_run1_20260722_201805.json,1319,e81b68ad24d84d2cbed765374cac16ff,2,84b7d101975a412ba3111e6fc60f2fd9,183,ml_mutation,wrong,81e161490ea0fa3c4571453eda4a021a8cb8cfcf4cd3fd342ed7f292eb52ff09,3633,False,dune,dune;spit;barrier,False,1443,0.4,False,top500,False,1,151
ea_llm_self_adaptive_api_1319_run1_20260722_201805.json,1319,e81b68ad24d84d2cbed765374cac16ff,2,84b7d101975a412ba3111e6fc60f2fd9,183,ml_mutation,filler,00e736386b8894b69b7642300d1f36083b3e856e9c49627c28b386cdb565ee20,3662,False,beach,beach;mangrove;tidal,False,16,0.4,False,top500,False,1,157
ea_llm_self_adaptive_api_1319_run1_20260722_201805.json,1319,e81b68ad24d84d2cbed765374cac16ff,2,84b7d101975a412ba3111e6fc60f2fd9,183,ml_mutation,absent,6b77bff2e20c73ca9f1387f69001d875c0331d43289dac07b1dacb49702b9766,3397,False,archipelago,archipelago;atoll;mangrove,False,1582,0.6,False,top500,False,1,175
ea_llm_self_adaptive_api_1319_run1_20260722_201805.json,1319,c9c0ca8f367348cfaf2e22bf396d5527,3,4d7c63d7f6f04f8c9459a7db9715ea75,300,ml_mutation,genuine,0f5ecc37cfe25aa43e87b4fa5338f401b55997d862b7dad907233efe0e3d7274,4109,False,arid,arid;polar;alpine,False,29856,0.4,False,top500,False,1,199
ea_llm_self_adaptive_api_1319_run1_20260722_201805.json,1319,c9c0ca8f367348cfaf2e22bf396d5527,3,4d7c63d7f6f04f8c9459a7db9715ea75,300,ml_mutation,wrong,3304ad69335fdcdcf58dc56ebfc1e56ed9ee60c5cbc3bbd526908b187a4438ab,4098,False,arctic,arctic;alpine;polar,False,34,0.4,False,top500,False,1,173
ea_llm_self_adaptive_api_1319_run1_20260722_201805.json,1319,c9c0ca8f367348cfaf2e22bf396d5527,3,4d7c63d7f6f04f8c9459a7db9715ea75,300,ml_mutation,filler,0e7492846d968b20aa7da0999b68c870b4cc34d5d6a80c613da90d853f015744,4122,False,floe,floe;shelf;rime,False,120,0.4,False,top500,False,1,198
ea_llm_self_adaptive_api_1319_run1_20260722_201805.json,1319,c9c0ca8f367348cfaf2e22bf396d5527,3,4d7c63d7f6f04f8c9459a7db9715ea75,300,ml_mutation,absent,1c963c6f45d82e92aef239f055b8813a26a517e62a185637be0c2953901165ff,3857,False,latitude,latitude;polar;arctic,False,7680,0.3,False,top500,False,1,214
ea_llm_self_adaptive_api_1319_run1_20260722_201805.json,1319,8136019cc2774c8cb9f121707cd050e8,4,d1faccf882644fe78825998588c993c0,66,m_mutation,genuine,b585176f87eed0abd04cd865c54ba9361bb7e08acff3e19f42acdb1e5ad99f15,4583,False,horizon,horizon;sail;depth,False,36340,0.6,False,top500,False,1,170
ea_llm_self_adaptive_api_1319_run1_20260722_201805.json,1319,8136019cc2774c8cb9f121707cd050e8,4,d1faccf882644fe78825998588c993c0,66,m_mutation,wrong,ce3dae7979d03815dddc00418437be0b448ffb5c94413322c2466f5af24dcd63,4529,False,sail,sail;voyage;nautical,False,6367,0.3,False,top500,False,1,135
ea_llm_self_adaptive_api_1319_run1_20260722_201805.json,1319,8136019cc2774c8cb9f121707cd050e8,4,d1faccf882644fe78825998588c993c0,66,m_mutation,filler,f02bdd636098833cbd4571ac7d0e5f0c524347c28fb82b16ba48677d21f9783f,4579,False,myth,myth;legend;tale,False,14567,0.4,False,beyond,False,1,147
ea_llm_self_adaptive_api_1319_run1_20260722_201805.json,1319,8136019cc2774c8cb9f121707cd050e8,4,d1faccf882644fe78825998588c993c0,66,m_mutation,absent,97fb4bdf06ca43543945a5ae2918fa32a5a683ca99e8b6f0930c008c0fab3d2f,4314,False,horizon,horizon;depth;port,False,36340,0.6,False,top500,False,1,170
ea_llm_self_adaptive_api_1319_run1_20260722_201805.json,1319,d7ecd91e433d4fe6a803837baa39c76a,5,ce63492b5ec645aca7a8a78d44fe5684,23,ml_mutation,genuine,661211299694f34548829a745a588d95f3f728f21eb50625da13a18257022d17,4924,False,ice,ice;sheet;rift,False,305,0.3,False,top500,False,1,160
ea_llm_self_adaptive_api_1319_run1_20260722_201805.json,1319,d7ecd91e433d4fe6a803837baa39c76a,5,ce63492b5ec645aca7a8a78d44fe5684,23,ml_mutation,wrong,75aa57c45088529e2d681db7b6116f2554505a18ea043baeddf2592c8033f3c0,4905,False,floe,floe;cay;islet,False,120,0.3,False,top500,False,1,154
ea_llm_self_adaptive_api_1319_run1_20260722_201805.json,1319,d7ecd91e433d4fe6a803837baa39c76a,5,ce63492b5ec645aca7a8a78d44fe5684,23,ml_mutation,filler,e239eefbc9420a2f6ebd9b96cc875ba086d8f633ed7acc7528cd7a903426ba78,4935,False,shelf,shelf;trench;archipelago,False,10237,0.7,False,top100,False,1,154
ea_llm_self_adaptive_api_1319_run1_20260722_201805.json,1319,d7ecd91e433d4fe6a803837baa39c76a,5,ce63492b5ec645aca7a8a78d44fe5684,23,ml_mutation,absent,e967663d0ff167faff5ffd9192add61f9ce0d00cd2a3681b48652cee54d2f4d2,4670,False,reef,reef;tide;island,False,183,0.5,False,top100,False,1,154
ea_llm_self_adaptive_api_1319_run1_20260722_201805.json,1319,fdbf5747876344dcb75e3e659f6d9738,6,ce63492b5ec645aca7a8a78d44fe5684,23,l_mutation,genuine,67a82b5b50498f15b6da5619ddc0ef191d1ba10e11e0119db8303927af52af1e,5559,False,drift,drift;float;sail,False,1935,0.4,False,top500,False,1,166
ea_llm_self_adaptive_api_1319_run1_20260722_201805.json,1319,fdbf5747876344dcb75e3e659f6d9738,6,ce63492b5ec645aca7a8a78d44fe5684,23,l_mutation,wrong,887dd813080802ca5955db0855b0e3c054cb50a3952ef4403114c2004e06eac4,5542,False,wave,wave;tide;shelf,False,1400,0.3,False,top500,False,1,170
ea_llm_self_adaptive_api_1319_run1_20260722_201805.json,1319,fdbf5747876344dcb75e3e659f6d9738,6,ce63492b5ec645aca7a8a78d44fe5684,23,l_mutation,filler,d4ba131754703abadab5f613b84afb9156d841362ca358683e495b88c46c01be,5570,False,submerged,submerged;structure;natural,False,3086,0.3,False,top500,False,1,164
ea_llm_self_adaptive_api_1319_run1_20260722_201805.json,1319,fdbf5747876344dcb75e3e659f6d9738,6,ce63492b5ec645aca7a8a78d44fe5684,23,l_mutation,absent,48b24553ff9bcb3f96fec4642831f9dd936538eca9b1127524d7cad2d7c1e67a,5305,False,landform,landform;feature;structure,False,1179,0.4,False,top500,False,1,115
ea_llm_self_adaptive_api_1319_run1_20260722_201805.json,1319,e85a436a91b24c9aa52b19db60a1317d,7,4d7c63d7f6f04f8c9459a7db9715ea75,34,ml_mutation,genuine,099b5cfcc2e33842c67f4a449058ac6ac24743a2cfa28e3a3df31c4dfc32fe13,5719,False,chilly,chilly;snowy;harsh,False,11061,0.3,False,top100,False,1,139
ea_llm_self_adaptive_api_1319_run1_20260722_201805.json,1319,e85a436a91b24c9aa52b19db60a1317d,7,4d7c63d7f6f04f8c9459a7db9715ea75,34,ml_mutation,wrong,49bd45c0d88d47fa225a3deafc840e9ec251ab0b12096a705ab9eb88a27f3f10,5693,False,pressure,pressure;density;salinity,False,20807,0.3,False,beyond,False,3,182
ea_llm_self_adaptive_api_1319_run1_20260722_201805.json,1319,e85a436a91b24c9aa52b19db60a1317d,7,4d7c63d7f6f04f8c9459a7db9715ea75,34,ml_mutation,filler,634b22ea1c70b271670083574e3b1a1173923fb3a3af334aff54843c75b7f5d6,5732,False,polar,polar;freezing;subzero,False,8,0.7,False,top100,False,1,154
ea_llm_self_adaptive_api_1319_run1_20260722_201805.json,1319,e85a436a91b24c9aa52b19db60a1317d,7,4d7c63d7f6f04f8c9459a7db9715ea75,34,ml_mutation,absent,451ecb0c51b75152a44b2ce51cdfbfd1c3c79f7a6ede3b9afbe87530f5743197,5467,False,chill,chill;bitter;harsh,False,12575,0.6,False,top500,False,1,214
ea_llm_self_adaptive_api_1319_run1_20260722_201805.json,1319,4eb4f6144a4c4928a905f6f42c73be4d,8,ce63492b5ec645aca7a8a78d44fe5684,23,l_mutation,genuine,aca1c800828b968f9872022b8cbdce08ec497c9101b279296bbb5eb2f338ffe3,6242,False,berm,berm;trench;mudflat,False,36170,0.3,False,top500,False,1,114
ea_llm_self_adaptive_api_1319_run1_20260722_201805.json,1319,4eb4f6144a4c4928a905f6f42c73be4d,8,ce63492b5ec645aca7a8a78d44fe5684,23,l_mutation,wrong,33f309af5119462b1cf3a30ee84e7e7a4fbc29119f85b1db0ab4555eabc9c293,6229,False,flake,flake;sphere;vortex,False,2061,0.3,False,top500,False,1,202
ea_llm_self_adaptive_api_1319_run1_20260722_201805.json,1319,4eb4f6144a4c4928a905f6f42c73be4d,8,ce63492b5ec645aca7a8a78d44fe5684,23,l_mutation,filler,e48d4f3085fe683e3e18cfc3eb3f819bf02fbbc787a379f697bbe64bd7c77486,6253,False,crystal,crystal;shape;texture,False,42384,0.4,False,top500,False,1,122
ea_llm_self_adaptive_api_1319_run1_20260722_201805.json,1319,4eb4f6144a4c4928a905f6f42c73be4d,8,ce63492b5ec645aca7a8a78d44fe5684,23,l_mutation,absent,d95568c109fbf9a6b116e9bf132b6f642ee943cb29b751b1075c210b767f0ac5,5988,False,float,float;mass;object,False,4178,0.45,False,top500,False,1,179
ea_llm_self_adaptive_api_1319_run1_20260722_201805.json,1319,06e531972ebf49719b067b7598d871a4,9,e81b68ad24d84d2cbed765374cac16ff,16,m_mutation,genuine,62ef343c5e034d8eec74cc513fb4f4168ce464fbdb36ae4d3559ab031d35c209,6395,False,sand,sand;pebble;shell,False,2525,0.6,False,top500,False,1,144
ea_llm_self_adaptive_api_1319_run1_20260722_201805.json,1319,06e531972ebf49719b067b7598d871a4,9,e81b68ad24d84d2cbed765374cac16ff,16,m_mutation,wrong,916999a04024e10ab77e70b942acfcbe86f2fd846df00fe816ff08f29fd5e8db,6379,False,texture,texture;grit;smooth,False,38129,0.5,False,beyond,False,1,158
ea_llm_self_adaptive_api_1319_run1_20260722_201805.json,1319,06e531972ebf49719b067b7598d871a4,9,e81b68ad24d84d2cbed765374cac16ff,16,m_mutation,filler,e94cb447d2dc05431a59a38b1eb5abb44d0732d6f8d8476db6337cef24c0dd08,6408,False,resort,resort;kayak;shell,False,40498,0.5,False,top500,False,1,149
ea_llm_self_adaptive_api_1319_run1_20260722_201805.json,1319,06e531972ebf49719b067b7598d871a4,9,e81b68ad24d84d2cbed765374cac16ff,16,m_mutation,absent,09b919cfaf7b0ced3787a719f38a2c36d68548dfdda880556bba357ed2202abd,6143,False,relax,relax;swim;surf,False,21222,0.7,False,top100,False,1,95
ea_llm_self_adaptive_api_1319_run1_20260722_201805.json,1319,ec0f5a27881b404e84e1119f9e7b42b5,10,efa023223bde4538a6d2d9f21ae3a53a,8,l_mutation,genuine,6877ecba6171eb89d99cf7115e461d49244338445ee3de2520d357b5797a19e6,6635,False,remote,remote;habitats;refuge,False,34170,0.4,False,top500,False,1,245
ea_llm_self_adaptive_api_1319_run1_20260722_201805.json,1319,ec0f5a27881b404e84e1119f9e7b42b5,10,efa023223bde4538a6d2d9f21ae3a53a,8,l_mutation,wrong,1bb571e3c5d7a58be3724d8eae2c66f1465aa1aaafc33dbc439e139a4fe61e7f,6617,False,subterranean,subterranean;labyrinth;tunnel,False,9465,0.3,False,top500,False,1,213
ea_llm_self_adaptive_api_1319_run1_20260722_201805.json,1319,ec0f5a27881b404e84e1119f9e7b42b5,10,efa023223bde4538a6d2d9f21ae3a53a,8,l_mutation,filler,3cfd4640b7f8e6c78ac4a2c82f38c79a0fde1040a94ba872530f5b574547c458,6640,False,survival,survival;resilience;endurance,False,14109,0.3,False,beyond,False,1,149
ea_llm_self_adaptive_api_1319_run1_20260722_201805.json,1319,ec0f5a27881b404e84e1119f9e7b42b5,10,efa023223bde4538a6d2d9f21ae3a53a,8,l_mutation,absent,8367ddd877ca0e8ae6ce3363ccf43aa463653800df4837f7ad0aca25ef4d55bb,6375,False,microbe,microbe;organism;toughness,False,2986,0.4,False,top500,False,1,136
ea_llm_self_adaptive_api_1319_run1_20260722_201805.json,1319,b5315aee85df4b68975930a296c3f7b1,11,efa023223bde4538a6d2d9f21ae3a53a,8,l_mutation,genuine,cbabc2ea53ba6e29b6a25591815b7bfa77e7f3d2caefe50c16dcfb7f3400ff90,6797,False,survival,survival;resilience;endurance,False,14109,0.4,False,top500,False,1,183
ea_llm_self_adaptive_api_1319_run1_20260722_201805.json,1319,b5315aee85df4b68975930a296c3f7b1,11,efa023223bde4538a6d2d9f21ae3a53a,8,l_mutation,wrong,a92b9fcd7446f1f2ab904c1979166a4907f349e9f85dc2e4dc120a62f46ac73b,6779,False,expedition,expedition;mission;research,False,1366,0.3,False,top500,False,1,173
ea_llm_self_adaptive_api_1319_run1_20260722_201805.json,1319,b5315aee85df4b68975930a296c3f7b1,11,efa023223bde4538a6d2d9f21ae3a53a,8,l_mutation,filler,1c67c4fd0a76895e04bd667c447813d0ea145ebef63d9d4ba113ecc662052ed2,6802,False,resilience,resilience;fatigue;stiffness,False,18165,0.2,False,beyond,False,1,118
ea_llm_self_adaptive_api_1319_run1_20260722_201805.json,1319,b5315aee85df4b68975930a296c3f7b1,11,efa023223bde4538a6d2d9f21ae3a53a,8,l_mutation,absent,f01c0002b1697781e73582229d67d604d872360545f4a4788c26891bb0f9082c,6537,False,exploration,exploration;techniques;methods,False,21183,0.3,False,top500,False,1,199
ea_llm_self_adaptive_api_1319_run1_20260722_201805.json,1319,619c208763b8437786c508a3893349b7,12,e81b68ad24d84d2cbed765374cac16ff,16,m_mutation,genuine,d0ab0d46e7d7e1c2a412d6d06aefc842af46f120e797fcc232122cf655183b43,7106,False,sand,sand;sun;tide,False,2525,0.6,False,top500,False,1,135
ea_llm_self_adaptive_api_1319_run1_20260722_201805.json,1319,619c208763b8437786c508a3893349b7,12,e81b68ad24d84d2cbed765374cac16ff,16,m_mutation,wrong,2ebcc6797113abc730027589b3319e557eea26c388fbaa079e02836dd50d29b4,7073,False,leisure,leisure;summer;tourist,False,42137,0.5,False,top500,False,1,133
ea_llm_self_adaptive_api_1319_run1_20260722_201805.json,1319,619c208763b8437786c508a3893349b7,12,e81b68ad24d84d2cbed765374cac16ff,16,m_mutation,filler,a3391411c33713513eef2c4b9aea5501e32b04f9e42d93673f1ddc8ca0eb979f,7119,False,sand,sand;shell;pebble,False,2525,0.8,False,top100,False,1,90
ea_llm_self_adaptive_api_1319_run1_20260722_201805.json,1319,619c208763b8437786c508a3893349b7,12,e81b68ad24d84d2cbed765374cac16ff,16,m_mutation,absent,095ff4b9878e53f49a99c2e78bb0bfbdf1956f5ea7c86e166056661cab6bddc1,6854,False,sand,sand;pebble;gravel,False,2525,0.3,False,top500,False,1,176
ea_llm_self_adaptive_api_1319_run1_20260722_201805.json,1319,82aa858bc59f4a26967663d280d41569,13,e81b68ad24d84d2cbed765374cac16ff,16,s_mutation,genuine,8757cf1b9736b9a86d3e264d012c1b1416bbe4b89e3fa543fd5c054a19d4ea6c,7255,False,shore,shore;sand;coast,False,1297,0.7,False,top100,False,1,133
ea_llm_self_adaptive_api_1319_run1_20260722_201805.json,1319,82aa858bc59f4a26967663d280d41569,13,e81b68ad24d84d2cbed765374cac16ff,16,s_mutation,wrong,4e832e2391f6fae1be3073ca7a87c606e32d7f797af226fc87a5784eaa9fbeaf,7232,False,sand,sand;shore;coast,False,2525,0.7,False,top100,False,1,111
ea_llm_self_adaptive_api_1319_run1_20260722_201805.json,1319,82aa858bc59f4a26967663d280d41569,13,e81b68ad24d84d2cbed765374cac16ff,16,s_mutation,filler,b3c985d48a4beaa4aa4dcbe9a91ccb1d25aafd0f551de271f4df15b8b4c062c0,7268,False,cove,cove;shore;sand,False,5411,0.7,False,top500,False,1,103
ea_llm_self_adaptive_api_1319_run1_20260722_201805.json,1319,82aa858bc59f4a26967663d280d41569,13,e81b68ad24d84d2cbed765374cac16ff,16,s_mutation,absent,53accbbebab65242c526fba5f41fa40be1721815e3782d4f3d62fd966fc52e88,7003,False,sand,sand;surf;tide,False,2525,0.75,False,top100,False,1,136
ea_llm_self_adaptive_api_1319_run1_20260722_201805.json,1319,73ddf7a860a1490cb33128fa1bf015e2,14,e81b68ad24d84d2cbed765374cac16ff,16,s_mutation,genuine,31fd71129af187c9b0a0b3c12d2868971662a48995d975dd0acba6b6b5c7b30e,7503,False,cape,cape;cove;islet,False,4021,0.5,False,top500,False,1,143
ea_llm_self_adaptive_api_1319_run1_20260722_201805.json,1319,73ddf7a860a1490cb33128fa1bf015e2,14,e81b68ad24d84d2cbed765374cac16ff,16,s_mutation,wrong,95ccb65d21a14a7664586202de8550b734749eef4c213efdb2be079c0a832159,7487,False,sand,sand;surf;wave,False,2525,0.7,False,top100,False,1,118
ea_llm_self_adaptive_api_1319_run1_20260722_201805.json,1319,73ddf7a860a1490cb33128fa1bf015e2,14,e81b68ad24d84d2cbed765374cac16ff,16,s_mutation,filler,748e934fe0c3c8e7380fb2bbe0d45a02cbb188718d8592254ba2faba97dccb25,7516,False,reef,reef;surf;tide,False,183,0.3,False,beyond,False,1,183
ea_llm_self_adaptive_api_1319_run1_20260722_201805.json,1319,73ddf7a860a1490cb33128fa1bf015e2,14,e81b68ad24d84d2cbed765374cac16ff,16,s_mutation,absent,41d0de24abd8a5c074e1c4e9a9f65fb7000f5b2b8a0d0fb49099a24636b0e5b9,7251,False,sand,sand;surf;pebble,False,2525,0.75,False,top100,False,1,128
ea_llm_self_adaptive_api_1319_run1_20260722_201805.json,1319,253bbc7ee0454d2d857308b4188c206f,15,c99037c476c94ff6b62e94bebaaa3b5a,44,m_mutation,genuine,801cbb7d3417daaf414d26e9ea5ea1b421d4ed6af98c37718e78d4e30742ad8c,7513,False,herbivore,herbivore;browse;forage,False,541,0.4,False,top500,False,1,146
ea_llm_self_adaptive_api_1319_run1_20260722_201805.json,1319,253bbc7ee0454d2d857308b4188c206f,15,c99037c476c94ff6b62e94bebaaa3b5a,44,m_mutation,wrong,7da7eddd758c2d34a3baaeb79c7668d7a83bf83f7e571e7ccf130039b204cf31,7496,False,myth,myth;symbol;legend,False,14567,0.4,False,top500,False,1,114
ea_llm_self_adaptive_api_1319_run1_20260722_201805.json,1319,253bbc7ee0454d2d857308b4188c206f,15,c99037c476c94ff6b62e94bebaaa3b5a,44,m_mutation,filler,83a952fc70f9815de1f20fba6bbca3a4d93f3de0e7c7f95c4ba95544d0c49093,7526,False,antler,antler;hoof;mammal,False,235,0.4,False,top500,False,1,165
ea_llm_self_adaptive_api_1319_run1_20260722_201805.json,1319,253bbc7ee0454d2d857308b4188c206f,15,c99037c476c94ff6b62e94bebaaa3b5a,44,m_mutation,absent,0557c364f4b4808387d090ab1fce16a02d0b6c5373b190f91408951a47e1dd23,7261,False,antler,antler;hoof;blubber,False,235,0.6,False,top100,False,1,131
ea_llm_self_adaptive_api_1319_run1_20260722_201805.json,1319,0fac00c8be524ce99580872797b84a07,16,4d7c63d7f6f04f8c9459a7db9715ea75,34,l_mutation,genuine,c020bec9b1e445b3922ccd7f184cbbea74423ca6521e766ece990ad4e4d7ffc5,7845,False,survival,survival;strategies;resilience,False,14109,0.2,False,top500,False,1,166
ea_llm_self_adaptive_api_1319_run1_20260722_201805.json,1319,0fac00c8be524ce99580872797b84a07,16,4d7c63d7f6f04f8c9459a7db9715ea75,34,l_mutation,wrong,56a0a2ac129e2371163abf9353408400ef9d9382d4f3ffc44d3fd4ed9ff224af,7828,False,survival,survival;technology;gear,False,14109,0.3,False,beyond,False,1,152
ea_llm_self_adaptive_api_1319_run1_20260722_201805.json,1319,0fac00c8be524ce99580872797b84a07,16,4d7c63d7f6f04f8c9459a7db9715ea75,34,l_mutation,filler,09a24c52acd2560169053babfacfb45101506d51c55e5dda971e4e1efe657b3c,7858,False,rescue,rescue;relief;supply,False,617,0.3,False,top500,False,1,194
ea_llm_self_adaptive_api_1319_run1_20260722_201805.json,1319,0fac00c8be524ce99580872797b84a07,16,4d7c63d7f6f04f8c9459a7db9715ea75,34,l_mutation,absent,4a56b76de53b5e5332cb95eee57b0dca634d0b5e6124edf0e0153dabcbd964ec,7593,False,transport,transport;logistics;infrastructure,False,17483,0.5,False,top100,False,1,188
ea_llm_self_adaptive_api_1319_run1_20260722_201805.json,1319,f3c701219eb6416ab4ce7b52ff156e65,17,4d7c63d7f6f04f8c9459a7db9715ea75,34,l_mutation,genuine,31d89f11b0d367b7b85a10356443fa2e5e17cda7c00332ce8e7bcc4cd5ee4295,8117,False,infrastructure,infrastructure;construction;engineering,False,68066,0.3,False,top500,False,2,122
ea_llm_self_adaptive_api_1319_run1_20260722_201805.json,1319,f3c701219eb6416ab4ce7b52ff156e65,17,4d7c63d7f6f04f8c9459a7db9715ea75,34,l_mutation,wrong,12f308fd8f2f2bd991e2c0275d9b26dbf0998fbd6855376229dedda6b2ec380e,8090,False,resistance,resistance;tolerance;adaptability,False,31850,0.3,False,top500,False,1,175
ea_llm_self_adaptive_api_1319_run1_20260722_201805.json,1319,f3c701219eb6416ab4ce7b52ff156e65,17,4d7c63d7f6f04f8c9459a7db9715ea75,34,l_mutation,filler,08b8d3f1ebf2178f78c7816bedf093df43532f35f886f38941ca136feee312a0,8130,False,structure,structure;formation;pattern,False,56765,0.3,False,top500,False,1,213
ea_llm_self_adaptive_api_1319_run1_20260722_201805.json,1319,f3c701219eb6416ab4ce7b52ff156e65,17,4d7c63d7f6f04f8c9459a7db9715ea75,34,l_mutation,absent,587d30478c2720a485371365a3d809c6215285d5c4ab2004a2247b112bab89ff,7865,False,survival,survival;technology;innovation,False,14109,0.3,False,top500,False,1,181
ea_llm_self_adaptive_api_1319_run1_20260722_201805.json,1319,4b27ca11e93b4ba8a59d5aaf364915fa,18,c99037c476c94ff6b62e94bebaaa3b5a,7,ml_mutation,genuine,5b89ca7ebd0dea0ef1ba64215c8a0d6010005c39ed79eded72eebb19f06864e9,8248,False,migration,migration;hibernation;hunting,False,1826,0.7,False,top100,False,1,172
ea_llm_self_adaptive_api_1319_run1_20260722_201805.json,1319,4b27ca11e93b4ba8a59d5aaf364915fa,18,c99037c476c94ff6b62e94bebaaa3b5a,7,ml_mutation,wrong,ab4a2adfdeadcf1bdb427e3aea7420787d98bd3aec7d61b15ec5d60427b56b79,8213,False,walrus,walrus;orca;narwhal,False,1,0.7,False,top100,False,1,233
ea_llm_self_adaptive_api_1319_run1_20260722_201805.json,1319,4b27ca11e93b4ba8a59d5aaf364915fa,18,c99037c476c94ff6b62e94bebaaa3b5a,7,ml_mutation,filler,e3e2ceb7d2429678373c56b204e398fa70316803ff68e3a68f461f7c82c61dab,8261,False,whale,whale;penguin;walrus,False,2,0.7,False,top100,False,1,144
ea_llm_self_adaptive_api_1319_run1_20260722_201805.json,1319,4b27ca11e93b4ba8a59d5aaf364915fa,18,c99037c476c94ff6b62e94bebaaa3b5a,7,ml_mutation,absent,dbe607eb214f513af7a4a8df5c72810652e33c6b92f5166c195463e6f98aea1a,7996,False,whale,whale;kelp;fish,False,2,0.7,False,top100,False,1,150
ea_llm_self_adaptive_api_1319_run1_20260722_201805.json,1319,472f2648ca944c6aa89d5238c5423b4f,2,2e19f5b50b3c48acae187c6334d88247,342,ml_mutation,genuine,95a29fd7b499797a4e185e7cc63fb8c63d16953289a89327e70273994242e963,3595,False,tasty,tasty;spicy;sweet,False,32716,0.4,False,beyond,False,1,109
ea_llm_self_adaptive_api_1319_run1_20260722_201805.json,1319,472f2648ca944c6aa89d5238c5423b4f,2,2e19f5b50b3c48acae187c6334d88247,342,ml_mutation,wrong,7001fadff314f822718195d915f788d1c0aea8100ccc594d57a6c4bf55e1c15c,3631,False,cook,cook;bake;stir,False,36572,0.4,False,top500,False,1,214
ea_llm_self_adaptive_api_1319_run1_20260722_201805.json,1319,472f2648ca944c6aa89d5238c5423b4f,2,2e19f5b50b3c48acae187c6334d88247,342,ml_mutation,filler,79f79fb71da5885f43184c900f24ac7ada7fa53e5c42fd55d1b04df5210b151b,3592,False,tasty,tasty;spicy;salty,False,32716,0.2,False,beyond,False,1,152
ea_llm_self_adaptive_api_1319_run1_20260722_201805.json,1319,472f2648ca944c6aa89d5238c5423b4f,2,2e19f5b50b3c48acae187c6334d88247,342,ml_mutation,absent,d4bb761d87f878f5cd1b566c1a51392ebe4aceae196219c45f2b0fe39317281e,3402,False,hunger,hunger;satiety;fullness,False,11704,0.4,False,top500,False,1,129
ea_llm_self_adaptive_api_1319_run1_20260722_201805.json,1319,ce63492b5ec645aca7a8a78d44fe5684,3,43728886ef1b408989f1e439df510310,51,s_mutation,genuine,aa43feae396486cf2154ad50979bd63491841ca896d6f6fab7a2d8f9f93dd7d7,4022,False,icefield,icefield;moraine;bergs,False,6160,0.35,False,top500,False,1,138
ea_llm_self_adaptive_api_1319_run1_20260722_201805.json,1319,ce63492b5ec645aca7a8a78d44fe5684,3,43728886ef1b408989f1e439df510310,51,s_mutation,wrong,1a31f0af9190dac39458773178be6aad72598b40a2cab9532badeb1a8110003f,4005,False,moraine,moraine;drift;tarn,False,2917,0.6,False,top500,False,1,100
ea_llm_self_adaptive_api_1319_run1_20260722_201805.json,1319,ce63492b5ec645aca7a8a78d44fe5684,3,43728886ef1b408989f1e439df510310,51,s_mutation,filler,c9e0a5c053f29062d636ff40a87e54d3ca20cdd0afc6aa6b6dd9d0204e73acda,4037,False,iceberg,iceberg;avalanche;blizzard,False,23,0.6,False,top500,False,1,118
ea_llm_self_adaptive_api_1319_run1_20260722_201805.json,1319,ce63492b5ec645aca7a8a78d44fe5684,3,43728886ef1b408989f1e439df510310,51,s_mutation,absent,162df0cc235179200b063639314877a9a0415470482ed575545a27fc433bb359,3772,False,iceberg,iceberg;rime;icefield,False,23,0.6,False,top500,False,1,123
ea_llm_self_adaptive_api_1319_run1_20260722_201805.json,1319,ea2d85b8bb81489eb9c951f2116d41b8,4,e81b68ad24d84d2cbed765374cac16ff,16,s_mutation,genuine,6aab391f4dd6865df84b54b3215f56ced585e320e257bee9d8df0313654f4d0a,4426,False,sand,sand;flats;barrier,False,2525,0.8,False,top100,False,1,140
ea_llm_self_adaptive_api_1319_run1_20260722_201805.json,1319,ea2d85b8bb81489eb9c951f2116d41b8,4,e81b68ad24d84d2cbed765374cac16ff,16,s_mutation,wrong,2eacf88eef3de60d63b26e97e11d0dd3d2e2413e578f949c5ebb06152c34a63e,4403,False,sand,sand;surf;strand,False,2525,0.7,False,top100,False,1,122
ea_llm_self_adaptive_api_1319_run1_20260722_201805.json,1319,ea2d85b8bb81489eb9c951f2116d41b8,4,e81b68ad24d84d2cbed765374cac16ff,16,s_mutation,filler,52dbb84e5501e944701cb5f1d7d18ecf7dfd9c69f03dfd35e25c1dfeea805143,4439,False,sand,sand;surf;bar,False,2525,0.7,False,top100,False,1,125
ea_llm_self_adaptive_api_1319_run1_20260722_201805.json,1319,ea2d85b8bb81489eb9c951f2116d41b8,4,e81b68ad24d84d2cbed765374cac16ff,16,s_mutation,absent,f834f6810c7a97bbef5d0d83d8d3bcf7bf588ef3b7af76663e59e08942249b3c,4174,False,sand,sand;bar;berm,False,2525,0.7,False,top100,False,1,125
ea_llm_self_adaptive_api_1319_run1_20260722_201805.json,1319,ced83ea3d838480b97fb9f868d5e08c1,5,e81b68ad24d84d2cbed765374cac16ff,16,s_mutation,genuine,817b2da22e63e3d2ae2591ae0e0ff7f68e354a0442692489aecf12778a45e810,4883,False,sand,sand;surf;tide,False,2525,0.8,False,top500,False,1,159
ea_llm_self_adaptive_api_1319_run1_20260722_201805.json,1319,ced83ea3d838480b97fb9f868d5e08c1,5,e81b68ad24d84d2cbed765374cac16ff,16,s_mutation,wrong,575ecccd2b574fa2ea54671af1a04bd0f9025a756cd2e855b2278513d75f2cf5,4850,False,strand,strand;sandbar;spit,False,475,0.8,False,top100,False,1,112
ea_llm_self_adaptive_api_1319_run1_20260722_201805.json,1319,ced83ea3d838480b97fb9f868d5e08c1,5,e81b68ad24d84d2cbed765374cac16ff,16,s_mutation,filler,512201b5cd16765c7ab281101d3269a84e58e1020e76c2815a2ebd48610f437a,4896,False,sand,sand;shell;strand,False,2525,0.8,False,top100,False,1,105
ea_llm_self_adaptive_api_1319_run1_20260722_201805.json,1319,ced83ea3d838480b97fb9f868d5e08c1,5,e81b68ad24d84d2cbed765374cac16ff,16,s_mutation,absent,1b23a6b3868902e8213f8ba2dba2f25241971b4a73cb187095f3853ff2161811,4631,False,sand,sand;surf;tide,False,2525,0.5,False,top500,False,1,127
ea_llm_self_adaptive_api_1319_run1_20260722_201805.json,1319,bbd92ad250124822aa875b013ecd1554,6,43728886ef1b408989f1e439df510310,51,ml_mutation,genuine,0265e178c98349d1217c083602b945c398582eb5b8bddba15200dddcdb21d898,5508,False,basin,basin;mound;shelf,False,3133,0.5,False,top500,False,1,125
ea_llm_self_adaptive_api_1319_run1_20260722_201805.json,1319,bbd92ad250124822aa875b013ecd1554,6,43728886ef1b408989f1e439df510310,51,ml_mutation,wrong,7765a11f1c0150519012a98411b58d8bf319eb0764be699f7b9c07d06bfbec72,5495,False,valley,valley;plain;ridge,False,12708,0.3,False,top500,False,1,187
ea_llm_self_adaptive_api_1319_run1_20260722_201805.json,1319,bbd92ad250124822aa875b013ecd1554,6,43728886ef1b408989f1e439df510310,51,ml_mutation,filler,ea1fb152481d89f45bcabb53b3fe8793fb24b9af8a7f9f08681082abd8682d3c,5523,False,mound,mound;tableland;crater,False,28722,0.4,False,top500,False,1,130
ea_llm_self_adaptive_api_1319_run1_20260722_201805.json,1319,bbd92ad250124822aa875b013ecd1554,6,43728886ef1b408989f1e439df510310,51,ml_mutation,absent,951fac75ce5d03f29304c9a5e02909df9f698b6ac18ac1b93f7497e76728383a,5258,False,hillock,hillock;knoll;moor,False,19131,0.6,False,top500,False,1,149
ea_llm_self_adaptive_api_1319_run1_20260722_201805.json,1319,a3674ebc84ab48e68d41d9617c7855b8,7,e81b68ad24d84d2cbed765374cac16ff,16,m_mutation,genuine,c22c61d41517cbdbbb01b9dae5699c2f5a9d9a8eb0fc561d08c77dffc4c1ba9a,5790,False,swim,swim;sunbathe;relax,False,374,0.5,False,top100,False,1,101
ea_llm_self_adaptive_api_1319_run1_20260722_201805.json,1319,a3674ebc84ab48e68d41d9617c7855b8,7,e81b68ad24d84d2cbed765374cac16ff,16,m_mutation,wrong,e82fc38e5bc1e9e0aca94cc92364af31b9b34a592581a3fc0d7c70b0725e35a4,5769,False,resort,resort;tour;holiday,False,40498,0.7,False,top100,False,1,138
ea_llm_self_adaptive_api_1319_run1_20260722_201805.json,1319,a3674ebc84ab48e68d41d9617c7855b8,7,e81b68ad24d84d2cbed765374cac16ff,16,m_mutation,filler,e6620e51d518aac06a67775727d737552d38e2b3255f06f284e88496c20db1ba,5803,False,relax,relax;swim;play,False,21222,0.4,False,top500,False,1,125
ea_llm_self_adaptive_api_1319_run1_20260722_201805.json,1319,a3674ebc84ab48e68d41d9617c7855b8,7,e81b68ad24d84d2cbed765374cac16ff,16,m_mutation,absent,faac9ab00d02f2a15f0825d728483a284e9ecccf7e6714fad6bc0ada52675313,5538,False,swim,swim;surf;relax,False,374,0.7,False,top100,False,1,173
ea_llm_self_adaptive_api_1319_run1_20260722_201805.json,1319,797c5148f1054d768f28b911c28f2595,8,4d7c63d7f6f04f8c9459a7db9715ea75,34,m_mutation,genuine,23c1f54e0e5e15986cf062ff89da079cc84fc9fa56c9f64a72f98be901e9eec8,6092,False,research,research;expedition;station,False,27762,0.4,False,top500,False,1,94
ea_llm_self_adaptive_api_1319_run1_20260722_201805.json,1319,797c5148f1054d768f28b911c28f2595,8,4d7c63d7f6f04f8c9459a7db9715ea75,34,m_mutation,wrong,8bbd45ef2785d6caa74b1524c41cded1cde5443e63413af0d4498a047466448e,6065,False,northern,northern;region;zone,False,14826,0.6,False,top100,False,1,180
ea_llm_self_adaptive_api_1319_run1_20260722_201805.json,1319,797c5148f1054d768f28b911c28f2595,8,4d7c63d7f6f04f8c9459a7db9715ea75,34,m_mutation,filler,0147134360e8db0bb37f8b7c959ae35edf9df9d1e72ccf59dfa2ddd39ef8bea0,6105,False,expedition,expedition;research;survey,False,1366,0.6,False,top500,False,1,132
ea_llm_self_adaptive_api_1319_run1_20260722_201805.json,1319,797c5148f1054d768f28b911c28f2595,8,4d7c63d7f6f04f8c9459a7db9715ea75,34,m_mutation,absent,376849d6464a5ba39dde8159285873f464d68d39acb19ac0fd97c113687b79de,5840,False,exploration,exploration;expedition;survey,False,21183,0.6,False,top500,False,1,192
ea_llm_self_adaptive_api_1319_run1_20260722_201805.json,1319,ab49a21936634e87a46d4473878d0505,9,efa023223bde4538a6d2d9f21ae3a53a,8,ml_mutation,genuine,ff6922521b6c75c2dfb43243fe8e47b3892edfb1ca4ef4e91609a11ab774972b,6412,False,frosty,frosty;icy;frigid,False,1897,0.6,False,top100,False,1,146
ea_llm_self_adaptive_api_1319_run1_20260722_201805.json,1319,ab49a21936634e87a46d4473878d0505,9,efa023223bde4538a6d2d9f21ae3a53a,8,ml_mutation,wrong,ec880e5b1bfa9d0b5ee207b6a43467daa44a758f0f141293d47bc72ba52af6a4,6387,False,mountain,mountain;valley;ridge,False,6568,0.5,False,top500,False,1,123
ea_llm_self_adaptive_api_1319_run1_20260722_201805.json,1319,ab49a21936634e87a46d4473878d0505,9,efa023223bde4538a6d2d9f21ae3a53a,8,ml_mutation,filler,bdf291a40b0ede80a787fdc521485519ae329c49cf084e83cab278dfdf55e3c8,6417,False,delta,delta;island;mountain,False,563,0.6,False,top500,False,1,230
ea_llm_self_adaptive_api_1319_run1_20260722_201805.json,1319,ab49a21936634e87a46d4473878d0505,9,efa023223bde4538a6d2d9f21ae3a53a,8,ml_mutation,absent,3ee48dca09e8f9a1f2d3bfae7ccbb8d37db132753380f78cdc4be7d31c360f46,6152,False,temperate,temperate;chilly;mountainous,False,647,0.6,False,top100,False,1,149
ea_llm_self_adaptive_api_1319_run1_20260722_201805.json,1319,89d3942789594049a1e2759d547350da,10,ce63492b5ec645aca7a8a78d44fe5684,23,ml_mutation,genuine,112085112b9384cd0e32b6cfb78ccf07f18ac914dc6284a98af22439a52e2936,6554,False,tide,tide;swell;wave,False,2060,0.6,False,top100,False,1,121
ea_llm_self_adaptive_api_1319_run1_20260722_201805.json,1319,89d3942789594049a1e2759d547350da,10,ce63492b5ec645aca7a8a78d44fe5684,23,ml_mutation,wrong,ca94017eb3784967c68beaafa5d61e8b1859f1bee67fe5b072db9b13b30d558c,6542,False,floe,floe;berm;sill,False,120,0.4,False,beyond,False,1,137
ea_llm_self_adaptive_api_1319_run1_20260722_201805.json,1319,89d3942789594049a1e2759d547350da,10,ce63492b5ec645aca7a8a78d44fe5684,23,ml_mutation,filler,d4542250bb2f552be6aef8b46a566f7dd3a6863748723ff693c4e6fe88070ef2,6565,False,hail,hail;sleet;frost,False,31708,0.7,False,top100,False,1,118
ea_llm_self_adaptive_api_1319_run1_20260722_201805.json,1319,89d3942789594049a1e2759d547350da,10,ce63492b5ec645aca7a8a78d44fe5684,23,ml_mutation,absent,4c1a05753a43fe2d7dee74073f508eeca92207a1a0605b4a528ea8ff6921f9de,6300,False,floe,floe;shelf;drift,False,120,0.6,False,top500,False,1,160
ea_llm_self_adaptive_api_1319_run1_20260722_201805.json,1319,b0f40d96a9d34042b7471c7d6e8793cc,11,43728886ef1b408989f1e439df510310,51,m_mutation,genuine,0a3a7677bc46612b9b2c0c3053d318c0342fc7a23d270098e40999d04d326ee5,6966,False,drift,drift;erosion;shear,False,1935,0.3,False,beyond,False,1,147
ea_llm_self_adaptive_api_1319_run1_20260722_201805.json,1319,b0f40d96a9d34042b7471c7d6e8793cc,11,43728886ef1b408989f1e439df510310,51,m_mutation,wrong,241f0cf02a639ec59afd6da6b33b307fb9d19a478216e36753abda20cb44971a,6949,False,drift,drift;creep;erosion,False,1935,0.3,False,top500,False,1,111
ea_llm_self_adaptive_api_1319_run1_20260722_201805.json,1319,b0f40d96a9d34042b7471c7d6e8793cc,11,43728886ef1b408989f1e439df510310,51,m_mutation,filler,59770a06e19adb09f3c521acd5e0063905c899244e349e62e5a22485ab5384a6,6981,False,ice,ice;flake;crystal,False,305,0.2,False,beyond,False,1,109
ea_llm_self_adaptive_api_1319_run1_20260722_201805.json,1319,b0f40d96a9d34042b7471c7d6e8793cc,11,43728886ef1b408989f1e439df510310,51,m_mutation,absent,2ffa4e94d3de28033dcf363ca254b1050ceab3117def454fedabe2a5c0ad40ff,6716,False,endure,endure;perseverance;tenacity,False,36372,0.1,False,beyond,False,1,133
ea_llm_self_adaptive_api_1319_run1_20260722_201805.json,1319,abd61e2c32a74c30b3a66cba1915bee2,12,efa023223bde4538a6d2d9f21ae3a53a,8,s_mutation,genuine,04b16b650240dff53ec0f125818027b2f5a38c3ec338fc5c008201c431c19610,7125,False,tundra,tundra;glacier;cold,False,344,0.8,False,top100,False,1,158
ea_llm_self_adaptive_api_1319_run1_20260722_201805.json,1319,abd61e2c32a74c30b3a66cba1915bee2,12,efa023223bde4538a6d2d9f21ae3a53a,8,s_mutation,wrong,6ec7a113aa27d24d064be81e31071daf967caec9e913410c70f868c0f03840fb,7091,False,northern,northern;wintry;ice,False,14826,0.7,False,top100,False,1,119
ea_llm_self_adaptive_api_1319_run1_20260722_201805.json,1319,abd61e2c32a74c30b3a66cba1915bee2,12,efa023223bde4538a6d2d9f21ae3a53a,8,s_mutation,filler,5fb5f367466da26c23364cb70d9c415dd6fee7a5a25d8993fa1df8ec8f5e8ee5,7130,False,glacier,glacier;ice;snowfield,False,51,0.6,False,top500,False,1,124
ea_llm_self_adaptive_api_1319_run1_20260722_201805.json,1319,abd61e2c32a74c30b3a66cba1915bee2,12,efa023223bde4538a6d2d9f21ae3a53a,8,s_mutation,absent,17b3f1ccc3467e8ec5543c793a294b0b2b796d5414e3a41c3a3721c0ad128e33,6865,False,glacier,glacier;icecap;permafrost,False,51,0.6,False,top500,False,1,184
ea_llm_self_adaptive_api_1319_run1_20260722_201805.json,1319,6f242b8dfb7549899a35459b6af42632,13,efa023223bde4538a6d2d9f21ae3a53a,8,m_mutation,genuine,03befecce7278f9508036aad3dc8b1e20f461ed98280f10a9e4d60264ca2de3f,7387,False,magnet,magnet;field;compass,False,4512,0.7,False,top100,False,1,185
ea_llm_self_adaptive_api_1319_run1_20260722_201805.json,1319,6f242b8dfb7549899a35459b6af42632,13,efa023223bde4538a6d2d9f21ae3a53a,8,m_mutation,wrong,60b77e506188a9f876f9d0a3ec9ec63fe2c23a431974b4ceaf5d29cbd8e403d6,7346,False,direction,direction;compass;opposite,False,46883,0.7,False,top100,False,1,133
ea_llm_self_adaptive_api_1319_run1_20260722_201805.json,1319,6f242b8dfb7549899a35459b6af42632,13,efa023223bde4538a6d2d9f21ae3a53a,8,m_mutation,filler,8f25739acab87fd7078a15288572d884ae9e998bf95166844a2177281b103a94,7392,False,direction,direction;orientation;align,False,46883,0.3,False,beyond,False,1,126
ea_llm_self_adaptive_api_1319_run1_20260722_201805.json,1319,6f242b8dfb7549899a35459b6af42632,13,efa023223bde4538a6d2d9f21ae3a53a,8,m_mutation,absent,b1bd50c6684b2e6341c9302941e3583922fb323273d5152f52bec5e0a1634f60,7127,False,magnet,magnet;field;pole,False,4512,0.6,False,top500,False,1,92
ea_llm_self_adaptive_api_1319_run1_20260722_201805.json,1319,2007030d35304594910b3a763d6db8f8,14,efa023223bde4538a6d2d9f21ae3a53a,8,ml_mutation,genuine,d37318d045df641da7491472e032c75fb970026cb50d732fe222259d28a570f0,7554,False,valley,valley;ridge;spur,False,12708,0.3,False,top500,False,1,163
ea_llm_self_adaptive_api_1319_run1_20260722_201805.json,1319,2007030d35304594910b3a763d6db8f8,14,efa023223bde4538a6d2d9f21ae3a53a,8,ml_mutation,wrong,b2b36d2e93b2f135f127a78b2a17ca695f28fa507ab22ac1a331f5550eaeeb16,7531,False,humid,humid;temperate;mountainous,False,38354,0.6,False,top500,False,1,204
ea_llm_self_adaptive_api_1319_run1_20260722_201805.json,1319,2007030d35304594910b3a763d6db8f8,14,efa023223bde4538a6d2d9f21ae3a53a,8,ml_mutation,filler,6e2f80fbd79d3545369448c6e4f566fd7816bd2e6038a8aa1d818fd4de1ca1b6,7559,False,tropical,tropical;temperate;equatorial,False,4879,0.7,False,top100,False,1,172
ea_llm_self_adaptive_api_1319_run1_20260722_201805.json,1319,2007030d35304594910b3a763d6db8f8,14,efa023223bde4538a6d2d9f21ae3a53a,8,ml_mutation,absent,386294af989220f27d9910339a465b88c685127b6fa2560852361f36b2b37710,7294,False,mountain,mountain;plateau;valley,False,6568,0.4,False,top500,False,1,137
ea_llm_self_adaptive_api_1319_run1_20260722_201805.json,1319,01fe7cc9a0b0442690ff035c59d5f44e,15,e81b68ad24d84d2cbed765374cac16ff,16,l_mutation,genuine,428d58e0b6f2748997db3f6c451396ac1901070b9b8af969f50af96ffe487eb3,7564,False,village,village;settlement;habitat,False,51957,0.3,False,top500,False,1,180
ea_llm_self_adaptive_api_1319_run1_20260722_201805.json,1319,01fe7cc9a0b0442690ff035c59d5f44e,15,e81b68ad24d84d2cbed765374cac16ff,16,l_mutation,wrong,7725891f3577034df7c28114a6b41bc10355c4e4ee8137707bd28ace8691e19a,7531,False,artifact,artifact;ruin;monument,False,4063,0.4,False,top500,False,1,171
ea_llm_self_adaptive_api_1319_run1_20260722_201805.json,1319,01fe7cc9a0b0442690ff035c59d5f44e,15,e81b68ad24d84d2cbed765374cac16ff,16,l_mutation,filler,9680af31a5f04a386b710f07c9178e3f53da124fbd8c8782bbe5e208afa7379c,7577,False,swim,swim;leisure;play,False,374,0.4,False,top500,False,1,178
ea_llm_self_adaptive_api_1319_run1_20260722_201805.json,1319,01fe7cc9a0b0442690ff035c59d5f44e,15,e81b68ad24d84d2cbed765374cac16ff,16,l_mutation,absent,f45cba07f21b3ba5ed4834be844eeec59d7e157a08957997a5f4c6a7011ad5f3,7312,False,tourist,tourist;attraction;sightseeing,False,19833,0.3,False,top500,False,1,145
ea_llm_self_adaptive_api_1319_run1_20260722_201805.json,1319,7f596f0c43e843e69be9d0e900913320,16,43728886ef1b408989f1e439df510310,51,m_mutation,genuine,d6d511a5607405d574b3b51e22d409f8c94d110381221f2faeaceda3ff0689b7,8092,False,creep,creep;glide;crevasse,False,5314,0.4,False,top500,False,1,160
ea_llm_self_adaptive_api_1319_run1_20260722_201805.json,1319,7f596f0c43e843e69be9d0e900913320,16,43728886ef1b408989f1e439df510310,51,m_mutation,wrong,7589982550cc56b75ee888baa856848c8aa18828e2ce6744a11f06d72a0e9460,8080,False,flow,flow;drift;slide,False,22149,0.5,False,top500,False,1,147
ea_llm_self_adaptive_api_1319_run1_20260722_201805.json,1319,7f596f0c43e843e69be9d0e900913320,16,43728886ef1b408989f1e439df510310,51,m_mutation,filler,66a24fd22543a80f1c719f5b0f91ed24eda9159a120d53c35b159bc748b82c65,8107,False,flow,flow;drift;movement,False,22149,0.4,False,top500,False,1,139
ea_llm_self_adaptive_api_1319_run1_20260722_201805.json,1319,7f596f0c43e843e69be9d0e900913320,16,43728886ef1b408989f1e439df510310,51,m_mutation,absent,db8f399cd36edfb576e8f1730274a54c342f5e0732e2271498d711e1454e78b8,7842,False,ridge,ridge;valley;drift,False,1169,0.3,False,top500,False,1,144
ea_llm_self_adaptive_api_1319_run1_20260722_201805.json,1319,fbc90735286e411598f0b549b11e7cef,17,efa023223bde4538a6d2d9f21ae3a53a,8,m_mutation,genuine,d789aa8ca39ccaf89cbf03fac696fbbe307c410522ea653d8f320a8eb498d3bf,8994,False,magnetic,magnetic;orient;magnet,False,22739,0.2,False,beyond,False,1,170
ea_llm_self_adaptive_api_1319_run1_20260722_201805.json,1319,fbc90735286e411598f0b549b11e7cef,17,efa023223bde4538a6d2d9f21ae3a53a,8,m_mutation,wrong,f7e37c389a7d450ffd9d38557f5c7dc3a26463507883be6a8d3871b41f74b376,8953,False,magnetic,magnetic;dual;binary,False,22739,0.6,False,top100,False,1,136
ea_llm_self_adaptive_api_1319_run1_20260722_201805.json,1319,fbc90735286e411598f0b549b11e7cef,17,efa023223bde4538a6d2d9f21ae3a53a,8,m_mutation,filler,46dbf3ea3714621e37fecbd21a744d44b4fe3fad4aa7584212ee060d5afb588f,8999,False,magnet,magnet;pole;field,False,4512,0.6,False,top500,False,1,129
ea_llm_self_adaptive_api_1319_run1_20260722_201805.json,1319,fbc90735286e411598f0b549b11e7cef,17,efa023223bde4538a6d2d9f21ae3a53a,8,m_mutation,absent,d187c674841e15f0d9c7c35767c87731c27f598a6c289ab73779cd47d17899b2,8734,False,magnet,magnet;probe;mission,False,4512,0.4,False,top500,False,1,172
ea_llm_self_adaptive_api_1319_run1_20260722_201805.json,1319,5adc701d99e5496a89cdbf49c1bce337,18,bb8034b30df5487c973182f93f587ada,2,ml_mutation,genuine,a4bc4a8e9c3142bacf01668370329f39104c6d840709467c759f9fdb86060974,8123,False,sperm,sperm;fin;tail,True,,0.6,False,top100,False,1,157
ea_llm_self_adaptive_api_1319_run1_20260722_201805.json,1319,5adc701d99e5496a89cdbf49c1bce337,18,bb8034b30df5487c973182f93f587ada,2,ml_mutation,wrong,05bc5db6f50419c6868411ea016bed4d2b562049023f9720b4481e0113140e7b,8094,False,dolphin,dolphin;fish;octopus,False,27,0.7,False,top100,False,1,100
ea_llm_self_adaptive_api_1319_run1_20260722_201805.json,1319,5adc701d99e5496a89cdbf49c1bce337,18,bb8034b30df5487c973182f93f587ada,2,ml_mutation,filler,02b35084a98f1c2b48a7d8379c3b2176cf3c603fb654bc4750412d5d705cdcef,8117,False,dolphin,dolphin;orca;manatee,False,27,0.5,False,top500,False,1,177
ea_llm_self_adaptive_api_1319_run1_20260722_201805.json,1319,5adc701d99e5496a89cdbf49c1bce337,18,bb8034b30df5487c973182f93f587ada,2,ml_mutation,absent,5e12a917474ee4a9ac404a2ecdecec0e1298bd86a74d230063283493a456dff4,7852,False,fish,fish;turtle;dolphin,False,138,0.7,False,top500,False,1,141
ea_llm_self_adaptive_api_1319_run1_20260722_201805.json,1319,4d7c63d7f6f04f8c9459a7db9715ea75,2,43728886ef1b408989f1e439df510310,51,l_mutation,genuine,40862d994c7ccbb81bb3d9d5886732f266b43d361ddbe77a949bb3b000983665,3814,False,tundra,tundra;permafrost;icecore,False,344,0.25,False,top500,False,1,176
ea_llm_self_adaptive_api_1319_run1_20260722_201805.json,1319,4d7c63d7f6f04f8c9459a7db9715ea75,2,43728886ef1b408989f1e439df510310,51,l_mutation,wrong,7ab0476bd39507895d2d85d9fe4ebc14504c50c5a02dc34d2f67270e5a6afa28,3802,False,valley,valley;plateau;island,False,12708,0.3,False,top500,False,1,157
ea_llm_self_adaptive_api_1319_run1_20260722_201805.json,1319,4d7c63d7f6f04f8c9459a7db9715ea75,2,43728886ef1b408989f1e439df510310,51,l_mutation,filler,50b6c90010d434b3e591c8388679da4326c6ce178d17165c21c346e70e981c0c,3829,False,road,road;bridge;tunnel,False,67637,0.3,False,top500,False,1,154
ea_llm_self_adaptive_api_1319_run1_20260722_201805.json,1319,4d7c63d7f6f04f8c9459a7db9715ea75,2,43728886ef1b408989f1e439df510310,51,l_mutation,absent,3374a4736fcbcf6f678a6ce48cb9c1a030800f8d7a8e48d9dc47c426d25da338,3564,False,valley,valley;plateau;plain,False,12708,0.6,False,top500,False,1,133
ea_llm_self_adaptive_api_1319_run1_20260722_201805.json,1319,2510cb1b38f1448e81cf7a04d2613e24,3,e81b68ad24d84d2cbed765374cac16ff,16,l_mutation,genuine,22fcc6dd7d437036396e9492baa72089c7d571568a931ad5b8de20dc2641847b,4228,False,trail,trail;meadow;field,False,37939,0.6,False,top100,False,1,148
ea_llm_self_adaptive_api_1319_run1_20260722_201805.json,1319,2510cb1b38f1448e81cf7a04d2613e24,3,e81b68ad24d84d2cbed765374cac16ff,16,l_mutation,wrong,3a07cb80096430ad6ea4ece3a622077466cbefdf426f5c3e48d9dc604271191e,4211,False,desert,desert;arid;sand,False,10677,0.1,False,beyond,False,1,131
ea_llm_self_adaptive_api_1319_run1_20260722_201805.json,1319,2510cb1b38f1448e81cf7a04d2613e24,3,e81b68ad24d84d2cbed765374cac16ff,16,l_mutation,filler,aed576c7c3c9d465895f2ac9aec00d0c7bbd35416778e7d0998b89f829113abf,4241,False,fishery,fishery;harbor;navigation,False,386,0.3,False,top500,False,1,171
ea_llm_self_adaptive_api_1319_run1_20260722_201805.json,1319,2510cb1b38f1448e81cf7a04d2613e24,3,e81b68ad24d84d2cbed765374cac16ff,16,l_mutation,absent,6aa62d86d95bccc01a5337fc78720475c301165be460dc0085924428dc964dec,3976,False,recreation,recreation;leisure;activities,False,12300,0.3,False,top500,False,1,167
ea_llm_self_adaptive_api_1319_run1_20260722_201805.json,1319,f3e2497b65824b64a042a9ecad1863ba,4,43728886ef1b408989f1e439df510310,51,ml_mutation,genuine,b6eb0cf1972fd4c3b1dbc9ac39ff5bf409221be0021b9fc980c9ae1c51e3a30e,4593,False,canyon,canyon;mountain;ridge,False,22264,0.7,False,top500,False,1,124
ea_llm_self_adaptive_api_1319_run1_20260722_201805.json,1319,f3e2497b65824b64a042a9ecad1863ba,4,43728886ef1b408989f1e439df510310,51,ml_mutation,wrong,4d1a80a715ad2fcad4e2f8ef117840ae85fb892b02c289e026b2436c3c99133d,4576,False,mountain,mountain;valley;plateau,False,6568,0.4,False,top500,False,1,132
ea_llm_self_adaptive_api_1319_run1_20260722_201805.json,1319,f3e2497b65824b64a042a9ecad1863ba,4,43728886ef1b408989f1e439df510310,51,ml_mutation,filler,29bb1be02d11282593bdbf762875e4a887ac314d4f7f02034ebb05e65abaac16,4608,False,isthmus,isthmus;bight;butte,False,23387,0.4,False,top500,False,1,156
ea_llm_self_adaptive_api_1319_run1_20260722_201805.json,1319,f3e2497b65824b64a042a9ecad1863ba,4,43728886ef1b408989f1e439df510310,51,ml_mutation,absent,d1100d2820cafa1b4f756e06ed28849773cdbedc444ea1857c647eeaa898d370,4343,False,canyon,canyon;basin;ridge,False,22264,0.2,False,top500,False,1,180
ea_llm_self_adaptive_api_1319_run1_20260722_201805.json,1319,2f33eaf9453a4fad9e237ca9229a5305,5,efa023223bde4538a6d2d9f21ae3a53a,8,s_mutation,genuine,40208966a37b577e134f094c002eac634d9dd9090cba08bb93cb25ca36970206,4828,False,frigid,frigid;icy;glacial,False,438,0.8,False,top100,False,1,164
ea_llm_self_adaptive_api_1319_run1_20260722_201805.json,1319,2f33eaf9453a4fad9e237ca9229a5305,5,efa023223bde4538a6d2d9f21ae3a53a,8,s_mutation,wrong,f20e9c15cd91e27f10cc182c8d68dcb988c9bdae8bb9ba5bd58c2a94e0c0f6e4,4809,False,frigid,frigid;glacial;icy,False,438,0.7,False,top100,False,1,111
ea_llm_self_adaptive_api_1319_run1_20260722_201805.json,1319,2f33eaf9453a4fad9e237ca9229a5305,5,efa023223bde4538a6d2d9f21ae3a53a,8,s_mutation,filler,2ce0a86dd6267ea2c950f6b4aca79b2c9d8677b3ea2844c6e5ae9ccc656dfb7d,4833,False,frigid,frigid;icy;glacial,False,438,0.7,False,top100,False,1,134
ea_llm_self_adaptive_api_1319_run1_20260722_201805.json,1319,2f33eaf9453a4fad9e237ca9229a5305,5,efa023223bde4538a6d2d9f21ae3a53a,8,s_mutation,absent,49ee8c0885428ef189532e4663584dfd499af2edb5515d60306129f5ad3fcb3a,4568,False,frigid,frigid;glacial;ice,False,438,0.8,False,top100,False,1,124
ea_llm_self_adaptive_api_1319_run1_20260722_201805.json,1319,9739263f996e491dbb4ce530ac83ccc8,6,efa023223bde4538a6d2d9f21ae3a53a,8,m_mutation,genuine,f83184488f86acf325608c52d0e0778904b0c852913e92f9452969dff03b7b84,5359,False,magnet,magnet;pole;field,False,4512,0.6,False,top100,False,1,172
ea_llm_self_adaptive_api_1319_run1_20260722_201805.json,1319,9739263f996e491dbb4ce530ac83ccc8,6,efa023223bde4538a6d2d9f21ae3a53a,8,m_mutation,wrong,7ac26a49235a5626411a53b7613b7ea8cee43f3dc7e9e07e6ccfacf6724d3695,5340,False,axis,axis;equator;meridian,False,63337,0.4,False,top500,False,1,165
ea_llm_self_adaptive_api_1319_run1_20260722_201805.json,1319,9739263f996e491dbb4ce530ac83ccc8,6,efa023223bde4538a6d2d9f21ae3a53a,8,m_mutation,filler,8ee68ac65db688a715e31273704a6d97d04a2db0f2f994a127c5816934208182,5364,False,opposite,opposite;contrast;difference,False,2290,0.4,False,top500,False,1,138
ea_llm_self_adaptive_api_1319_run1_20260722_201805.json,1319,9739263f996e491dbb4ce530ac83ccc8,6,efa023223bde4538a6d2d9f21ae3a53a,8,m_mutation,absent,3e96c25e745f838840f0c7837d3fda1e7447a7c5a31a62c7b0138eb607676e3a,5099,False,opposite,opposite;contrast;dichotomy,False,2290,0.4,False,top500,False,1,131
ea_llm_self_adaptive_api_1319_run1_20260722_201805.json,1319,7c63da93b9344d0a97e9263378687fbd,7,efa023223bde4538a6d2d9f21ae3a53a,8,ml_mutation,genuine,79a512ba6565efa5433e0086bd8af1f386977788629d6045fb3d8033c82d79bc,5731,False,seismic,seismic;tectonic;eruptive,False,9624,0.5,False,top500,False,1,163
ea_llm_self_adaptive_api_1319_run1_20260722_201805.json,1319,7c63da93b9344d0a97e9263378687fbd,7,efa023223bde4538a6d2d9f21ae3a53a,8,ml_mutation,wrong,0e979d3d19c801fd086ce76821b54cd3d71d5a39793990a348ea99578e160d77,5713,False,ridge,ridge;spur;mound,False,1169,0.5,False,top500,False,1,142
ea_llm_self_adaptive_api_1319_run1_20260722_201805.json,1319,7c63da93b9344d0a97e9263378687fbd,7,efa023223bde4538a6d2d9f21ae3a53a,8,ml_mutation,filler,0340e836f802f29424c7cc73a5b9c9dba190c0d89317a69ef3133fc3f697daba,5736,False,tropic,tropic;equatorial;temperate,False,2220,0.7,False,top100,False,1,347
ea_llm_self_adaptive_api_1319_run1_20260722_201805.json,1319,7c63da93b9344d0a97e9263378687fbd,7,efa023223bde4538a6d2d9f21ae3a53a,8,ml_mutation,absent,0c27b33ec101a9f06df38370445a71d9966347ae7a6dfb0bcb583093e013e922,5471,False,rough,rough;wild;tough,False,10731,0.4,False,top100,False,1,142
ea_llm_self_adaptive_api_1319_run2_20260722_211439.json,1319,f8a0011874de4373b01e81105046050c,2,439fc68f74a049ed81d40289499172c0,75,l_mutation,genuine,2d27725391b9917e0dfca12a5ae42f50b966bcb243dc2ef8357341c4070c6cf9,3792,False,nutrient,nutrient;cycle;decomposition,False,34896,0.3,False,top500,False,2,205
ea_llm_self_adaptive_api_1319_run2_20260722_211439.json,1319,f8a0011874de4373b01e81105046050c,2,439fc68f74a049ed81d40289499172c0,75,l_mutation,wrong,5ced0cd778f4ab205cf19f3293fd0624e337d825155e386490ff4cb55aec77a8,3780,False,interaction,interaction;system;process,False,15861,0.3,False,top500,False,1,154
ea_llm_self_adaptive_api_1319_run2_20260722_211439.json,1319,f8a0011874de4373b01e81105046050c,2,439fc68f74a049ed81d40289499172c0,75,l_mutation,filler,b6aa618957639bc50d1683c3d9207cf612f7b00c49c67b717fe8f214319c06d2,3777,False,cell,cell;metabolism;growth,False,70083,0.3,False,top500,False,1,173
ea_llm_self_adaptive_api_1319_run2_20260722_211439.json,1319,f8a0011874de4373b01e81105046050c,2,439fc68f74a049ed81d40289499172c0,75,l_mutation,absent,ccc616c44f1f31a52993760103af6600f2ccce04ba15f7d080af85b833b4d001,3549,False,filter,filter;feed;cycle,False,59634,0.3,False,top500,False,1,189
ea_llm_self_adaptive_api_1319_run2_20260722_211439.json,1319,0ef0a9581b4e462a8706881ddf010061,3,439fc68f74a049ed81d40289499172c0,2,l_mutation,genuine,facf31a682057669429893fefa12a65cdc216d3efbb764a9f46e4e54b3e8e29b,4180,False,migration,migration;travel;journey,False,1826,0.3,False,top500,False,1,158
ea_llm_self_adaptive_api_1319_run2_20260722_211439.json,1319,0ef0a9581b4e462a8706881ddf010061,3,439fc68f74a049ed81d40289499172c0,2,l_mutation,wrong,c2aa00dc4f5221022a73270140cfa2a01c6fdfe9e42dbe5ea872fb39cb9000f2,4173,False,mammal,mammal;migration;behavior,False,17,0.3,False,top500,False,1,153
ea_llm_self_adaptive_api_1319_run2_20260722_211439.json,1319,0ef0a9581b4e462a8706881ddf010061,3,439fc68f74a049ed81d40289499172c0,2,l_mutation,filler,ba55f54ecfdb153eef024071a74c9934368929ca43eb065aebf1a910d2dad82d,4165,False,travel,travel;movement;path,False,8964,0.4,False,top500,False,1,220
ea_llm_self_adaptive_api_1319_run2_20260722_211439.json,1319,0ef0a9581b4e462a8706881ddf010061,3,439fc68f74a049ed81d40289499172c0,2,l_mutation,absent,cadcf3f6dfc72f7b62c9142bbc31bfa69aab586b7d498545a9c8351d1a95d113,3937,False,expedition,expedition;traverse;journey,False,1366,0.3,False,beyond,False,1,150
ea_llm_self_adaptive_api_1319_run2_20260722_211439.json,1319,1a71a612d38945d68a80889fb7951e3c,3,f8a0011874de4373b01e81105046050c,238,l_mutation,genuine,6a7ff20c333d3b243f46554aa5e6cc5e20ef85a014b5541c190526333055ab54,4441,False,soil,soil;structure;rock,False,35015,0.4,False,top500,False,1,202
ea_llm_self_adaptive_api_1319_run2_20260722_211439.json,1319,1a71a612d38945d68a80889fb7951e3c,3,f8a0011874de4373b01e81105046050c,238,l_mutation,wrong,4baca536d9376c1da555d1cf208976daacae0b52383e7b4407f33491bdc7fc2c,4375,False,landform,landform;terrain;topography,False,1179,0.3,False,top500,False,1,139
ea_llm_self_adaptive_api_1319_run2_20260722_211439.json,1319,1a71a612d38945d68a80889fb7951e3c,3,f8a0011874de4373b01e81105046050c,238,l_mutation,filler,d0ae56ddb4a6768483125bdd36dc30adc5187286cf895f47532e623c8f61df9f,4478,False,atmosphere,atmosphere;weather;sky,False,50004,0.3,False,top500,False,1,148
ea_llm_self_adaptive_api_1319_run2_20260722_211439.json,1319,1a71a612d38945d68a80889fb7951e3c,3,f8a0011874de4373b01e81105046050c,238,l_mutation,absent,83ce6e9d8b17b0370d8f096cd8fa5d13411ccea33afcb8749bbebea1417e5d9b,4137,False,terrain,terrain;landform;topography,False,41014,0.3,False,top500,False,1,144
ea_llm_self_adaptive_api_1319_run2_20260722_211439.json,1319,88ca211ab46d4037b7c02cd0b7ad605a,3,10ecb53d171e40a1b663cac13c1e081d,374,m_mutation,genuine,7677d3c5a5b9d021a9bbdac8699b9491df8cdf8269aaf3546f7a8802b89fa4e3,4147,False,muscle,muscle;oxygen;respiration,False,3067,0.6,False,top500,False,1,155
ea_llm_self_adaptive_api_1319_run2_20260722_211439.json,1319,88ca211ab46d4037b7c02cd0b7ad605a,3,10ecb53d171e40a1b663cac13c1e081d,374,m_mutation,wrong,d0756902af7621c892f223211231eb8f515fb52a0efe02769ba35945782748fe,4150,False,stroke,stroke;undulate;dive,True,,0.6,False,top500,False,1,142
ea_llm_self_adaptive_api_1319_run2_20260722_211439.json,1319,88ca211ab46d4037b7c02cd0b7ad605a,3,10ecb53d171e40a1b663cac13c1e081d,374,m_mutation,filler,92b94c36927ffbf20d5d858b51d4165aede82fa211d780999dd3e97f273a56ba,4140,False,float,float;dive;stroke,False,4178,0.6,False,top500,False,1,165
ea_llm_self_adaptive_api_1319_run2_20260722_211439.json,1319,88ca211ab46d4037b7c02cd0b7ad605a,3,10ecb53d171e40a1b663cac13c1e081d,374,m_mutation,absent,30709b681a9941e31f031beb9321b40640898bfbf9794aeebd4755d8f740b1ed,3912,False,stroke,stroke;lap;kick,True,,0.6,False,top500,False,1,125
ea_llm_self_adaptive_api_1319_run2_20260722_211439.json,1319,f076569914714802b6f992a5a9f6e546,4,439fc68f74a049ed81d40289499172c0,2,m_mutation,genuine,016ea8d3b762de8898aefab9e5646cc5d8fc53036e0378f542a2d33f17d6e703,4542,False,mammal,mammal;song;migration,False,17,0.4,False,top500,False,2,168
ea_llm_self_adaptive_api_1319_run2_20260722_211439.json,1319,f076569914714802b6f992a5a9f6e546,4,439fc68f74a049ed81d40289499172c0,2,m_mutation,wrong,6365b9f7e95b29c89bd7bec5f7b4155654d71c74be941a264b3e8267da0cf12d,4528,False,migration,migration;song;population,False,1826,0.6,False,top500,False,1,290
ea_llm_self_adaptive_api_1319_run2_20260722_211439.json,1319,f076569914714802b6f992a5a9f6e546,4,439fc68f74a049ed81d40289499172c0,2,m_mutation,filler,b320723c2c9cbfcd2b931966a108e84695a09c2b4968c8a3ad28a438d45b8073,4527,False,song,song;mammal;migration,False,2304,0.7,False,top100,False,1,147
ea_llm_self_adaptive_api_1319_run2_20260722_211439.json,1319,f076569914714802b6f992a5a9f6e546,4,439fc68f74a049ed81d40289499172c0,2,m_mutation,absent,28a616434d191c00f2e1a967cccac436bc6ab97c95e57c2addad00255d652e79,4299,False,migratory,migratory;migration;movement,False,328,0.6,False,top100,False,1,151
ea_llm_self_adaptive_api_1319_run2_20260722_211439.json,1319,c98687ee3bb94a8685760f413a9a0acb,4,f8a0011874de4373b01e81105046050c,238,s_mutation,genuine,5d44ee4b41a10edf63b15792951a3ad9ad28f784630b1ca1647245115885e831,4615,False,environment,environment;niche;range,False,25161,0.7,False,top500,False,1,189
ea_llm_self_adaptive_api_1319_run2_20260722_211439.json,1319,c98687ee3bb94a8685760f413a9a0acb,4,f8a0011874de4373b01e81105046050c,238,s_mutation,wrong,7ec49789ba25c83f29d15dd8a8ee83825388600971ce2521742ee27f4426bbde,4549,False,environment,environment;niche;range,False,25161,0.6,False,top500,False,1,137
ea_llm_self_adaptive_api_1319_run2_20260722_211439.json,1319,c98687ee3bb94a8685760f413a9a0acb,4,f8a0011874de4373b01e81105046050c,238,s_mutation,filler,4f1fa1627b49dcbf0c77d3cce7688aa909a9eb1fcb5076317ddb3b0e319364df,4652,False,environment,environment;niche;domain,False,25161,0.4,False,top500,False,1,161
ea_llm_self_adaptive_api_1319_run2_20260722_211439.json,1319,c98687ee3bb94a8685760f413a9a0acb,4,f8a0011874de4373b01e81105046050c,238,s_mutation,absent,0accb97c4e416a799ed7157789aba58f7bc3ffd2037b3b541c741fbd51560741,4311,False,environment,environment;niche;range,False,25161,0.7,False,top100,False,1,170
ea_llm_self_adaptive_api_1319_run2_20260722_211439.json,1319,54cabc2dcf774b8cba31bb762b80e517,4,10ecb53d171e40a1b663cac13c1e081d,374,m_mutation,genuine,438b58676d017767af0181d5121cee726cc981f83eaee4f4747fbd0bff035dac,4595,False,move,move;motion;paddle,False,25968,0.6,False,top500,False,1,151
ea_llm_self_adaptive_api_1319_run2_20260722_211439.json,1319,54cabc2dcf774b8cba31bb762b80e517,4,10ecb53d171e40a1b663cac13c1e081d,374,m_mutation,wrong,68121fd32aa98a401a4d24f0b730b45778969728dce5a8911456d32173ab61b7,4575,False,drift,drift;glide;paddle,False,1935,0.4,False,top500,False,1,138
ea_llm_self_adaptive_api_1319_run2_20260722_211439.json,1319,54cabc2dcf774b8cba31bb762b80e517,4,10ecb53d171e40a1b663cac13c1e081d,374,m_mutation,filler,fd8fd96dcc077ca44baebf6649fed2e2eee1f0ecbee52b69c66462d0059f8f5f,4588,False,exercise,exercise;resistance;strain,False,27448,0.4,False,top500,False,1,190
ea_llm_self_adaptive_api_1319_run2_20260722_211439.json,1319,54cabc2dcf774b8cba31bb762b80e517,4,10ecb53d171e40a1b663cac13c1e081d,374,m_mutation,absent,5de816770872a77bc3222c73f413d509f6c31bf658168b3ee0d47851856240d5,4360,False,undulate,undulate;flutter;propel,False,25560,0.5,False,top500,False,1,98
ea_llm_self_adaptive_api_1319_run2_20260722_211439.json,1319,8e2d6aff06044c1582af5b59737b3c37,5,439fc68f74a049ed81d40289499172c0,2,l_mutation,genuine,4ddcc9b875d7e9c6ead842d4f15a1b35f79fe8dad1f90f92f446b745fe437515,4991,False,volcano,volcano;cave;delta,False,637,0.3,False,top500,False,1,203
ea_llm_self_adaptive_api_1319_run2_20260722_211439.json,1319,8e2d6aff06044c1582af5b59737b3c37,5,439fc68f74a049ed81d40289499172c0,2,l_mutation,wrong,002af2b22d76d01dd6205b9003e89f7346280610ea3912303a74c299cd34ff8a,4984,False,song,song;call;hum,False,2304,0.3,False,top500,False,1,132
ea_llm_self_adaptive_api_1319_run2_20260722_211439.json,1319,8e2d6aff06044c1582af5b59737b3c37,5,439fc68f74a049ed81d40289499172c0,2,l_mutation,filler,58a7dc570f072ea18db79520ceb3b53c2dc5692f60d34a338cb7521db0c7e8c2,4976,False,migration,migration;current;route,False,1826,0.3,False,top500,False,1,165
ea_llm_self_adaptive_api_1319_run2_20260722_211439.json,1319,8e2d6aff06044c1582af5b59737b3c37,5,439fc68f74a049ed81d40289499172c0,2,l_mutation,absent,c81e4c73b1b76121ffe8a0fec53404520c678212c2737978b8d0ef425500356d,4748,False,voyage,voyage;route;trail,False,2818,0.4,False,top100,False,1,164
ea_llm_self_adaptive_api_1319_run2_20260722_211439.json,1319,b6cd8dd655b542f18908b52892eb19ae,5,27b0c6815ac24c39aed3ca9201c8e369,37,m_mutation,genuine,846d4ad2f98457df48d99f95338e07ae6ed30b814909f5323954e4cae0583ba6,4908,False,reserve,reserve;fat;store,False,10390,0.4,False,top500,False,1,115
ea_llm_self_adaptive_api_1319_run2_20260722_211439.json,1319,b6cd8dd655b542f18908b52892eb19ae,5,27b0c6815ac24c39aed3ca9201c8e369,37,m_mutation,wrong,e566d15bb5887ffb22eb0c65a42fadac896ef949dc4e56d213b058549e2b2da1,4875,False,fat,fat;insulation;reserve,False,3864,0.4,False,top500,False,1,142
ea_llm_self_adaptive_api_1319_run2_20260722_211439.json,1319,b6cd8dd655b542f18908b52892eb19ae,5,27b0c6815ac24c39aed3ca9201c8e369,37,m_mutation,filler,728a795a84ad1278451e92dbb39917ac7dec6abc4e6690e542ce2a134e26fbcd,4911,False,insulate,insulate;reserve;padding,False,6800,0.7,False,top100,False,1,188
ea_llm_self_adaptive_api_1319_run2_20260722_211439.json,1319,b6cd8dd655b542f18908b52892eb19ae,5,27b0c6815ac24c39aed3ca9201c8e369,37,m_mutation,absent,b6382a71e0ca06116c0e58aafdd1382a55e720d1acd4f5707d5660e46996aa12,4646,False,insulation,insulation;padding;coating,False,7431,0.4,False,top500,False,1,125
ea_llm_self_adaptive_api_1319_run2_20260722_211439.json,1319,2d88d11b12a545d7976104680630afac,5,f8a0011874de4373b01e81105046050c,238,l_mutation,genuine,e9c8ed2d75a13b6e8cda87f94524b56fdc61b9e6ca1ec8081208e3791ba44971,5238,False,natural,natural;geology;landscapes,False,8620,0.3,False,top500,False,1,209
ea_llm_self_adaptive_api_1319_run2_20260722_211439.json,1319,2d88d11b12a545d7976104680630afac,5,f8a0011874de4373b01e81105046050c,238,l_mutation,wrong,3da87f83b4f9a56ae38682696637fe63316a0b3a2493bb80a198a53583f9e67a,5165,False,altitude,altitude;elevation;relief,False,26399,0.3,False,top500,False,1,110
ea_llm_self_adaptive_api_1319_run2_20260722_211439.json,1319,2d88d11b12a545d7976104680630afac,5,f8a0011874de4373b01e81105046050c,238,l_mutation,filler,fa7ebd3b29bad07ae4c1b66d520452ea248ed0f250f36011a2c5b979dc70b0f8,5275,False,geography,geography;terrain;region,False,59053,0.3,False,top500,False,1,177
ea_llm_self_adaptive_api_1319_run2_20260722_211439.json,1319,2d88d11b12a545d7976104680630afac,5,f8a0011874de4373b01e81105046050c,238,l_mutation,absent,cdb9da372a91bd6f1054667996ff6581f245fec6102181a5ed1c7b533cee6b3b,4934,False,artifact,artifact;settlement;culture,False,4063,0.3,False,top500,False,1,177
ea_llm_self_adaptive_api_1319_run2_20260722_211439.json,1319,1aa92f3ce47a4969bb1378ed32289ed1,5,10ecb53d171e40a1b663cac13c1e081d,374,l_mutation,genuine,8f925bf22f47a62f10ffe21375ea8572e158a31c8aaf41da0fb40667f2016019,5183,False,roll,roll;slide;soar,False,14868,0.3,False,top500,False,2,159
ea_llm_self_adaptive_api_1319_run2_20260722_211439.json,1319,1aa92f3ce47a4969bb1378ed32289ed1,5,10ecb53d171e40a1b663cac13c1e081d,374,l_mutation,wrong,bb651e55b1361297bc31676eb490b754a56138de8a135d003f18832dcd322f47,5181,False,run,run;climb;cycle,False,39873,0.4,False,top500,False,1,149
ea_llm_self_adaptive_api_1319_run2_20260722_211439.json,1319,1aa92f3ce47a4969bb1378ed32289ed1,5,10ecb53d171e40a1b663cac13c1e081d,374,l_mutation,filler,9fb712593f40d80c7d1d71447189d01fb8c4dc7ae28db0b1f2b3426fd0cc086e,5176,False,ski,ski;ride;skate,False,12868,0.2,False,beyond,False,1,187
ea_llm_self_adaptive_api_1319_run2_20260722_211439.json,1319,1aa92f3ce47a4969bb1378ed32289ed1,5,10ecb53d171e40a1b663cac13c1e081d,374,l_mutation,absent,79b21e464a7fcb504b07338036c3265dda05de44f027be179019a73c699a1a06,4948,False,drive,drive;ride;fly,False,50737,0.3,False,top500,False,1,168
ea_llm_self_adaptive_api_1319_run2_20260722_211439.json,1319,9ea6e8bdcd634edeb6f1ccc9a366ba30,6,439fc68f74a049ed81d40289499172c0,2,ml_mutation,genuine,61b2f607fe741de7e65ad2442e366e3ba139bedade6c364bc30563762b159f11,5550,False,mammal,mammal;bat;human,False,17,0.4,False,top100,False,1,133
ea_llm_self_adaptive_api_1319_run2_20260722_211439.json,1319,9ea6e8bdcd634edeb6f1ccc9a366ba30,6,439fc68f74a049ed81d40289499172c0,2,ml_mutation,wrong,d0001eee38ee34f631e377836ef3de47ea01b4f6f257913d3bcc9796c742416e,5543,False,bat,bat;lion;tiger,False,1642,0.1,False,beyond,False,1,160
ea_llm_self_adaptive_api_1319_run2_20260722_211439.json,1319,9ea6e8bdcd634edeb6f1ccc9a366ba30,6,439fc68f74a049ed81d40289499172c0,2,ml_mutation,filler,927c03fc3f33656db485d37e96737a3c1bcabc6d76260772a2086753802249ed,5535,False,elephant,elephant;giraffe;lion,False,11,0.6,False,top500,False,1,142
ea_llm_self_adaptive_api_1319_run2_20260722_211439.json,1319,9ea6e8bdcd634edeb6f1ccc9a366ba30,6,439fc68f74a049ed81d40289499172c0,2,ml_mutation,absent,8b2c81a53b491dfe848297d886fd9d321a7969d6a25f168c6cdae45b4013b535,5307,False,manatee,manatee;otter;walrus,False,39,0.7,False,top100,False,1,109
ea_llm_self_adaptive_api_1319_run2_20260722_211439.json,1319,1995eb98a8d24136ab2b5c35f1926863,6,27b0c6815ac24c39aed3ca9201c8e369,37,ml_mutation,genuine,b04cff4555fcb98bd47016edc68c1a9218d401797b3b0079b8e5b08a987ee8ea,5282,False,insulation,insulation;metabolism;homeostasis,False,7431,0.4,False,top500,False,1,171
ea_llm_self_adaptive_api_1319_run2_20260722_211439.json,1319,1995eb98a8d24136ab2b5c35f1926863,6,27b0c6815ac24c39aed3ca9201c8e369,37,ml_mutation,wrong,a221058141f9e51072aebeda1867291522860689c29104971f7075d980f5a0ba,5256,False,fur,fur;glands;hairs,False,323,0.4,False,top500,False,1,126
ea_llm_self_adaptive_api_1319_run2_20260722_211439.json,1319,1995eb98a8d24136ab2b5c35f1926863,6,27b0c6815ac24c39aed3ca9201c8e369,37,ml_mutation,filler,5e1e4c3172d97b1c2b9dea66317003df5a1deae6f111a77d4147cf558dfe07f4,5285,False,fur,fur;feathers;mucus,False,323,0.7,False,top100,False,1,204
ea_llm_self_adaptive_api_1319_run2_20260722_211439.json,1319,1995eb98a8d24136ab2b5c35f1926863,6,27b0c6815ac24c39aed3ca9201c8e369,37,ml_mutation,absent,3efa9326ecf0c58c629a0f973aed193d5c25975043ec8a27dd6b79e975b46945,5020,False,insulation,insulation;tissue;layer,False,7431,0.7,False,top100,False,1,178
ea_llm_self_adaptive_api_1319_run2_20260722_211439.json,1319,159fa87b97de4815a285857877f1fdc5,6,f8a0011874de4373b01e81105046050c,238,s_mutation,genuine,c6b8e893f564022a801d2487c2a12ed635d8a060426ca3c51a6a01ded99fd972,5464,False,niche,niche;region;territory,False,39745,0.75,False,top500,False,1,177
ea_llm_self_adaptive_api_1319_run2_20260722_211439.json,1319,159fa87b97de4815a285857877f1fdc5,6,f8a0011874de4373b01e81105046050c,238,s_mutation,wrong,0951a2ced031fabc52b3bde64c590f9a926bbfe7d4594659b428d10b287cecbb,5381,False,niche,niche;domain;locale,False,39745,0.7,False,top500,False,1,94
ea_llm_self_adaptive_api_1319_run2_20260722_211439.json,1319,159fa87b97de4815a285857877f1fdc5,6,f8a0011874de4373b01e81105046050c,238,s_mutation,filler,6e911db0664d3e6527f063f189628a58319d3b15b676f0785e1d9f72e12ae008,5501,False,niche,niche;territory;domain,False,39745,0.6,False,top500,False,1,115
ea_llm_self_adaptive_api_1319_run2_20260722_211439.json,1319,159fa87b97de4815a285857877f1fdc5,6,f8a0011874de4373b01e81105046050c,238,s_mutation,absent,05eae7ff856bca810f48a0e1f330d51a3ce1710db22521dbd0f102ece816ec85,5160,False,niche,niche;domain;setting,False,39745,0.7,False,top500,False,1,155
ea_llm_self_adaptive_api_1319_run2_20260722_211439.json,1319,a0075d2d9f2442099cc50c825ef64818,6,8e2d6aff06044c1582af5b59737b3c37,341,l_mutation,genuine,efea20955cc0bbc7fdf755ceda4262516390e976bb936eb10858106da60ef0a4,5526,False,interact,interact;cooperate;alliance,False,7901,0.4,False,top500,False,1,179
ea_llm_self_adaptive_api_1319_run2_20260722_211439.json,1319,a0075d2d9f2442099cc50c825ef64818,6,8e2d6aff06044c1582af5b59737b3c37,341,l_mutation,wrong,671e53cf07f80e6cf83ddc84b2e717d6b7df3cb503cb8620b5d9f7fabedb20ab,5512,False,forage,forage;roost;den,False,317,0.4,False,top500,False,1,131
ea_llm_self_adaptive_api_1319_run2_20260722_211439.json,1319,a0075d2d9f2442099cc50c825ef64818,6,8e2d6aff06044c1582af5b59737b3c37,341,l_mutation,filler,85fad6c8e15d3e9ddb47445e28fb2eea2afe6bcaec39288f96080bc59b96a79f,5525,False,resilience,resilience;survival;strategy,False,18165,0.2,False,beyond,False,3,155
ea_llm_self_adaptive_api_1319_run2_20260722_211439.json,1319,a0075d2d9f2442099cc50c825ef64818,6,8e2d6aff06044c1582af5b59737b3c37,341,l_mutation,absent,c9516237b0a0b7b3fc4788d2dd2bdd75f73d2593f0a8b63eda4fb23e6f7a2e33,5297,False,territory,territory;boundaries;limits,False,17631,0.25,False,beyond,False,2,171
ea_llm_self_adaptive_api_1319_run2_20260722_211439.json,1319,88fb509a8ae64b999f6e15d4fd97d447,7,439fc68f74a049ed81d40289499172c0,2,ml_mutation,genuine,80c34ddf4d39fb062a0e26aba9fb45943e594b2c43d2354d2d91c504d45b0233,5991,False,mammal,mammal;bird;reptile,False,17,0.8,False,top100,False,1,131
ea_llm_self_adaptive_api_1319_run2_20260722_211439.json,1319,88fb509a8ae64b999f6e15d4fd97d447,7,439fc68f74a049ed81d40289499172c0,2,ml_mutation,wrong,cef22676de6d360184b4d0c55f12fe163104ed7c50411fc527b351f3a07ef6fb,5968,False,manatee,manatee;walrus;manta,False,39,0.7,False,top100,False,1,113
ea_llm_self_adaptive_api_1319_run2_20260722_211439.json,1319,88fb509a8ae64b999f6e15d4fd97d447,7,439fc68f74a049ed81d40289499172c0,2,ml_mutation,filler,2b1cd42300c3d8c6abf87676c819ed0499952966b916ea0c55c1be15a0cf13a6,5976,False,otter,otter;manatee;dugong,False,3,0.35,False,top500,False,1,189
ea_llm_self_adaptive_api_1319_run2_20260722_211439.json,1319,88fb509a8ae64b999f6e15d4fd97d447,7,439fc68f74a049ed81d40289499172c0,2,ml_mutation,absent,84225ca53043b843b3eb1867c59796ac1d538163b45f67b7824e951493f73f4c,5748,False,mammal,mammal;otter;bear,False,17,0.8,False,top100,False,1,133
ea_llm_self_adaptive_api_1319_run2_20260722_211439.json,1319,6ddbb0d48d144a5a8edbd37ac8f4e671,7,9ea6e8bdcd634edeb6f1ccc9a366ba30,3,s_mutation,genuine,9bd088b52dbbb43d777f9649c766544817c043f4f54cb5bbf99325340b2b0e31,5553,False,mink,mink;raccoon;badger,False,159,0.7,False,top100,False,1,156
ea_llm_self_adaptive_api_1319_run2_20260722_211439.json,1319,6ddbb0d48d144a5a8edbd37ac8f4e671,7,9ea6e8bdcd634edeb6f1ccc9a366ba30,3,s_mutation,wrong,408b1cf8fdf20fef306b258aa6de729b950cbd22270634671305b468d107ed4d,5543,False,weasel,weasel;mink;badger,False,92,0.8,False,top100,False,1,125
ea_llm_self_adaptive_api_1319_run2_20260722_211439.json,1319,6ddbb0d48d144a5a8edbd37ac8f4e671,7,9ea6e8bdcd634edeb6f1ccc9a366ba30,3,s_mutation,filler,6db5e429476da2b63471105969ccc5018ed4a2dc596d6bdb1a9368fd4a306cbe,5570,False,mink,mink;weasel;raccoon,False,159,0.7,False,top100,False,1,125
ea_llm_self_adaptive_api_1319_run2_20260722_211439.json,1319,6ddbb0d48d144a5a8edbd37ac8f4e671,7,9ea6e8bdcd634edeb6f1ccc9a366ba30,3,s_mutation,absent,d15a1c26172363c2c491ef223d9eb10c5e43549c8f52f119a7ceaa085b3e4729,5305,False,walrus,walrus;mink;weasel,False,1,0.5,False,top500,False,1,96
ea_llm_self_adaptive_api_1319_run3_20260722_231154.json,1319,898aa22b1bb14beca4da763855357fcc,2,e57923d4732a407daaa5b919e7960b6e,374,ml_mutation,genuine,f7adad06c5d33cbb7af10d3d35c05bd4153605a7d504453894c4e6b8e572bd42,3764,False,yoga,yoga;breathing;walking,False,66656,0.4,False,top500,False,1,154
ea_llm_self_adaptive_api_1319_run3_20260722_231154.json,1319,898aa22b1bb14beca4da763855357fcc,2,e57923d4732a407daaa5b919e7960b6e,374,ml_mutation,wrong,3796ec63be8a9ccf8c694ca75673dbc30d0d568c9239a9b892cc08248618429e,3733,False,run,run;leap;crawl,False,39873,0.6,False,top500,False,1,115
ea_llm_self_adaptive_api_1319_run3_20260722_231154.json,1319,898aa22b1bb14beca4da763855357fcc,2,e57923d4732a407daaa5b919e7960b6e,374,ml_mutation,filler,59cc69b050ad34319c39c854e3b178eb7d6332228df50346e46cf5cbae4543fa,3779,False,health,health;wellness;fitness,False,60047,0.6,False,top500,False,1,192
ea_llm_self_adaptive_api_1319_run3_20260722_231154.json,1319,898aa22b1bb14beca4da763855357fcc,2,e57923d4732a407daaa5b919e7960b6e,374,ml_mutation,absent,f2646c090435e952aaf6f7ebe16e70e6dd6582f8a245c8a893f2f4e5a9fdc2d5,3514,False,rest,rest;hygiene;care,False,2120,0.6,False,top500,False,1,179
ea_llm_self_adaptive_api_1319_run3_20260722_231154.json,1319,116058406838479eb2e4b8b59754f152,3,831ce348229a492088349ef8973e6673,8,ml_mutation,genuine,1b55943be67b6b42b64df35e21e538eeb57063103fad2b876248310e9f0244ad,4208,False,ridge,ridge;slope;plateau,False,1169,0.3,False,top500,False,1,146
ea_llm_self_adaptive_api_1319_run3_20260722_231154.json,1319,116058406838479eb2e4b8b59754f152,3,831ce348229a492088349ef8973e6673,8,ml_mutation,wrong,574af8c4ceca877d9496b61b08987f9f5c6e5bb52b508c5f41d1704dc681f27c,4153,False,landform,landform;topography;geology,False,1179,0.3,False,top500,False,1,202
ea_llm_self_adaptive_api_1319_run3_20260722_231154.json,1319,116058406838479eb2e4b8b59754f152,3,831ce348229a492088349ef8973e6673,8,ml_mutation,filler,f1c6c42eb5c5e07239c51020746b5a465bc889f6114ef9bb1f500427e02ccc7f,4205,False,delta,delta;isthmus;peninsula,False,563,0.2,False,beyond,False,1,196
ea_llm_self_adaptive_api_1319_run3_20260722_231154.json,1319,116058406838479eb2e4b8b59754f152,3,831ce348229a492088349ef8973e6673,8,ml_mutation,absent,b2d163366a65e25fa239293c15d630c85f5767e2b4d7944dc7341fd546802768,3940,False,temperate,temperate;arid;tropical,False,647,0.6,False,top100,False,1,182
ea_llm_self_adaptive_api_1319_run3_20260722_231154.json,1319,bfdb618e4d144217ab6270ddaf968cf0,4,5893a0ca77be4e8dbda5a6dfd69209f6,183,m_mutation,genuine,4c5822f3a2523873787e30f400a4e3f637c5c9697e508748dcf1835911e8ac52,4817,False,barrier,barrier;ridge;mound,False,16762,0.5,False,top500,False,1,149
ea_llm_self_adaptive_api_1319_run3_20260722_231154.json,1319,bfdb618e4d144217ab6270ddaf968cf0,4,5893a0ca77be4e8dbda5a6dfd69209f6,183,m_mutation,wrong,1dcc407cf9ea422dc9ea2ab6031ee91569c18a8510b5baf1e342f9b8c16b7f0d,4792,False,keel,keel;mast;helm,False,2013,0.6,False,top500,False,1,116
ea_llm_self_adaptive_api_1319_run3_20260722_231154.json,1319,bfdb618e4d144217ab6270ddaf968cf0,4,5893a0ca77be4e8dbda5a6dfd69209f6,183,m_mutation,filler,3ec94533287939ebf0f83b8150704e0d4d5168927c7332d001b8627818c7abd1,4799,False,hazard,hazard;obstacle;danger,False,39465,0.4,False,top500,False,1,138
ea_llm_self_adaptive_api_1319_run3_20260722_231154.json,1319,bfdb618e4d144217ab6270ddaf968cf0,4,5893a0ca77be4e8dbda5a6dfd69209f6,183,m_mutation,absent,82fe292b43974f3377ccd0794565aa3a7cbdf8e022e6dee241e9fcf40c8e46e8,4571,False,sail,sail;tack;shroud,False,6367,0.2,False,beyond,False,1,136
ea_llm_self_adaptive_api_1319_run3_20260722_231154.json,1319,20afbc715bcd4aa2bcca6f840c3f105a,5,42bbf81f044c495aac59646ec3869fa9,46,l_mutation,genuine,865eca602da81650ac64de9c2ddeb0392b4c17f5bcbb4b359057adc93c8b219d,5235,False,mimicry,mimicry;camouflage;movement,False,2886,0.3,False,top500,False,1,169
ea_llm_self_adaptive_api_1319_run3_20260722_231154.json,1319,20afbc715bcd4aa2bcca6f840c3f105a,5,42bbf81f044c495aac59646ec3869fa9,46,l_mutation,wrong,e3449651863ea5672ebfffbc3863db0c1a813a818a2f855c4726bab04e41fc6d,5214,False,tool,tool;manipulate;instrument,False,25832,0.2,False,beyond,False,1,161
ea_llm_self_adaptive_api_1319_run3_20260722_231154.json,1319,20afbc715bcd4aa2bcca6f840c3f105a,5,42bbf81f044c495aac59646ec3869fa9,46,l_mutation,filler,06ffc98b17b17fb46657f18267871d66664951b7e87a626e7dc53475f8506f62,5222,False,submersible,submersible;sensor;drone,False,7711,0.3,False,top500,False,1,164
ea_llm_self_adaptive_api_1319_run3_20260722_231154.json,1319,20afbc715bcd4aa2bcca6f840c3f105a,5,42bbf81f044c495aac59646ec3869fa9,46,l_mutation,absent,2629077a781b5388493d2dc5a9e1a339a2dd9a655759ed15bffeb0fae7556db9,4994,False,grip,grip;twist;adjust,False,25457,0.4,False,top500,False,1,150
ea_llm_self_adaptive_api_1319_run3_20260722_231154.json,1319,83a6ef09f87c4156af0a523162e76ab0,6,5f5a0d50ff4542fab7109190ebc39678,88,s_mutation,genuine,8afded4deae563de21c91474f8bf853f98fedb1d406db4a77732f90f5d9d6c60,5528,False,polyp,polyp;tentacle;medusa,False,22506,0.75,False,top100,False,1,182
ea_llm_self_adaptive_api_1319_run3_20260722_231154.json,1319,83a6ef09f87c4156af0a523162e76ab0,6,5f5a0d50ff4542fab7109190ebc39678,88,s_mutation,wrong,a049435ed16dae698ebbf804a168ed503aa9cda7a70ba088e53d0ea8bcad78b3,5511,False,hydra,hydra;polyp;tunicate,False,2362,0.7,False,top100,False,1,109
ea_llm_self_adaptive_api_1319_run3_20260722_231154.json,1319,83a6ef09f87c4156af0a523162e76ab0,6,5f5a0d50ff4542fab7109190ebc39678,88,s_mutation,filler,d331cf266cdc8b4ef051532149c4b4919518508fa46ca840d2ae058e17894416,5520,False,medusa,medusa;hydra;polyp,False,8869,0.6,False,top500,False,1,101
ea_llm_self_adaptive_api_1319_run3_20260722_231154.json,1319,83a6ef09f87c4156af0a523162e76ab0,6,5f5a0d50ff4542fab7109190ebc39678,88,s_mutation,absent,3b930b983d76371ad9129947cdfa20d045a257642eb6b22a2c5d2838233a5696,5292,False,hydra,hydra;medusa;polyp,False,2362,0.7,False,top100,False,1,105
ea_llm_self_adaptive_api_1319_run3_20260722_231154.json,1319,9325a9a327cf4d51b62e98e085350021,7,42bbf81f044c495aac59646ec3869fa9,46,ml_mutation,genuine,d1ce5897b0f95fce72e15d438a0966be4d000bef282736223ed9e0f1d94ee6b3,6174,False,eagle,eagle;sparrow;penguin,False,489,0.3,False,beyond,False,1,151
ea_llm_self_adaptive_api_1319_run3_20260722_231154.json,1319,9325a9a327cf4d51b62e98e085350021,7,42bbf81f044c495aac59646ec3869fa9,46,ml_mutation,wrong,4d8e6e3db8745f0ee77281e6633e40448ea843d46d8a695b50a54564b37b43b6,6152,False,anchor,anchor;rope;cable,False,4352,0.5,False,top500,False,1,127
ea_llm_self_adaptive_api_1319_run3_20260722_231154.json,1319,9325a9a327cf4d51b62e98e085350021,7,42bbf81f044c495aac59646ec3869fa9,46,ml_mutation,filler,e7e0933a55aefb2e8aca1156d7405addb2593f0c44721f2635f97985d82a6e35,6161,False,tentacle,tentacle;gills;mantle,False,2103,0.4,False,top500,False,1,129
ea_llm_self_adaptive_api_1319_run3_20260722_231154.json,1319,9325a9a327cf4d51b62e98e085350021,7,42bbf81f044c495aac59646ec3869fa9,46,ml_mutation,absent,06c7c57936e32ac1f0c0ec514effe12ec14873fa7697a366957ed4feae4b3e72,5933,False,sponge,sponge;starfish;hydra,False,409,0.3,False,beyond,False,1,152
ea_llm_self_adaptive_api_1319_run3_20260722_231154.json,1319,bed18698e0ed4a7fb10988ff814dd754,8,831ce348229a492088349ef8973e6673,8,ml_mutation,genuine,c74228b81a01cf33f6b9456703f4d972bad564f0a9b41612ddd865a7bd82a9cc,6459,False,pole,pole;coast;latitude,False,19471,0.8,False,top10,False,1,170
ea_llm_self_adaptive_api_1319_run3_20260722_231154.json,1319,bed18698e0ed4a7fb10988ff814dd754,8,831ce348229a492088349ef8973e6673,8,ml_mutation,wrong,e32ca89493cc9ca79f5616e1037dc306cf900cac7909afe4250133c637b70f0e,6426,False,chilly,chilly;frosty;bitter,False,11061,0.7,False,top100,False,1,195
ea_llm_self_adaptive_api_1319_run3_20260722_231154.json,1319,bed18698e0ed4a7fb10988ff814dd754,8,831ce348229a492088349ef8973e6673,8,ml_mutation,filler,8ae2226d48904875ddf26aff221fd1f199498ceaef760c0187df95358bc508db,6456,False,pole,pole;ridge;plateau,False,19471,0.7,False,top100,False,1,195
ea_llm_self_adaptive_api_1319_run3_20260722_231154.json,1319,bed18698e0ed4a7fb10988ff814dd754,8,831ce348229a492088349ef8973e6673,8,ml_mutation,absent,6eb10e9ade4b70569b53e4aa00146290082e68c7d11a44d6e8df901f8e07321b,6191,False,temperate,temperate;arid;tropical,False,647,0.6,False,top100,False,1,186
ea_llm_self_adaptive_api_1319_run3_20260722_231154.json,1319,9217f918178845ad8d7f83fdf647389c,9,831ce348229a492088349ef8973e6673,8,ml_mutation,genuine,5802eba7422cf545c5a6bdbec820b31b2389b6e5fa3f2a9447aa722945d80853,6862,False,latitude,latitude;region;zone,False,7680,0.6,False,top500,False,1,206
ea_llm_self_adaptive_api_1319_run3_20260722_231154.json,1319,9217f918178845ad8d7f83fdf647389c,9,831ce348229a492088349ef8973e6673,8,ml_mutation,wrong,5d48ac338a7a554f5a756c1dd7360e954fb42de17b6bbd4730511968557076ad,6823,False,equatorial,equatorial;tropical;temperate,False,6129,0.7,False,top100,False,1,114
ea_llm_self_adaptive_api_1319_run3_20260722_231154.json,1319,9217f918178845ad8d7f83fdf647389c,9,831ce348229a492088349ef8973e6673,8,ml_mutation,filler,d881b0dc1726aad3fa9795e97e6197bf0607fff1ba0d2e9805ac4e4f96b0c65d,6859,False,mountain,mountain;plateau;island,False,6568,0.2,False,beyond,False,1,211
ea_llm_self_adaptive_api_1319_run3_20260722_231154.json,1319,9217f918178845ad8d7f83fdf647389c,9,831ce348229a492088349ef8973e6673,8,ml_mutation,absent,d799e9b80f2065500a791cf818131372cb47a49f520819e150ce03cb88c23478,6594,False,canyon,canyon;plateau;valley,False,22264,0.5,False,top100,False,1,172
ea_llm_self_adaptive_api_1319_run3_20260722_231154.json,1319,b44c3bd3949344b3b9afefc1b92508cb,10,541a64224508440e9da84e299433d788,2,m_mutation,genuine,e621f2c1ea4c110be9c17cd5e0e962156797134f1c65e2f14c428fc6a7c7f09f,7080,False,siren,siren;nymph;griffin,False,8859,0.2,False,beyond,False,1,154
ea_llm_self_adaptive_api_1319_run3_20260722_231154.json,1319,b44c3bd3949344b3b9afefc1b92508cb,10,541a64224508440e9da84e299433d788,2,m_mutation,wrong,365acf43945a8bb5556be964a334218361056084c8f0524a1591bbea95545c70,7005,False,myth,myth;legend;fable,False,14567,0.3,False,beyond,False,1,137
ea_llm_self_adaptive_api_1319_run3_20260722_231154.json,1319,b44c3bd3949344b3b9afefc1b92508cb,10,541a64224508440e9da84e299433d788,2,m_mutation,filler,dc3376d9e41ee9f61a917ea5548c0cc9c9c6afe1284c6e56b39514f909f7bec4,7104,False,myth,myth;legend;fable,False,14567,0.3,False,beyond,False,1,150
ea_llm_self_adaptive_api_1319_run3_20260722_231154.json,1319,b44c3bd3949344b3b9afefc1b92508cb,10,541a64224508440e9da84e299433d788,2,m_mutation,absent,2f44f55a39cfc55a48f3768a1691e19d0a7331548f2a7ea558f44d47bc091b9c,6763,False,myth,myth;symbol;legend,False,14567,0.3,False,beyond,False,1,116
ea_llm_self_adaptive_api_1319_run3_20260722_231154.json,1319,66f9438b8669499e91b5a853a8e33f1a,11,541a64224508440e9da84e299433d788,2,ml_mutation,genuine,e24dff6bb21e5e77218a0fae90563fc956c8e0ecd172443a76f0c934a5c8b1da,7252,False,bear,bear;lion;elephant,False,21,0.7,False,top100,False,1,229
ea_llm_self_adaptive_api_1319_run3_20260722_231154.json,1319,66f9438b8669499e91b5a853a8e33f1a,11,541a64224508440e9da84e299433d788,2,ml_mutation,wrong,7105205432102a04b31982953e8192442ed6afbc3db4f73d2263e264edd7b4ea,7177,False,otter,otter;walrus;dugong,False,3,0.7,False,top100,False,1,105
ea_llm_self_adaptive_api_1319_run3_20260722_231154.json,1319,66f9438b8669499e91b5a853a8e33f1a,11,541a64224508440e9da84e299433d788,2,ml_mutation,filler,26893274d6324fb780db63ba0461ecfdd4d6d7c0ab0a1610f25bd876c861675d,7276,False,elephant,elephant;giant;rhino,False,11,0.3,False,top500,False,1,154
ea_llm_self_adaptive_api_1319_run3_20260722_231154.json,1319,66f9438b8669499e91b5a853a8e33f1a,11,541a64224508440e9da84e299433d788,2,ml_mutation,absent,98986b29df8b60ab296806cfd6234ff1e9519afbe27c0b99b6409c461adccfb2,6935,False,fin,fin;gill;molt,False,465,0.4,False,top500,False,1,222
ea_llm_self_adaptive_api_1319_run3_20260722_231154.json,1319,2f9b3b824b754a7f85877e204b819d21,2,831ce348229a492088349ef8973e6673,34,ml_mutation,genuine,54320bfe90db8e02f8652eba3484c02006392d7e3517d8a726643e91feaef7da,3687,False,glacier,glacier;frost;polar,False,51,0.7,False,top100,False,2,148
ea_llm_self_adaptive_api_1319_run3_20260722_231154.json,1319,2f9b3b824b754a7f85877e204b819d21,2,831ce348229a492088349ef8973e6673,34,ml_mutation,wrong,51a8518d9821ad3dde3f46965d0d1edaf37544f2e4c7810e7a502f7e913ccac1,3654,False,polar,polar;continental;tropical,False,8,0.6,False,top100,False,2,235
ea_llm_self_adaptive_api_1319_run3_20260722_231154.json,1319,2f9b3b824b754a7f85877e204b819d21,2,831ce348229a492088349ef8973e6673,34,ml_mutation,filler,0103094bf5b4ceef8789020210ef68372617f68250e6c66644e2fe1c4aa01b0e,3684,False,glacier,glacier;frost;ice,False,51,0.7,False,top100,False,1,213
ea_llm_self_adaptive_api_1319_run3_20260722_231154.json,1319,2f9b3b824b754a7f85877e204b819d21,2,831ce348229a492088349ef8973e6673,34,ml_mutation,absent,b53e31a48bad0bb34449d12fe4d4776dcf3e6089598db99f885eb700f1262aa6,3419,False,glacial,glacial;frigid;subzero,False,862,0.6,False,top500,False,1,322
ea_llm_self_adaptive_api_1319_run3_20260722_231154.json,1319,dc43baa4a6d542de95dda6e17d6cc678,3,15fd75f3177d44d89a19cba98f796e8b,115,m_mutation,genuine,950a3199f6e8540b5feeff666923225555db050f5d15091c4b2551586bef8fc3,4148,False,mammal,mammal;reptile;vertebrate,False,17,0.6,False,top500,False,1,150
ea_llm_self_adaptive_api_1319_run3_20260722_231154.json,1319,dc43baa4a6d542de95dda6e17d6cc678,3,15fd75f3177d44d89a19cba98f796e8b,115,m_mutation,wrong,82f808e11475c00f657075d0276cc15a09a00ab200a318a9e1bd1470c27985b5,4181,False,predator,predator;herd;mammal,False,223,0.4,False,top500,False,1,151
ea_llm_self_adaptive_api_1319_run3_20260722_231154.json,1319,dc43baa4a6d542de95dda6e17d6cc678,3,15fd75f3177d44d89a19cba98f796e8b,115,m_mutation,filler,86508b136782b76451b5e33b975b84b93047aeabe0d17c29eb6f7a55ff1563db,4166,False,domestic,domestic;mammal;instinct,False,6788,0.6,False,top500,False,1,167
ea_llm_self_adaptive_api_1319_run3_20260722_231154.json,1319,dc43baa4a6d542de95dda6e17d6cc678,3,15fd75f3177d44d89a19cba98f796e8b,115,m_mutation,absent,4357cd848a5a2b89e5667d1db837aa631cafd93fa4966f8b2142e902d862d61f,3938,False,zoology,zoology;taxon;mammal,False,24877,0.6,False,top500,False,2,165
ea_llm_self_adaptive_api_1319_run3_20260722_231154.json,1319,5f5a0d50ff4542fab7109190ebc39678,4,42bbf81f044c495aac59646ec3869fa9,46,ml_mutation,genuine,da5c5f5973cf22ec666892e23672cc0be708cbec03311601f334d00e24304d12,4785,False,vegetable,vegetable;grain;dairy,False,36513,0.3,False,top500,False,1,191
ea_llm_self_adaptive_api_1319_run3_20260722_231154.json,1319,5f5a0d50ff4542fab7109190ebc39678,4,42bbf81f044c495aac59646ec3869fa9,46,ml_mutation,wrong,b89c085eb0ef2ad5f4e72010636333050cd37c965664ee095297bef990ff02bb,4775,False,tide,tide;depth;current,False,2060,0.4,False,top500,False,1,135
ea_llm_self_adaptive_api_1319_run3_20260722_231154.json,1319,5f5a0d50ff4542fab7109190ebc39678,4,42bbf81f044c495aac59646ec3869fa9,46,ml_mutation,filler,b3e83ad996a3236be84e48be2d5e873b544ba3a59b591c015cff60e99a6d699b,4772,False,sponge,sponge;jellyfish;urchin,False,409,0.3,False,top500,False,2,142
ea_llm_self_adaptive_api_1319_run3_20260722_231154.json,1319,5f5a0d50ff4542fab7109190ebc39678,4,42bbf81f044c495aac59646ec3869fa9,46,ml_mutation,absent,b34b47f276554f1f87e3c9afb52edd2ad6422dfd61b8bc4193f71db2999342e0,4544,False,tide,tide;current;depth,False,2060,0.3,False,beyond,False,1,158
ea_llm_self_adaptive_api_1319_run3_20260722_231154.json,1319,485f043a8a25495b8188e03a0a49acfb,5,6147cb9bc2b741b99c213b868ec9c1d6,54,l_mutation,genuine,fc3030da684dc63cd7dfa5155b3b5e701ebb8a6beda3bff4a29662e4380ffc32,5307,False,spike,spike;spur;thorn,False,48770,0.2,False,top500,False,1,106
ea_llm_self_adaptive_api_1319_run3_20260722_231154.json,1319,485f043a8a25495b8188e03a0a49acfb,5,6147cb9bc2b741b99c213b868ec9c1d6,54,l_mutation,wrong,ee5909b0316af49e47db2bc722379864f4c4d20d50ea0d5cbcc1b8178cccd88a,5308,False,craft,craft;tool;art,False,25582,0.2,False,beyond,False,1,100
ea_llm_self_adaptive_api_1319_run3_20260722_231154.json,1319,485f043a8a25495b8188e03a0a49acfb,5,6147cb9bc2b741b99c213b868ec9c1d6,54,l_mutation,filler,01b23f602792494d884f825b3a2016a9ee363a5c0c72e0f5f89288f084357778,5300,False,slope,slope;hill;channel,True,,0.2,False,top500,False,1,160
ea_llm_self_adaptive_api_1319_run3_20260722_231154.json,1319,485f043a8a25495b8188e03a0a49acfb,5,6147cb9bc2b741b99c213b868ec9c1d6,54,l_mutation,absent,8e83246c08ff9872682babc27a34356f20408c6bf94566ea910bbd4c7c47c36c,5072,False,biology,biology;ecology;oceanography,False,38034,0.3,False,top500,False,2,178
ea_llm_self_adaptive_api_1319_run3_20260722_231154.json,1319,986a34fdd5dc4929a8d3d6b2cdad9370,6,15fd75f3177d44d89a19cba98f796e8b,17,m_mutation,genuine,c64461e0ca2f8707eb3af8eb96e84fe5841067f2297e4dabdac8710bed1054cc,5578,False,order,order;subclass;family,False,41885,0.6,False,top500,False,1,101
ea_llm_self_adaptive_api_1319_run3_20260722_231154.json,1319,986a34fdd5dc4929a8d3d6b2cdad9370,6,15fd75f3177d44d89a19cba98f796e8b,17,m_mutation,wrong,0355ae27c76b36a64430a059a41ed77049d6397ec9d220acf3c348569b4d418c,5612,False,hair,hair;lactation;bone,False,5541,0.7,False,top100,False,1,147
ea_llm_self_adaptive_api_1319_run3_20260722_231154.json,1319,986a34fdd5dc4929a8d3d6b2cdad9370,6,15fd75f3177d44d89a19cba98f796e8b,17,m_mutation,filler,2ebc4154665ccac9e32609ea6ad9ae11ad07abfddfdbb4d7ccd69c4fa489a805,5596,False,lactation,lactation;gestation;fur,False,17714,0.7,False,top500,False,1,114
ea_llm_self_adaptive_api_1319_run3_20260722_231154.json,1319,986a34fdd5dc4929a8d3d6b2cdad9370,6,15fd75f3177d44d89a19cba98f796e8b,17,m_mutation,absent,8bc1c3bcfa8f9af7b951ac6c790d84f9a10fd08c0de0fac9d72f965d5b01f661,5368,False,hair,hair;milk;social,False,5541,0.6,False,top500,False,1,121
ea_llm_self_adaptive_api_1319_run3_20260722_231154.json,1319,9de1e394c4fb4a1eaba7ef5d61d493b1,7,831ce348229a492088349ef8973e6673,8,s_mutation,genuine,e88306e647384c0c8ce55eca33d4db8fa08d7240cb71ec8ba94c147649c2e54d,5983,False,frost,frost;north;south,False,2359,0.7,False,top100,False,1,184
ea_llm_self_adaptive_api_1319_run3_20260722_231154.json,1319,9de1e394c4fb4a1eaba7ef5d61d493b1,7,831ce348229a492088349ef8973e6673,8,s_mutation,wrong,afa6fe13ed9a13eba632442563294a87e35bd4a99b4825e78960df4bbc131837,5944,False,pole,pole;extreme;north,False,19471,0.8,False,top100,False,1,132
ea_llm_self_adaptive_api_1319_run3_20260722_231154.json,1319,9de1e394c4fb4a1eaba7ef5d61d493b1,7,831ce348229a492088349ef8973e6673,8,s_mutation,filler,d3f95b55614c4b849bef53db0789e0cbeb00b4070857a9f7e4aec3a4e19e34e0,5980,False,frost,frost;ice;snow,False,2359,0.6,False,top500,False,1,137
ea_llm_self_adaptive_api_1319_run3_20260722_231154.json,1319,9de1e394c4fb4a1eaba7ef5d61d493b1,7,831ce348229a492088349ef8973e6673,8,s_mutation,absent,0da8e5e37349367d1904d2b293dc9cdd43a9e6eb5537a62fa18f05b5e26c706c,5715,False,frost,frost;snow;ice,False,2359,0.6,False,top500,False,1,140
ea_llm_self_adaptive_api_1319_run3_20260722_231154.json,1319,4cf5104989a34dd29a2cd542ee4c28fe,8,541a64224508440e9da84e299433d788,2,m_mutation,genuine,da15faab30deec8e5e75eca64af1de7650934f7873c7198c5bb19db80b7ed36b,6282,False,myth,myth;legend;fable,False,14567,0.2,False,beyond,False,1,152
ea_llm_self_adaptive_api_1319_run3_20260722_231154.json,1319,4cf5104989a34dd29a2cd542ee4c28fe,8,541a64224508440e9da84e299433d788,2,m_mutation,wrong,9c3c9a700b2f732abd8ffb2c1aee723aab63f16fe5d9a55c7e4add580998185a,6206,False,myth,myth;legend;tale,False,14567,0.2,False,beyond,False,1,149
ea_llm_self_adaptive_api_1319_run3_20260722_231154.json,1319,4cf5104989a34dd29a2cd542ee4c28fe,8,541a64224508440e9da84e299433d788,2,m_mutation,filler,2831371f932b796cdc6e768a45f5f34bd8a2a5e0a682d4b1c7ad063915a0d396,6306,False,large,large;giant;huge,False,13692,0.5,False,top500,False,1,138
ea_llm_self_adaptive_api_1319_run3_20260722_231154.json,1319,4cf5104989a34dd29a2cd542ee4c28fe,8,541a64224508440e9da84e299433d788,2,m_mutation,absent,c49bc822f4a930fe0867ee4d00c85522c4ebfa9f9793448401c3ad254e9a87b8,5965,False,giant,giant;massive;enormous,False,752,0.3,False,beyond,False,1,134
ea_llm_self_adaptive_api_1319_run3_20260722_231154.json,1319,b7b19fbe829c43db91c9aa48d3e0c7ba,9,157559723b97418fab19b787ed0ec2b4,23,m_mutation,genuine,05fa3ab656a69ec7d5f95ec98c02e581c1fa15adfe7c3d2657d5c6272b649e6d,6788,False,float,float;melt;form,False,4178,0.6,False,top100,False,2,157
ea_llm_self_adaptive_api_1319_run3_20260722_231154.json,1319,b7b19fbe829c43db91c9aa48d3e0c7ba,9,157559723b97418fab19b787ed0ec2b4,23,m_mutation,wrong,c15667e66b9fe1e15d917a543d11179925f83fcdcf2b942272ef9c4100f5e637,6704,False,hazard,hazard;submerged;peril,False,39465,0.3,False,top500,False,1,139
ea_llm_self_adaptive_api_1319_run3_20260722_231154.json,1319,b7b19fbe829c43db91c9aa48d3e0c7ba,9,157559723b97418fab19b787ed0ec2b4,23,m_mutation,filler,ce8d45c249eb33e739485de5686b38a894c28fa7d76dcbc683f1943c2c4ad975,6807,False,erosion,erosion;melting;impact,False,15724,0.3,False,top500,False,1,205
ea_llm_self_adaptive_api_1319_run3_20260722_231154.json,1319,b7b19fbe829c43db91c9aa48d3e0c7ba,9,157559723b97418fab19b787ed0ec2b4,23,m_mutation,absent,3e12e3459524a508ee58dc9b22a10992e86d8f452b2778d518c58ec7ca220988,6466,False,hazard,hazard;obstacle;ocean,False,39465,0.7,False,top100,False,1,145
ea_llm_self_adaptive_api_1319_run3_20260722_231154.json,1319,4107a43778424058ba3481960c7e878d,10,42bbf81f044c495aac59646ec3869fa9,46,s_mutation,genuine,0f316e6320d9e4a72341a07a60408cd1c9b6ad7febc6ae4589bd94f740fae4cb,7269,False,scallop,scallop;sponge;scallop,False,557,0.3,False,top500,False,1,121
ea_llm_self_adaptive_api_1319_run3_20260722_231154.json,1319,4107a43778424058ba3481960c7e878d,10,42bbf81f044c495aac59646ec3869fa9,46,s_mutation,wrong,b8d5987d0eda6c815c7e823585e14dbade5a88f44475332fa08df14802b38de9,7257,False,tentacle,tentacle;sucker;nautilus,False,2103,0.6,False,top500,False,1,137
ea_llm_self_adaptive_api_1319_run3_20260722_231154.json,1319,4107a43778424058ba3481960c7e878d,10,42bbf81f044c495aac59646ec3869fa9,46,s_mutation,filler,a727b863c553d1650a1b52099a390791423e794e51ac7b5739d8ba431ac2c1c3,7256,False,cuttlefish,cuttlefish;nautilus;tentacle,False,257,0.4,False,top500,False,1,98
ea_llm_self_adaptive_api_1319_run3_20260722_231154.json,1319,4107a43778424058ba3481960c7e878d,10,42bbf81f044c495aac59646ec3869fa9,46,s_mutation,absent,29cf5f17b342b2ba1c4f2665d31d6cf08a11f4419dae2c11701fc670d072c5da,7028,False,tentacle,tentacle;cuttlefish;mollusk,False,2103,0.3,False,top500,False,1,189
ea_llm_self_adaptive_api_1319_run3_20260722_231154.json,1319,01c69e6352a2419f8616f738905dc155,11,157559723b97418fab19b787ed0ec2b4,23,l_mutation,genuine,c056bffb25c6df84f09bc61d462bdd819cfc04c82c3b6e582986e05003d806ea,7506,False,drift,drift;current;flow,False,1935,0.2,False,top500,False,1,196
ea_llm_self_adaptive_api_1319_run3_20260722_231154.json,1319,01c69e6352a2419f8616f738905dc155,11,157559723b97418fab19b787ed0ec2b4,23,l_mutation,wrong,ab27f6126f4ec372f8c261532ef9e691169513afc5adbba3c438961b63d5ad63,7415,False,aurora,aurora;blizzard;hail,False,4351,0.4,False,top500,False,2,145
ea_llm_self_adaptive_api_1319_run3_20260722_231154.json,1319,01c69e6352a2419f8616f738905dc155,11,157559723b97418fab19b787ed0ec2b4,23,l_mutation,filler,a97d9c29aeded7b6640ea80a34916746c9f556f8f71ab547481eff482225958e,7525,False,culture,culture;traditions;customs,False,25755,0.2,False,beyond,False,1,181
ea_llm_self_adaptive_api_1319_run3_20260722_231154.json,1319,01c69e6352a2419f8616f738905dc155,11,157559723b97418fab19b787ed0ec2b4,23,l_mutation,absent,8a8a25e0338c288813d6f6abd699a0f6c0f132833004484c295779c00849089c,7184,False,flake,flake;flow;crack,False,2061,0.4,False,top500,False,1,147
ea_llm_self_adaptive_api_1319_run3_20260722_231154.json,1319,5893a0ca77be4e8dbda5a6dfd69209f6,2,4ce77bdf67f04e568d6ab3792af13632,261,m_mutation,genuine,245c0e9edea68c0e61816c10a2df18de610681e843419b6772769201b60ba4b2,3843,False,polyp,polyp;colony;skeleton,False,22506,0.6,False,top500,False,1,112
ea_llm_self_adaptive_api_1319_run3_20260722_231154.json,1319,5893a0ca77be4e8dbda5a6dfd69209f6,2,4ce77bdf67f04e568d6ab3792af13632,261,m_mutation,wrong,50e03317cc11e626b53b8a6e68e2033235346786a4df244e6fc2d638a3e97381,3816,False,skeleton,skeleton;structure;framework,False,362,0.5,False,top500,False,1,100
ea_llm_self_adaptive_api_1319_run3_20260722_231154.json,1319,5893a0ca77be4e8dbda5a6dfd69209f6,2,4ce77bdf67f04e568d6ab3792af13632,261,m_mutation,filler,ef967d71be7e66367ae4b6170abfd79b902ac6d4ecfb896f7c8325983b88ccd2,3843,False,reef,reef;structure;formation,False,183,0.7,False,top500,False,1,103
ea_llm_self_adaptive_api_1319_run3_20260722_231154.json,1319,5893a0ca77be4e8dbda5a6dfd69209f6,2,4ce77bdf67f04e568d6ab3792af13632,261,m_mutation,absent,a9032281fc0089a63842bb3c29e224546e023fb8cb1788c4fc39be6cbcef142a,3578,False,structure,structure;form;shape,False,56765,0.5,False,top500,False,1,113
ea_llm_self_adaptive_api_1319_run3_20260722_231154.json,1319,6147cb9bc2b741b99c213b868ec9c1d6,3,42bbf81f044c495aac59646ec3869fa9,78,s_mutation,genuine,9259c137a0730ace6bf3a398e9db881e559b9a6e554aa349fb4a8a5a364117cf,4219,False,mussel,mussel;scallop;clam,False,408,0.7,False,top100,False,1,149
ea_llm_self_adaptive_api_1319_run3_20260722_231154.json,1319,6147cb9bc2b741b99c213b868ec9c1d6,3,42bbf81f044c495aac59646ec3869fa9,78,s_mutation,wrong,b90c8114b8e412d952464e42cde5247fb2ddaa08879a4f26662ead4d81557859,4214,False,crustacean,crustacean;crayfish;barnacle,False,397,0.3,False,top500,False,1,176
ea_llm_self_adaptive_api_1319_run3_20260722_231154.json,1319,6147cb9bc2b741b99c213b868ec9c1d6,3,42bbf81f044c495aac59646ec3869fa9,78,s_mutation,filler,1026da09adfa61ecfd4e206e2df117fff6e71f5bfe2018e13f90b55c48e74d10,4206,False,crayfish,crayfish;crustacean;prawn,False,846,0.7,False,top100,False,1,91
ea_llm_self_adaptive_api_1319_run3_20260722_231154.json,1319,6147cb9bc2b741b99c213b868ec9c1d6,3,42bbf81f044c495aac59646ec3869fa9,78,s_mutation,absent,0aa6e1851e52b5794138c5837310085c47841a819b6255863a5451c8d92c46c5,3978,False,mussel,mussel;clam;scallop,False,408,0.6,False,top500,False,2,117
ea_llm_self_adaptive_api_1319_run3_20260722_231154.json,1319,521dc3d47d644fdc97aa385942da8279,4,831ce348229a492088349ef8973e6673,8,ml_mutation,genuine,eafb2bd9e6e159d9aa7a2b63511100630da92232433779394d5c1c1ed19c4e6c,4670,False,temperate,temperate;tropical;arid,False,647,0.4,False,top500,False,1,196
ea_llm_self_adaptive_api_1319_run3_20260722_231154.json,1319,521dc3d47d644fdc97aa385942da8279,4,831ce348229a492088349ef8973e6673,8,ml_mutation,wrong,bdb73d31eaf214eb85584de050842d0717a2f5049b7d014d41dbd1016279ed4e,4638,False,coastal,coastal;island;mountain,False,3649,0.2,False,beyond,False,1,176
ea_llm_self_adaptive_api_1319_run3_20260722_231154.json,1319,521dc3d47d644fdc97aa385942da8279,4,831ce348229a492088349ef8973e6673,8,ml_mutation,filler,e4d3300a00230946a87d7ab02756d737688d94a49e8fc9f889e503ba536ed268,4667,False,equator,equator;tropic;hemisphere,False,10916,0.5,False,top500,False,1,139
ea_llm_self_adaptive_api_1319_run3_20260722_231154.json,1319,521dc3d47d644fdc97aa385942da8279,4,831ce348229a492088349ef8973e6673,8,ml_mutation,absent,571d2eee142f8378224bb9206f348ca2ca0b5e2fad9f12240553a31e8623b08d,4402,False,coastal,coastal;mountain;island,False,3649,0.3,False,beyond,False,1,162
ea_llm_self_adaptive_api_1319_run3_20260722_231154.json,1319,c685e3714b2b4df79863c104b5137d55,5,831ce348229a492088349ef8973e6673,8,m_mutation,genuine,8c98767cad541b8fdb84a48452548e25eb2f044d074191cb4c62cf925e7b703e,5172,False,navigation,navigation;compass;orientation,False,64150,0.3,False,top500,False,1,171
ea_llm_self_adaptive_api_1319_run3_20260722_231154.json,1319,c685e3714b2b4df79863c104b5137d55,5,831ce348229a492088349ef8973e6673,8,m_mutation,wrong,e6d70fed3b26f999562b46f12a492a52cb802cf684201699b0635391d45f9457,5124,False,axis,axis;extreme;magnet,False,63337,0.5,False,top500,False,1,138
ea_llm_self_adaptive_api_1319_run3_20260722_231154.json,1319,c685e3714b2b4df79863c104b5137d55,5,831ce348229a492088349ef8973e6673,8,m_mutation,filler,18949733326a66fd7f7030fba0c07947ebf69dcffa8a674c97e4faaec984a201,5169,False,magnetic,magnetic;compass;orient,False,22739,0.4,False,top500,False,1,163
ea_llm_self_adaptive_api_1319_run3_20260722_231154.json,1319,c685e3714b2b4df79863c104b5137d55,5,831ce348229a492088349ef8973e6673,8,m_mutation,absent,2b7a49a60b81250c41e969cc1d6b145cb091222890b4906df0b467182a09af13,4904,False,extreme,extreme;pole;magnet,False,26946,0.5,False,top500,False,1,146
ea_llm_self_adaptive_api_1319_run3_20260722_231154.json,1319,541a64224508440e9da84e299433d788,6,42bbf81f044c495aac59646ec3869fa9,46,ml_mutation,genuine,ca1a19156b1d291f1b9240e20a0887e002823b356dd15d7a763456ca34dcb036,5726,False,shark,shark;whale;dolphin,False,22,0.7,False,top100,False,1,141
ea_llm_self_adaptive_api_1319_run3_20260722_231154.json,1319,541a64224508440e9da84e299433d788,6,42bbf81f044c495aac59646ec3869fa9,46,ml_mutation,wrong,a59da95a73ed4721c398fb009c63461ef6d829c68715878574f31492b7245df1,5714,False,jellyfish,jellyfish;starfish;snail,False,88,0.4,False,top500,False,1,118
ea_llm_self_adaptive_api_1319_run3_20260722_231154.json,1319,541a64224508440e9da84e299433d788,6,42bbf81f044c495aac59646ec3869fa9,46,ml_mutation,filler,6fc51618133f29f8d15f18aa8c91bd385fcea9268d0142edac8b221fd8cff93a,5713,False,tide,tide;wave;foam,False,2060,0.3,False,top500,False,1,153
ea_llm_self_adaptive_api_1319_run3_20260722_231154.json,1319,541a64224508440e9da84e299433d788,6,42bbf81f044c495aac59646ec3869fa9,46,ml_mutation,absent,196a3c97dfe8769a0eda800a75079bd712cd48d2b07fb78d133477324f900185,5485,False,whale,whale;shark;dolphin,False,2,0.5,False,top500,False,1,142
ea_llm_self_adaptive_api_1319_run3_20260722_231154.json,1319,0cdbd05a8c624d0982805165a2d2cbde,7,15fd75f3177d44d89a19cba98f796e8b,17,l_mutation,genuine,5183c7dba6929eee77681cf36998329025282fd3e62c295abf6a0c2c40a6d759,5939,False,gene,gene;mutation;evolution,False,41695,0.3,False,top500,False,1,156
ea_llm_self_adaptive_api_1319_run3_20260722_231154.json,1319,0cdbd05a8c624d0982805165a2d2cbde,7,15fd75f3177d44d89a19cba98f796e8b,17,l_mutation,wrong,b963f717ef3b714277b93cfdb5082f296046873443237e763278ce3b8e1e1658,5973,False,tool,tool;craft;work,False,25832,0.2,False,beyond,False,1,159
ea_llm_self_adaptive_api_1319_run3_20260722_231154.json,1319,0cdbd05a8c624d0982805165a2d2cbde,7,15fd75f3177d44d89a19cba98f796e8b,17,l_mutation,filler,a23e74e063c13fe335f3d7c8d7f53f2bf1a6a59d24a9d1d50a535bb4abe797bd,5957,False,travel,travel;migrate;route,False,8964,0.5,False,top500,False,1,144
ea_llm_self_adaptive_api_1319_run3_20260722_231154.json,1319,0cdbd05a8c624d0982805165a2d2cbde,7,15fd75f3177d44d89a19cba98f796e8b,17,l_mutation,absent,d044b685694bcea693f42895ff4471b2b996f600d0299c69200769f041a3c28b,5729,False,myth,myth;legend;epic,False,14567,0.2,False,beyond,False,2,167
ea_llm_self_adaptive_api_1319_run3_20260722_231154.json,1319,fc0048407db34f42a4f244c6818a2c77,8,42bbf81f044c495aac59646ec3869fa9,46,m_mutation,genuine,565f7c57e50d0a1fa599424a62d54cca63ed5e1a2e54e131c021c501734cee0b,6634,False,tentacle,tentacle;jet;ink,False,2103,0.6,False,top500,False,1,122
ea_llm_self_adaptive_api_1319_run3_20260722_231154.json,1319,fc0048407db34f42a4f244c6818a2c77,8,42bbf81f044c495aac59646ec3869fa9,46,m_mutation,wrong,f2008a6c9857fc86f2b51c457aae3f76c27957e80193572398b516d5a948bc03,6628,False,ink,ink;dye;stain,False,19901,0.3,False,top500,False,1,165
ea_llm_self_adaptive_api_1319_run3_20260722_231154.json,1319,fc0048407db34f42a4f244c6818a2c77,8,42bbf81f044c495aac59646ec3869fa9,46,m_mutation,filler,fff9256eda128598e70f925e21d7adf3fe0a12959a8463d4a82e4ab62bb64eca,6621,False,tentacle,tentacle;ink;grip,False,2103,0.3,False,top500,False,1,194
ea_llm_self_adaptive_api_1319_run3_20260722_231154.json,1319,fc0048407db34f42a4f244c6818a2c77,8,42bbf81f044c495aac59646ec3869fa9,46,m_mutation,absent,948f9fd7306687ba7d20aca8df3a4afc85dacc8b999849fc2c9a4669f8a77afb,6393,False,ink,ink;mimic;color,False,19901,0.4,False,top500,False,1,174
ea_llm_self_adaptive_api_1319_run3_20260722_231154.json,1319,09fa4994c62845a6939da8d9a036a8bc,9,541a64224508440e9da84e299433d788,2,l_mutation,genuine,3440494dfff0bf95d8f1dceddd23e9b308783708b7cd7c6f0ed914c07937bfff,6795,False,echo,echo;resonance;vibration,False,19778,0.2,False,beyond,False,1,189
ea_llm_self_adaptive_api_1319_run3_20260722_231154.json,1319,09fa4994c62845a6939da8d9a036a8bc,9,541a64224508440e9da84e299433d788,2,l_mutation,wrong,dd18a4bace690facb23a862dfd43e292d181b3bbfefdc41b4f67ffaf121a9c34,6703,False,technology,technology;engineering;design,False,68539,0.2,False,beyond,False,1,220
ea_llm_self_adaptive_api_1319_run3_20260722_231154.json,1319,09fa4994c62845a6939da8d9a036a8bc,9,541a64224508440e9da84e299433d788,2,l_mutation,filler,ac59084c97b527733d30a9fde17099af7e3ef47c8dcfeb545b327921f041c524,6819,False,shipwrecks,shipwrecks;relics;artifacts,False,349,0.2,False,beyond,False,1,193
ea_llm_self_adaptive_api_1319_run3_20260722_231154.json,1319,09fa4994c62845a6939da8d9a036a8bc,9,541a64224508440e9da84e299433d788,2,l_mutation,absent,b72f772f5aa02e8e351956192bc80818e25adaeb3cab455e0bf351e6b226bd49,6478,False,dance,dance;craft;celebration,False,9596,0.1,False,beyond,False,1,163
ea_llm_self_adaptive_api_1319_run3_20260722_231154.json,1319,d037e49597b441e389936ece7b87f6a6,10,15fd75f3177d44d89a19cba98f796e8b,17,s_mutation,genuine,27a65b56a0d0ed7af0556ef3f1ec0d08bb5b1a654b6f434666ba76f5e9dbb571,7152,False,rodent,rodent;placental;marsupial,False,654,0.6,False,top500,False,1,141
ea_llm_self_adaptive_api_1319_run3_20260722_231154.json,1319,d037e49597b441e389936ece7b87f6a6,10,15fd75f3177d44d89a19cba98f796e8b,17,s_mutation,wrong,a4f4384f99b553a1370a56df260ed69c6939e504b84fb26375967cca638e3164,7163,False,primate,primate;cetacean;ungulate,False,149,0.8,False,top100,False,1,116
ea_llm_self_adaptive_api_1319_run3_20260722_231154.json,1319,d037e49597b441e389936ece7b87f6a6,10,15fd75f3177d44d89a19cba98f796e8b,17,s_mutation,filler,db524b292c4357a8cac18d7cde42a8866dc93494b00b84e7d12a1368cd5b4347,7170,False,placental,placental;marsupial;ungulate,False,38992,0.7,False,top100,False,1,110
ea_llm_self_adaptive_api_1319_run3_20260722_231154.json,1319,d037e49597b441e389936ece7b87f6a6,10,15fd75f3177d44d89a19cba98f796e8b,17,s_mutation,absent,92cc73b46acf6838176af53c1501d931d78a279221cb860136338369e6203531,6942,False,canine,canine;feline;rodent,False,468,0.6,False,top500,False,1,131
ea_llm_self_adaptive_api_1319_run3_20260722_231154.json,1319,5b555dc41f9042b9946e21ba834643a9,11,d037e49597b441e389936ece7b87f6a6,38,m_mutation,genuine,960f6298e62075e5ca091f4cce497931aba81c4e053763ef5c5ced2f37a70cc5,7125,False,blubber,blubber;flipper;fin,False,37,0.5,False,top100,False,1,144
ea_llm_self_adaptive_api_1319_run3_20260722_231154.json,1319,5b555dc41f9042b9946e21ba834643a9,11,d037e49597b441e389936ece7b87f6a6,38,m_mutation,wrong,abed1afd334a521c9f8d95372c41622cda202bd8f79bd0ac7673aa09b6799216,7166,False,blubber,blubber;migration;swim,False,37,0.4,False,top100,False,1,179
ea_llm_self_adaptive_api_1319_run3_20260722_231154.json,1319,5b555dc41f9042b9946e21ba834643a9,11,d037e49597b441e389936ece7b87f6a6,38,m_mutation,filler,40a2ba6cba2bf142a810007b30254b140ca845ae643046305d0a2bda196abdfd,7116,False,migration,migration;route;path,False,1826,0.6,False,top500,False,1,126
ea_llm_self_adaptive_api_1319_run3_20260722_231154.json,1319,5b555dc41f9042b9946e21ba834643a9,11,d037e49597b441e389936ece7b87f6a6,38,m_mutation,absent,3206cd3ad0d177822e4afb61649a3d0993f35f613f62d9de1cc2b16b05f69810,6926,False,vocalizations,vocalizations;blubber;migration,False,652,0.5,False,top100,False,1,165
ea_llm_self_adaptive_api_1319_run3_20260722_231154.json,1319,526bcc6b6aee41ffbd2f3796ffb9fff7,3,5893a0ca77be4e8dbda5a6dfd69209f6,183,ml_mutation,genuine,3843382fb0981e29f09f0bf3bdad82637fe3e0c9b7ca8e1e1154f17d986ab79a,4285,False,shore,shore;beach;cliff,False,1297,0.6,False,top500,False,1,147
ea_llm_self_adaptive_api_1319_run3_20260722_231154.json,1319,526bcc6b6aee41ffbd2f3796ffb9fff7,3,5893a0ca77be4e8dbda5a6dfd69209f6,183,ml_mutation,wrong,694f1c8841a5faaec901df6c23fce75a83c016c281c90990611dcd3708f65331,4270,False,symbiosis,symbiosis;biodiversity;interactions,False,31351,0.6,False,top500,False,1,160
ea_llm_self_adaptive_api_1319_run3_20260722_231154.json,1319,526bcc6b6aee41ffbd2f3796ffb9fff7,3,5893a0ca77be4e8dbda5a6dfd69209f6,183,ml_mutation,filler,b00c3d1b970a6f5e4fb825599f550889e6253fa705235b076e70be1397570db1,4267,False,marine,marine;coastal;biodiversity,False,602,0.4,False,top500,False,1,125
ea_llm_self_adaptive_api_1319_run3_20260722_231154.json,1319,526bcc6b6aee41ffbd2f3796ffb9fff7,3,5893a0ca77be4e8dbda5a6dfd69209f6,183,ml_mutation,absent,fab887783667234d969def1fa37cd3f3dbd47d7b9243b99f6b9eb3a9d72b735e,4039,False,coastal,coastal;shore;tide,False,3649,0.6,False,top500,False,1,152
ea_llm_self_adaptive_api_1319_run3_20260722_231154.json,1319,5d82febaf5ad4c97a566912d26528057,4,15fd75f3177d44d89a19cba98f796e8b,17,l_mutation,genuine,a6d830aaab9fa519ad2f377fe5ccdf798e0925c484a760c35ea26fa9ece46dcf,4726,False,cognitive,cognitive;neurological;brain,False,61646,0.3,False,top500,False,1,150
ea_llm_self_adaptive_api_1319_run3_20260722_231154.json,1319,5d82febaf5ad4c97a566912d26528057,4,15fd75f3177d44d89a19cba98f796e8b,17,l_mutation,wrong,78f714c348b093542aa2e70714e3dbf720857f46875ebf2ec33dc44fe56538de,4737,False,behavior,behavior;learning;memory,False,16598,0.4,False,top500,False,1,139
ea_llm_self_adaptive_api_1319_run3_20260722_231154.json,1319,5d82febaf5ad4c97a566912d26528057,4,15fd75f3177d44d89a19cba98f796e8b,17,l_mutation,filler,a7beeefeb43e8d26bd076d5d4aed93a61ffbbe9fd3aadd7b6238f757f003aa24,4744,False,respiration,respiration;metabolism;excretion,False,37937,0.4,False,top500,False,1,124
ea_llm_self_adaptive_api_1319_run3_20260722_231154.json,1319,5d82febaf5ad4c97a566912d26528057,4,15fd75f3177d44d89a19cba98f796e8b,17,l_mutation,absent,636d44795dbd6f1e134271d7cec875b32cd4d1f056c0b05242e4efbbaad0222a,4516,False,culture,culture;tradition;ritual,False,25755,0.2,False,beyond,False,3,164
ea_llm_self_adaptive_api_1319_run3_20260722_231154.json,1319,53b51ee69ef44a689945076840f5894e,5,5f5a0d50ff4542fab7109190ebc39678,88,m_mutation,genuine,4b141b1df3956d5f0837e945c5e7bd427d6158de94b1285b775bd3873277dbc4,5096,False,gelatinous,gelatinous;translucent;bioluminescent,False,1045,0.5,False,top500,False,1,159
ea_llm_self_adaptive_api_1319_run3_20260722_231154.json,1319,53b51ee69ef44a689945076840f5894e,5,5f5a0d50ff4542fab7109190ebc39678,88,m_mutation,wrong,3fef55573be76bb2416807b879f6f2cec64faba504dd05c860c0c04b430a5ad5,5101,False,stinger,stinger;stingers;sting,False,2297,0.4,False,top500,False,1,182
ea_llm_self_adaptive_api_1319_run3_20260722_231154.json,1319,53b51ee69ef44a689945076840f5894e,5,5f5a0d50ff4542fab7109190ebc39678,88,m_mutation,filler,911ff969db6c448da9ca50d59822aea9dcad6165d2885900c6b35a7cd92da862,5088,False,gelatinous,gelatinous;translucent;float,False,1045,0.5,False,top500,False,1,131
ea_llm_self_adaptive_api_1319_run3_20260722_231154.json,1319,53b51ee69ef44a689945076840f5894e,5,5f5a0d50ff4542fab7109190ebc39678,88,m_mutation,absent,e972455e332a310f67383da0bd00796fced775bb28e77d7a3bfe0fbed70d0f18,4860,False,gel,gel;slime;mucus,False,27091,0.3,False,top500,False,1,92
ea_llm_self_adaptive_api_1319_run3_20260722_231154.json,1319,157559723b97418fab19b787ed0ec2b4,6,831ce348229a492088349ef8973e6673,8,l_mutation,genuine,6279b198ed84ade519fb0e9b5474a7cab718deec03ddc35a582595051e502547,5639,False,celestial,celestial;navigation;magnetic,False,19878,0.3,False,top500,False,1,181
ea_llm_self_adaptive_api_1319_run3_20260722_231154.json,1319,157559723b97418fab19b787ed0ec2b4,6,831ce348229a492088349ef8973e6673,8,l_mutation,wrong,867e3616934445fdcc2019602bdbe3db26b2437552aab640968451171bd3831a,5600,False,navigation,navigation;rescue;logistics,False,64150,0.3,False,beyond,False,1,173
ea_llm_self_adaptive_api_1319_run3_20260722_231154.json,1319,157559723b97418fab19b787ed0ec2b4,6,831ce348229a492088349ef8973e6673,8,l_mutation,filler,dee1b144a706d08d5be52feb70459efd146748f7e2eb3eb8913766d8a63e9f49,5636,False,magnetic,magnetic;pole;compass,False,22739,0.3,False,top500,False,1,128
ea_llm_self_adaptive_api_1319_run3_20260722_231154.json,1319,157559723b97418fab19b787ed0ec2b4,6,831ce348229a492088349ef8973e6673,8,l_mutation,absent,4909081a5bef7608fc1506386dd303b364b3b42242cce66571db2510b33efb84,5371,False,survival,survival;endurance;isolation,False,14109,0.3,False,top500,False,1,165
ea_llm_self_adaptive_api_1319_run3_20260722_231154.json,1319,98d3997477664e29a5f8a9ffd87fb4a4,7,157559723b97418fab19b787ed0ec2b4,23,l_mutation,genuine,c9e852ed3e4519729a0768cc2c998ea388b9ec2f8f5ae1cb6ae278bade899568,6210,False,navigation,navigation;current;float,False,64150,0.6,False,top100,False,2,198
ea_llm_self_adaptive_api_1319_run3_20260722_231154.json,1319,98d3997477664e29a5f8a9ffd87fb4a4,7,157559723b97418fab19b787ed0ec2b4,23,l_mutation,wrong,3b99a1d627337e9642834166039df250ea2e42cc3b4f2cde3d5ecc784ece3f9f,6110,False,refraction,refraction;glint;diffraction,False,48724,0.4,False,top500,False,1,128
ea_llm_self_adaptive_api_1319_run3_20260722_231154.json,1319,98d3997477664e29a5f8a9ffd87fb4a4,7,157559723b97418fab19b787ed0ec2b4,23,l_mutation,filler,cd04638aaafc84c40789d378ba187d0efde2f297c27a5b92b84b8925619b5256,6229,False,navigation,navigation;survey;route,False,64150,0.3,False,top500,False,2,214
ea_llm_self_adaptive_api_1319_run3_20260722_231154.json,1319,98d3997477664e29a5f8a9ffd87fb4a4,7,157559723b97418fab19b787ed0ec2b4,23,l_mutation,absent,496213a3b13a8304cd45b6cc6eb9c7ad1a286e63752de0dda2d92380ccda85d0,5888,False,route,route;compass;map,False,65076,0.3,False,top500,False,1,122
ea_llm_self_adaptive_api_1319_run3_20260722_231154.json,1319,aa5155df89ff4100aaef4f942c9e59f2,8,15fd75f3177d44d89a19cba98f796e8b,17,ml_mutation,genuine,ad14dd25d6fe52a62932c16e7caa9c2002015181de07e2519bb39ebde39eb48a,6406,False,trait,trait;feature;characteristic,False,26482,0.6,False,top100,False,2,128
ea_llm_self_adaptive_api_1319_run3_20260722_231154.json,1319,aa5155df89ff4100aaef4f942c9e59f2,8,15fd75f3177d44d89a19cba98f796e8b,17,ml_mutation,wrong,ddc26ac9d90a93f384994df23a30d6c58caa884f2294e1968add41049f4bf7d8,6433,False,trait,trait;feature;attribute,False,26482,0.4,False,top500,False,2,145
ea_llm_self_adaptive_api_1319_run3_20260722_231154.json,1319,aa5155df89ff4100aaef4f942c9e59f2,8,15fd75f3177d44d89a19cba98f796e8b,17,ml_mutation,filler,c61d59a62315f2ddcc0a947b4b7d18f6c62ee6b6b07379da5686127429cb9c31,6424,False,furry,furry;hiss;scurry,False,1044,0.5,False,top500,False,1,230
ea_llm_self_adaptive_api_1319_run3_20260722_231154.json,1319,aa5155df89ff4100aaef4f942c9e59f2,8,15fd75f3177d44d89a19cba98f796e8b,17,ml_mutation,absent,a1b1dff1608229dd1fb301f3317443f94a8bd5d6b09d052c815f1e223266628f,6196,False,order,order;family;genus,False,41885,0.4,False,top500,False,3,156
ea_llm_self_adaptive_api_1319_run3_20260722_231154.json,1319,6884af1b3f0349098f2a45176b7c80f8,9,15fd75f3177d44d89a19cba98f796e8b,17,l_mutation,genuine,e9dd0a17d989c91bb37d4c9000c90ecebd7e5b5125cd83cccf0c3fcde86bc14a,6724,False,tool,tool;machine;device,False,25832,0.1,False,beyond,False,1,129
ea_llm_self_adaptive_api_1319_run3_20260722_231154.json,1319,6884af1b3f0349098f2a45176b7c80f8,9,15fd75f3177d44d89a19cba98f796e8b,17,l_mutation,wrong,9f0c6bb7e4495c0ba8db658c8780c5bf3f65761b5977673dce30e6b4f4c56c3a,6758,False,sound,sound;noise;echo,False,4543,0.2,False,beyond,False,1,163
ea_llm_self_adaptive_api_1319_run3_20260722_231154.json,1319,6884af1b3f0349098f2a45176b7c80f8,9,15fd75f3177d44d89a19cba98f796e8b,17,l_mutation,filler,94cb708ed0d2f13db4fceba22bcf3e114b170d885748f750e90b05629a24f972,6742,False,city,city;urban;town,False,58637,0.2,False,beyond,False,1,143
ea_llm_self_adaptive_api_1319_run3_20260722_231154.json,1319,6884af1b3f0349098f2a45176b7c80f8,9,15fd75f3177d44d89a19cba98f796e8b,17,l_mutation,absent,1a0d376f6e258f301e7a6c4aa72836b721f52b3859d5ad666329aa830ed486bc,6514,False,tool,tool;instrument;device,False,25832,0.1,False,beyond,False,2,170
ea_llm_self_adaptive_api_1319_run3_20260722_231154.json,1319,6933bb10062e49f8afa444fcca106495,10,831ce348229a492088349ef8973e6673,8,ml_mutation,genuine,8b92bcfe9ff1daa53c0ae73881853d1775486bd069ca568893c5106d3b78dddb,7213,False,equator,equator;pole;latitude,False,10916,0.2,False,top100,False,1,130
ea_llm_self_adaptive_api_1319_run3_20260722_231154.json,1319,6933bb10062e49f8afa444fcca106495,10,831ce348229a492088349ef8973e6673,8,ml_mutation,wrong,79e8be3adb2d39f9fd30d84270b93ea1215854ff039b556111fa7cd82b3db2d8,7180,False,tropical,tropical;temperate;equatorial,False,4879,0.7,False,top100,False,1,172
ea_llm_self_adaptive_api_1319_run3_20260722_231154.json,1319,6933bb10062e49f8afa444fcca106495,10,831ce348229a492088349ef8973e6673,8,ml_mutation,filler,758b67f389a779d667a4e87bc8d54edbf9e44c09e26f01fb40e1c9d81167f7c7,7210,False,continent,continent;ocean;island,False,2447,0.2,False,beyond,False,1,165
ea_llm_self_adaptive_api_1319_run3_20260722_231154.json,1319,6933bb10062e49f8afa444fcca106495,10,831ce348229a492088349ef8973e6673,8,ml_mutation,absent,42b1a102375e0e3a5dd30847d1c88edf40c8f068db1b722ffbc5a60475a77b9c,6945,False,pole,pole;tropic;equator,False,19471,0.6,False,top100,False,1,148
ea_llm_self_adaptive_api_1319_run3_20260722_231154.json,1319,42c2c4e315bf471fa9b11e89cf62d818,11,15fd75f3177d44d89a19cba98f796e8b,3,m_mutation,genuine,72d5f9a83048094f47112866d06fdc85817a960564eec441e0a09c7399f4536b,7488,False,claw,claw;play;fur,False,507,0.6,False,top100,False,1,141
ea_llm_self_adaptive_api_1319_run3_20260722_231154.json,1319,42c2c4e315bf471fa9b11e89cf62d818,11,15fd75f3177d44d89a19cba98f796e8b,3,m_mutation,wrong,55f942c0b7df43d15cbe36297e2f1e80c7eb99236c9f10b4c078640960574d27,7505,False,fur,fur;stream;tool,False,323,0.3,False,top500,False,1,132
ea_llm_self_adaptive_api_1319_run3_20260722_231154.json,1319,42c2c4e315bf471fa9b11e89cf62d818,11,15fd75f3177d44d89a19cba98f796e8b,3,m_mutation,filler,f9bc2fac118cfda652f930444a30f2f502dc999f6efa28ba3e5969dea9e9beea,7506,False,tool,tool;forage;crack,False,25832,0.5,False,top500,False,1,137
ea_llm_self_adaptive_api_1319_run3_20260722_231154.json,1319,42c2c4e315bf471fa9b11e89cf62d818,11,15fd75f3177d44d89a19cba98f796e8b,3,m_mutation,absent,084c197533198da52c5fdc18b84f210be416c8fca82502f9f85d82775e8482a1,7278,False,fur,fur;webbed;paddle,False,323,0.7,False,top500,False,1,199
ea_llm_self_adaptive_api_1319_run3_20260722_231154.json,1319,54a7ce903e26467780ffb7f646cf2940,4,6147cb9bc2b741b99c213b868ec9c1d6,187,s_mutation,genuine,ecdcaf398439d93caba538cf62741b091aaa8fead3732a8e359fdbef2711fa16,4601,False,snail,snail;limpet;periwinkle,False,203,0.35,False,top500,False,1,133
ea_llm_self_adaptive_api_1319_run3_20260722_231154.json,1319,54a7ce903e26467780ffb7f646cf2940,4,6147cb9bc2b741b99c213b868ec9c1d6,187,s_mutation,wrong,61775e48bf30305fb9e19215be9833cde5d7890414f71aae1fbf6c59beb55f80,4586,False,oyster,oyster;bivalve;mussel,False,315,0.3,False,top500,False,1,205
ea_llm_self_adaptive_api_1319_run3_20260722_231154.json,1319,54a7ce903e26467780ffb7f646cf2940,4,6147cb9bc2b741b99c213b868ec9c1d6,187,s_mutation,filler,1b7b3a943098c5d8742f2eeead362c10d87cf8de7ce82dee439a4f0a080721e7,4594,False,periwinkle,periwinkle;oyster;mussel,False,3702,0.4,False,top500,False,1,270
ea_llm_self_adaptive_api_1319_run3_20260722_231154.json,1319,54a7ce903e26467780ffb7f646cf2940,4,6147cb9bc2b741b99c213b868ec9c1d6,187,s_mutation,absent,f1ec9a941a50a64dbff019a9d780ef31210a9c809c87fe614d0d04b7b8f23808,4366,False,bivalve,bivalve;mollusk;snail,False,447,0.5,False,top500,False,1,220
ea_llm_self_adaptive_api_1319_run4_20260723_015115.json,1319,f93c3338f4cd47c1b5080652091638fb,2,0b2e1085df034ae2ae54f23ff3d61f1a,488,s_mutation,genuine,630b3e07cc4ecbf256ee369a6c6d24e84763b8f6a68bc1df77b6009ba9655c94,3577,False,inlet,inlet;cove;cape,False,3572,0.5,False,top500,False,1,132
ea_llm_self_adaptive_api_1319_run4_20260723_015115.json,1319,f93c3338f4cd47c1b5080652091638fb,2,0b2e1085df034ae2ae54f23ff3d61f1a,488,s_mutation,wrong,0cdb856975c87269901d36216e4d6dd089810de6724362ff3c9d0b9fffbc3bd8,3575,False,inlet,inlet;harbor;mouth,False,3572,0.6,False,top500,False,1,143
ea_llm_self_adaptive_api_1319_run4_20260723_015115.json,1319,f93c3338f4cd47c1b5080652091638fb,2,0b2e1085df034ae2ae54f23ff3d61f1a,488,s_mutation,filler,6025737300f14b69cd28bf6936c9883624575647af6b2bedd3c14e8731f082b5,3565,False,cove,cove;cliff;headland,False,5411,0.3,False,top500,False,1,113
ea_llm_self_adaptive_api_1319_run4_20260723_015115.json,1319,f93c3338f4cd47c1b5080652091638fb,2,0b2e1085df034ae2ae54f23ff3d61f1a,488,s_mutation,absent,5a740309efe55fcbef2fddda459f40e28970b0866d171b238692669d0070a33b,3337,False,cliff,cliff;cove;inlet,False,4137,0.7,False,top500,False,1,122
ea_llm_self_adaptive_api_1319_run4_20260723_015115.json,1319,dfff7ef8d3c9416490fda9f83c957b1a,3,05f33740e9c0443696e4883ddfedc249,16,ml_mutation,genuine,0b5604e5d3295c28cb51bc1e3582bbee6c0393ea16df0ada24e9c25fbadfaeb2,3988,False,marine,marine;tidal;oceanic,False,602,0.3,False,top500,False,2,185
ea_llm_self_adaptive_api_1319_run4_20260723_015115.json,1319,dfff7ef8d3c9416490fda9f83c957b1a,3,05f33740e9c0443696e4883ddfedc249,16,ml_mutation,wrong,b3ff75f571b011c05e8f5b7ef0861e2042e3f2afec5037e3bde1fc3d46cc2307,3972,False,cliff,cliff;dune;mound,False,4137,0.4,False,top500,False,1,153
ea_llm_self_adaptive_api_1319_run4_20260723_015115.json,1319,dfff7ef8d3c9416490fda9f83c957b1a,3,05f33740e9c0443696e4883ddfedc249,16,ml_mutation,filler,243c8935513b641fbf3fb496493f5276e66f9cc0bc12f3465925f213b62dffc8,3985,False,dune,dune;reef;mangrove,False,1443,0.7,False,top100,False,1,191
ea_llm_self_adaptive_api_1319_run4_20260723_015115.json,1319,dfff7ef8d3c9416490fda9f83c957b1a,3,05f33740e9c0443696e4883ddfedc249,16,ml_mutation,absent,5257c5dbec38d02f67816d358aa05a15df3fd36109ab9e09248643e1c65eb079,3720,False,dune,dune;mound;ridge,False,1443,0.8,False,top100,False,1,142
ea_llm_self_adaptive_api_1319_run4_20260723_015115.json,1319,1e111af5da114f5d99fdb18486ca5abe,3,6cc4744b49d441dea235b87d7ba628ef,66,m_mutation,genuine,6820fa505ea05bbf8d1cf2a7a879c5b8ad71a2978dba077b3fa333a7d52cc5aa,3965,False,tide,tide;depth;horizon,False,2060,0.6,False,top500,False,1,162
ea_llm_self_adaptive_api_1319_run4_20260723_015115.json,1319,1e111af5da114f5d99fdb18486ca5abe,3,6cc4744b49d441dea235b87d7ba628ef,66,m_mutation,wrong,0d2307bbfc4e60f2b87d3cd77432c04450af4133a939d10dc925f7b9ace1f39b,3953,False,salt,salt;silt;brine,False,2206,0.4,False,top500,False,1,179
ea_llm_self_adaptive_api_1319_run4_20260723_015115.json,1319,1e111af5da114f5d99fdb18486ca5abe,3,6cc4744b49d441dea235b87d7ba628ef,66,m_mutation,filler,57fff276ec128e9d169998c64f71a4c0ff581cec6e9bf993a4f34b8cacecd8c5,3980,False,depth,depth;salt;silt,False,45043,0.3,False,top500,False,1,221
ea_llm_self_adaptive_api_1319_run4_20260723_015115.json,1319,1e111af5da114f5d99fdb18486ca5abe,3,6cc4744b49d441dea235b87d7ba628ef,66,m_mutation,absent,35ffc4aac9e3ed79474927ae9ba85a5a07da4fb7384750b89a614be0113e66c1,3715,False,horizon,horizon;surge;moor,False,36340,0.4,False,top500,False,1,129
ea_llm_self_adaptive_api_1319_run4_20260723_015115.json,1319,0cd080a6c4294efc944c898949ece333,4,05f33740e9c0443696e4883ddfedc249,16,m_mutation,genuine,46bf1b2381a4318c237f5a7bdc9a75b278948e0e1bf8205b48bcaec21172b57e,4464,False,grain,grain;shell;sandy,False,17275,0.4,False,top500,False,1,125
ea_llm_self_adaptive_api_1319_run4_20260723_015115.json,1319,0cd080a6c4294efc944c898949ece333,4,05f33740e9c0443696e4883ddfedc249,16,m_mutation,wrong,c9cf886429045e0e7b2485b5f424ce70a75e2ea32ec5c4fdd213f633b4b0bd5c,4432,False,crab,crab;shark;turtle,False,78,0.4,False,top500,False,1,143
ea_llm_self_adaptive_api_1319_run4_20260723_015115.json,1319,0cd080a6c4294efc944c898949ece333,4,05f33740e9c0443696e4883ddfedc249,16,m_mutation,filler,7776501f5db27e324da857ce65e1218057bd69461c4a47f2269e9545ed2d6990,4461,False,umbrella,umbrella;flipflop;sunscreen,False,17611,0.6,False,top500,False,1,204
ea_llm_self_adaptive_api_1319_run4_20260723_015115.json,1319,0cd080a6c4294efc944c898949ece333,4,05f33740e9c0443696e4883ddfedc249,16,m_mutation,absent,5e0abe4571d7a222cb4e756e65e9b63eca13a62aa06396e3de9b6174b6a38f7a,4196,False,swimmer,swimmer;sunscreen;deck,False,638,0.3,False,top500,False,1,170
ea_llm_self_adaptive_api_1319_run4_20260723_015115.json,1319,aaa86bfb472e4f058451b484fcf225de,4,6cc4744b49d441dea235b87d7ba628ef,66,ml_mutation,genuine,234a298967994a8843ad7af888b97604daaf65bd317efe5db2622d1abd4a27dc,4325,False,lake,lake;gulf;strait,False,6565,0.5,False,top500,False,1,109
ea_llm_self_adaptive_api_1319_run4_20260723_015115.json,1319,aaa86bfb472e4f058451b484fcf225de,4,6cc4744b49d441dea235b87d7ba628ef,66,ml_mutation,wrong,4399d1717ecb8c866a1e65814e6fa18ed080dcba4014fd1cbc3c67256b7f38aa,4306,False,plain,plain;rift;basin,False,7270,0.3,False,beyond,False,1,186
ea_llm_self_adaptive_api_1319_run4_20260723_015115.json,1319,aaa86bfb472e4f058451b484fcf225de,4,6cc4744b49d441dea235b87d7ba628ef,66,ml_mutation,filler,c8c4f843912326cbd2236d30ea4814cc5c0d635a6cf84569c38fef49e536b163,4340,False,ship,ship;boat;raft,False,2740,0.3,False,beyond,False,1,167
ea_llm_self_adaptive_api_1319_run4_20260723_015115.json,1319,aaa86bfb472e4f058451b484fcf225de,4,6cc4744b49d441dea235b87d7ba628ef,66,ml_mutation,absent,1117482feaaff8543e5378e03c8f7206624d59d182fb6ab4d68b5548d8ec1775,4075,False,depth,depth;temperature;salinity,False,45043,0.4,False,top500,False,1,150
ea_llm_self_adaptive_api_1319_run4_20260723_015115.json,1319,ae8f96cde96144319bf30fad184def73,5,6cc4744b49d441dea235b87d7ba628ef,66,m_mutation,genuine,6b79dc3913affc7c331a78b11bd81a14dba2c09ea7ef1d4abcb0f786021a90c8,4661,False,surface,surface;ripple;foam,False,5117,0.4,False,top500,False,1,172
ea_llm_self_adaptive_api_1319_run4_20260723_015115.json,1319,ae8f96cde96144319bf30fad184def73,5,6cc4744b49d441dea235b87d7ba628ef,66,m_mutation,wrong,f114119596f6804f8a3bd058fb062d46b207d6399b39c4ad5e9b6ee5dc2df822,4649,False,salt,salt;depth;slope,False,2206,0.4,False,top500,False,1,142
ea_llm_self_adaptive_api_1319_run4_20260723_015115.json,1319,ae8f96cde96144319bf30fad184def73,5,6cc4744b49d441dea235b87d7ba628ef,66,m_mutation,filler,21f224be6a725ed4fa95936ea2bea2c141a01923aa3719e7c1e9ed7999ee9002,4676,False,fish,fish;salt;harvest,False,138,0.6,False,top100,False,1,162
ea_llm_self_adaptive_api_1319_run4_20260723_015115.json,1319,ae8f96cde96144319bf30fad184def73,5,6cc4744b49d441dea235b87d7ba628ef,66,m_mutation,absent,b55f81239d829599009e3e90fd910bffe45c810a9624d3ac8af17dcf8b00f49c,4411,False,swell,swell;fish;sail,False,1842,0.6,False,top500,False,1,212
ea_llm_self_adaptive_api_1319_run4_20260723_015115.json,1319,4bcbb487a31245a88ec4cfe3c15468fc,5,9f0a4f08cc384e1aa70c08c7d29bdac3,305,l_mutation,genuine,931ed4bf03674f68223dae7c51745ee3b25aa255cd35d54038b22e3d3d456882,4951,False,cool,cool;chill;freezer,False,8563,0.3,False,top500,False,1,170
ea_llm_self_adaptive_api_1319_run4_20260723_015115.json,1319,4bcbb487a31245a88ec4cfe3c15468fc,5,9f0a4f08cc384e1aa70c08c7d29bdac3,305,l_mutation,wrong,5a74a410b7533dd3c7133fea052b2b3c836c28de9bc882dd66ca3766f8cf4d35,4879,False,freeze,freeze;chill;melting,False,5985,0.4,False,top500,False,1,151
ea_llm_self_adaptive_api_1319_run4_20260723_015115.json,1319,4bcbb487a31245a88ec4cfe3c15468fc,5,9f0a4f08cc384e1aa70c08c7d29bdac3,305,l_mutation,filler,d9c74a5ec7cf1326f79bc0f34462244d7d21738da68f36dc9bf8d4ddf83cfd6d,4918,False,solid,solid;liquid;gas,False,7389,0.3,False,top500,False,1,183
ea_llm_self_adaptive_api_1319_run4_20260723_015115.json,1319,4bcbb487a31245a88ec4cfe3c15468fc,5,9f0a4f08cc384e1aa70c08c7d29bdac3,305,l_mutation,absent,c0648aba6235c1f4d0b394c35e77f85cfcde542e1164dec8c695aee766ba2141,4653,False,freeze,freeze;chill;cold,False,5985,0.6,False,top500,False,1,150
ea_llm_self_adaptive_api_1319_run4_20260723_015115.json,1319,0a558a9967254a39b9379e2d0c9ec432,6,6cc4744b49d441dea235b87d7ba628ef,66,l_mutation,genuine,64a603a8611be6467ff7c28700f402944d2d565ad1f21212fc7862c05cc59555,5135,False,fishing,fishing;trade;shipbuilding,False,138,0.35,False,top500,False,1,184
ea_llm_self_adaptive_api_1319_run4_20260723_015115.json,1319,0a558a9967254a39b9379e2d0c9ec432,6,6cc4744b49d441dea235b87d7ba628ef,66,l_mutation,wrong,b05ede8b829b0a0324892eaa0106c7dc085c758469f36213baf1428917cb7503,5107,False,travel,travel;route;movement,False,8964,0.3,False,top500,False,2,171
ea_llm_self_adaptive_api_1319_run4_20260723_015115.json,1319,0a558a9967254a39b9379e2d0c9ec432,6,6cc4744b49d441dea235b87d7ba628ef,66,l_mutation,filler,c33f8fa9db1989a13fcbbe676ae3f28c4709a587dbc44862b3e85bc81c9a0ab7,5150,False,route,route;freight;convey,False,65076,0.4,False,top500,False,1,182
ea_llm_self_adaptive_api_1319_run4_20260723_015115.json,1319,0a558a9967254a39b9379e2d0c9ec432,6,6cc4744b49d441dea235b87d7ba628ef,66,l_mutation,absent,349c7f469ef491fb214d0202248e975b43199b0e3d7f076d5081884b305d0c1b,4885,False,journey,journey;travel;voyage,False,29730,0.3,False,top500,False,1,158
ea_llm_self_adaptive_api_1319_run4_20260723_015115.json,1319,2d18273ca06241828117283bc21b46e9,6,32b7ec9f91ad427f86f3f76a35bfdb9d,183,ml_mutation,genuine,b09edbc513346c667bc49337a01a3f80f7e410c5a0a4cb8ef62fc1d875d614a0,4958,False,cave,cave;arch;shelf,False,4263,0.4,False,top500,False,1,127
ea_llm_self_adaptive_api_1319_run4_20260723_015115.json,1319,2d18273ca06241828117283bc21b46e9,6,32b7ec9f91ad427f86f3f76a35bfdb9d,183,ml_mutation,wrong,72d044ede7b0c2baa1a788744ef63b0d4b67c478e2fc261c392d367468cc9387,4964,False,cave,cave;mound;spire,False,4263,0.4,False,top500,False,1,233
ea_llm_self_adaptive_api_1319_run4_20260723_015115.json,1319,2d18273ca06241828117283bc21b46e9,6,32b7ec9f91ad427f86f3f76a35bfdb9d,183,ml_mutation,filler,926cf81917fdf4055f4347639596dcb7508836960da9cb04d1921e32a0e3aadd,4939,False,ecology,ecology;habitat;biome,False,4180,0.3,False,beyond,False,1,125
ea_llm_self_adaptive_api_1319_run4_20260723_015115.json,1319,2d18273ca06241828117283bc21b46e9,6,32b7ec9f91ad427f86f3f76a35bfdb9d,183,ml_mutation,absent,c8f61d9cd6543b00b7274f2a5946322a730eb17a0806ba91650ab6a412ece30c,4749,False,fish,fish;oyster;anemone,False,138,0.3,False,beyond,False,1,145
ea_llm_self_adaptive_api_1319_run4_20260723_015115.json,1319,5458254e0f594c6b97fe217d77c714c1,7,6cc4744b49d441dea235b87d7ba628ef,66,ml_mutation,genuine,935eb69fd63177039c3cd52095ed8535cd81a7f320e303010e0b32acecc9d5fd,5287,False,salty,salty;briny;watery,False,576,0.2,False,beyond,False,1,120
ea_llm_self_adaptive_api_1319_run4_20260723_015115.json,1319,5458254e0f594c6b97fe217d77c714c1,7,6cc4744b49d441dea235b87d7ba628ef,66,ml_mutation,wrong,b4ccc394df09600ff92274bf71dedca56eb10a62fd34801f761b47f41a19e567,5275,False,butte,butte;spur;hill,False,50499,0.2,False,beyond,False,1,152
ea_llm_self_adaptive_api_1319_run4_20260723_015115.json,1319,5458254e0f594c6b97fe217d77c714c1,7,6cc4744b49d441dea235b87d7ba628ef,66,ml_mutation,filler,7294a8540e0c32fabfedbd85f3aafb35365ff006d948529dfacab25555f03d7c,5302,False,lake,lake;pond;reservoir,False,6565,0.3,False,top500,False,1,168
ea_llm_self_adaptive_api_1319_run4_20260723_015115.json,1319,5458254e0f594c6b97fe217d77c714c1,7,6cc4744b49d441dea235b87d7ba628ef,66,ml_mutation,absent,122cdaa29245a0bc0e450127541bb8f7cd5981f39f0da1f335fa54c2c630f7cd,5037,False,tide,tide;depth;silt,False,2060,0.7,False,top100,False,1,181
ea_llm_self_adaptive_api_1319_run4_20260723_015115.json,1319,5b3da03cb1e64508a6653512b71c80f0,7,09687ee8a2bf4a83ae62022858fd4241,76,l_mutation,genuine,09b924d18efd57def47a6a2c759c364e1d1a964df45deb77c2d3897e05ed42ae,5431,False,aircraft,aircraft;plane;jet,False,26788,0.3,False,beyond,False,1,159
ea_llm_self_adaptive_api_1319_run4_20260723_015115.json,1319,5b3da03cb1e64508a6653512b71c80f0,7,09687ee8a2bf4a83ae62022858fd4241,76,l_mutation,wrong,a7972d9916d0a057ddb4ec2dae932c7c447c7f945de369b23f5e7684e3b6e038,5434,False,call,call;cry;song,False,20838,0.3,False,beyond,False,1,167
ea_llm_self_adaptive_api_1319_run4_20260723_015115.json,1319,5b3da03cb1e64508a6653512b71c80f0,7,09687ee8a2bf4a83ae62022858fd4241,76,l_mutation,filler,0048208e25a1a42b344d92a42556f470a2faf6b1d7541552f4148b2e21508b8e,5427,False,flight,flight;soar;hover,False,40138,0.3,False,top500,False,1,195
ea_llm_self_adaptive_api_1319_run4_20260723_015115.json,1319,5b3da03cb1e64508a6653512b71c80f0,7,09687ee8a2bf4a83ae62022858fd4241,76,l_mutation,absent,50e5cf46f7afee95a02e303048cbfab169ef032423067a71b69ec0da4c89752f,5199,False,fly,fly;air;aircraft,False,6407,0.4,False,top500,False,2,160
ea_llm_self_adaptive_api_1319_run4_20260723_015115.json,1319,0f848d81620b42dc86fe2313221b72ea,7,0a558a9967254a39b9379e2d0c9ec432,138,s_mutation,genuine,78182ec8bbad42e6a5cccedd6141fb48caae6ecbca1ed8537357b66401f8e500,5261,False,angling,angling;trawling;casting,False,7898,0.7,False,top500,False,1,104
ea_llm_self_adaptive_api_1319_run4_20260723_015115.json,1319,0f848d81620b42dc86fe2313221b72ea,7,0a558a9967254a39b9379e2d0c9ec432,138,s_mutation,wrong,de816ed951469f67f0ecd8d8411b42e1b4a9ca2d489d46101aa1ddcaf70dbf7a,5218,False,angling,angling;netting;trawling,False,7898,0.6,False,top500,False,1,163
ea_llm_self_adaptive_api_1319_run4_20260723_015115.json,1319,0f848d81620b42dc86fe2313221b72ea,7,0a558a9967254a39b9379e2d0c9ec432,138,s_mutation,filler,85975040123dc0c5dfe064c8555c5b2321df4c0f742f29180e95774f94b4eeeb,5261,False,angling,angling;trawling;netting,False,7898,0.4,False,top500,False,1,143
ea_llm_self_adaptive_api_1319_run4_20260723_015115.json,1319,0f848d81620b42dc86fe2313221b72ea,7,0a558a9967254a39b9379e2d0c9ec432,138,s_mutation,absent,847ae57310c1f488358c9199c6b540df1ecf63c277180dcce89b342b250be191,4996,False,angling,angling;trawling;dredging,False,7898,0.7,False,top500,False,1,129
ea_llm_self_adaptive_api_1319_run4_20260723_015115.json,1319,e1f69f1cb66e47aeb8aaaf92841a2844,8,4ccc387be58942adbab8a3bb6dfe605d,23,m_mutation,genuine,93eee57711ba92120aa3c088d1329f1afb275fd5ce31c701d28edbc45b61da7d,5452,False,hazard,hazard;obstacle;danger,False,39465,0.3,False,beyond,False,1,107
ea_llm_self_adaptive_api_1319_run4_20260723_015115.json,1319,e1f69f1cb66e47aeb8aaaf92841a2844,8,4ccc387be58942adbab8a3bb6dfe605d,23,m_mutation,wrong,a2c0124681aeb653132ae6ae37c474b9454b92f038f1bd2d58803a44cffed513,5478,False,submerged,submerged;hidden;tip,False,3086,0.4,False,top500,False,1,147
ea_llm_self_adaptive_api_1319_run4_20260723_015115.json,1319,e1f69f1cb66e47aeb8aaaf92841a2844,8,4ccc387be58942adbab8a3bb6dfe605d,23,m_mutation,filler,1440f6d352be1190367b21b2c3da1b43a2a797ca9728de45db46399349c3f563,5464,False,tip,tip;hidden;submerged,False,18328,0.7,False,top500,False,1,114
ea_llm_self_adaptive_api_1319_run4_20260723_015115.json,1319,e1f69f1cb66e47aeb8aaaf92841a2844,8,4ccc387be58942adbab8a3bb6dfe605d,23,m_mutation,absent,a0248540b40486ab45bd2475f43b0f765849429af01c2d9f1e8b040c63b93f30,5236,False,submerged,submerged;tip;mass,False,3086,0.6,False,top500,False,1,179
ea_llm_self_adaptive_api_1319_run4_20260723_015115.json,1319,f98f4715e4414ad1825f047fd01d3e53,8,6cc4744b49d441dea235b87d7ba628ef,66,ml_mutation,genuine,05ba66cc56fe8be738d8cacc5a2571ece07bc23168cd524a6a328778ae00ad3b,5655,False,saline,saline;deep;shallow,False,31647,0.4,False,top500,False,1,155
ea_llm_self_adaptive_api_1319_run4_20260723_015115.json,1319,f98f4715e4414ad1825f047fd01d3e53,8,6cc4744b49d441dea235b87d7ba628ef,66,ml_mutation,wrong,94ea951cdd304a757bcd86319fdcd018521e149438d7bbde0e2dad461cacd6f7,5620,False,ocean,ocean;tide;sand,False,275,0.6,False,top100,False,1,133
ea_llm_self_adaptive_api_1319_run4_20260723_015115.json,1319,f98f4715e4414ad1825f047fd01d3e53,8,6cc4744b49d441dea235b87d7ba628ef,66,ml_mutation,filler,c473460907ed5b5fd782fd12e91f2b1d41336aae4e24af5c32375e19c3d939be,5670,False,glacier,glacier;iceberg;tundra,False,51,0.6,False,top500,False,1,207
ea_llm_self_adaptive_api_1319_run4_20260723_015115.json,1319,f98f4715e4414ad1825f047fd01d3e53,8,6cc4744b49d441dea235b87d7ba628ef,66,ml_mutation,absent,c4e4f48972c0149809b5a472eec97ac402063e2c3002bf04d1328c9d80783b7e,5405,False,tide,tide;erosion;deposition,False,2060,0.4,False,top500,False,1,136
ea_llm_self_adaptive_api_1319_run4_20260723_015115.json,1319,eec5ebbee25d4d5d8db2ceb5a22ea10c,8,09687ee8a2bf4a83ae62022858fd4241,76,s_mutation,genuine,afac20c294e5bea4765fdb27ee945f52b6e54bbff4c8e6f05cfa4b6b78c538c3,5422,False,avocet,avocet;snipe;curlew,False,753,0.4,False,top500,False,1,116
ea_llm_self_adaptive_api_1319_run4_20260723_015115.json,1319,eec5ebbee25d4d5d8db2ceb5a22ea10c,8,09687ee8a2bf4a83ae62022858fd4241,76,s_mutation,wrong,e4b992714949bf5cba08a04b1906e4e9d39888072b08116ae83721ef5e8a6532,5419,False,cormorant,cormorant;skua;albatross,False,73,0.6,False,top500,False,1,114
ea_llm_self_adaptive_api_1319_run4_20260723_015115.json,1319,eec5ebbee25d4d5d8db2ceb5a22ea10c,8,09687ee8a2bf4a83ae62022858fd4241,76,s_mutation,filler,f00a4eeffd0e9f7ad014833fe475ffabf9971bd46eef5a9093ec7fba83a4526d,5418,False,seagull,seagull;skua;shag,False,94,0.5,False,top500,False,1,116
ea_llm_self_adaptive_api_1319_run4_20260723_015115.json,1319,eec5ebbee25d4d5d8db2ceb5a22ea10c,8,09687ee8a2bf4a83ae62022858fd4241,76,s_mutation,absent,d3d5090388096f2d188e491c1f46a43dd9bc6653cf3b6e212e4d7b9fb50db988,5190,False,skua,skua;petrel;shag,False,156,0.35,False,top500,False,1,159
ea_llm_self_adaptive_api_1319_run4_20260723_015115.json,1319,24f545890b244e9bacb8e23ea2de933e,9,eec5ebbee25d4d5d8db2ceb5a22ea10c,6,l_mutation,genuine,1601b591b5c2d3ce7d9a396eb36e48e054a7c8cb0685e329cc25e994f0ac6d48,5819,False,canoe,canoe;boat;raft,False,3586,0.3,False,top500,False,1,173
ea_llm_self_adaptive_api_1319_run4_20260723_015115.json,1319,24f545890b244e9bacb8e23ea2de933e,9,eec5ebbee25d4d5d8db2ceb5a22ea10c,6,l_mutation,wrong,d26454793c051d1697d12d761a0526e6f89d5a94aa27a3fa43abf20c8714cd15,5821,False,volcano,volcano;magma;ash,False,637,0.1,False,beyond,False,1,202
ea_llm_self_adaptive_api_1319_run4_20260723_015115.json,1319,24f545890b244e9bacb8e23ea2de933e,9,eec5ebbee25d4d5d8db2ceb5a22ea10c,6,l_mutation,filler,ae6792f3c1c812f0a19e610c4c6a5f163609ba69c1d1d30d1298aa9317537a8b,5820,False,vessel,vessel;map;route,False,6545,0.3,False,top500,False,2,144
ea_llm_self_adaptive_api_1319_run4_20260723_015115.json,1319,24f545890b244e9bacb8e23ea2de933e,9,eec5ebbee25d4d5d8db2ceb5a22ea10c,6,l_mutation,absent,571a1dcca08cdca6a521dac6f7194a51d27a67eb4b6303a78975eadc04ec3677,5592,False,whale,whale;dolphin;seal,False,2,0.3,False,top500,False,2,206
ea_llm_self_adaptive_api_1319_run4_20260723_015115.json,1319,c65e6efe01744d2ca03944b94a2d22c5,9,4ccc387be58942adbab8a3bb6dfe605d,23,ml_mutation,genuine,3ddc785d723ce4e13a5bf0dcfad334b60d543944c14792fdb35c3ec2f4e6462e,5698,False,sediment,sediment;bedrock;granite,False,1703,0.3,False,top500,False,1,147
ea_llm_self_adaptive_api_1319_run4_20260723_015115.json,1319,c65e6efe01744d2ca03944b94a2d22c5,9,4ccc387be58942adbab8a3bb6dfe605d,23,ml_mutation,wrong,d08a4428a5baa25e24f0591a79c18f08e20e658ccec6724eb8926961b309277f,5719,False,reef,reef;shelf;seamount,False,183,0.3,False,beyond,False,1,127
ea_llm_self_adaptive_api_1319_run4_20260723_015115.json,1319,c65e6efe01744d2ca03944b94a2d22c5,9,4ccc387be58942adbab8a3bb6dfe605d,23,ml_mutation,filler,42a97d278e7040cc6c641e007de1bb96b7fd651a83354484a7782f822c93204f,5710,False,berm,berm;drift;spit,False,36170,0.5,False,top500,False,1,160
ea_llm_self_adaptive_api_1319_run4_20260723_015115.json,1319,c65e6efe01744d2ca03944b94a2d22c5,9,4ccc387be58942adbab8a3bb6dfe605d,23,ml_mutation,absent,26b139a0940ab9eced75c91577d6699609519ba4664e8065632f2d559f35732c,5482,False,avalanche,avalanche;blizzard;hurricane,False,1498,0.4,False,top500,False,1,116
ea_llm_self_adaptive_api_1319_run4_20260723_015115.json,1319,e6d80868476c414c99f860a31fdea287,9,b6337d94df9a4250b6e71955668a39cd,51,m_mutation,genuine,5e95e129cbdf6b747dbbadf0a5f0b41b37b6824399365332d65da8d7d12c4c49,5864,False,glide,glide;slide;grind,False,6378,0.6,False,top500,False,1,163
ea_llm_self_adaptive_api_1319_run4_20260723_015115.json,1319,e6d80868476c414c99f860a31fdea287,9,b6337d94df9a4250b6e71955668a39cd,51,m_mutation,wrong,d0603657909f15802c91b7a11a10b21f73bfbbba21c9ebd98aa01c324a94dfb5,5873,False,slide,slide;flow;melt,False,23705,0.3,False,top500,False,1,170
ea_llm_self_adaptive_api_1319_run4_20260723_015115.json,1319,e6d80868476c414c99f860a31fdea287,9,b6337d94df9a4250b6e71955668a39cd,51,m_mutation,filler,04868c696ad067906a949b473f253faeff6265cb44f063223540753f1e954a00,5862,False,melt,melt;thaw;runoff,False,744,0.5,False,top500,False,1,132
ea_llm_self_adaptive_api_1319_run4_20260723_015115.json,1319,e6d80868476c414c99f860a31fdea287,9,b6337d94df9a4250b6e71955668a39cd,51,m_mutation,absent,d7866b8afc56d2e2bc0d330f3730ebf2a9337995110b42b40ecb5548ca145e88,5597,False,valley,valley;flow;slide,False,12708,0.6,False,top500,False,1,164
ea_llm_self_adaptive_api_1319_run4_20260723_015115.json,1319,ae9c15844a264c1f9aa7211cdcd7266d,10,eec5ebbee25d4d5d8db2ceb5a22ea10c,6,l_mutation,genuine,22cb0bb3b3cb7d1be9a5e83746a159894a7016579e3c190a14b1d7fcdc9df458,6064,False,fish,fish;dolphin;seal,False,138,0.7,False,top100,False,1,157
ea_llm_self_adaptive_api_1319_run4_20260723_015115.json,1319,ae9c15844a264c1f9aa7211cdcd7266d,10,eec5ebbee25d4d5d8db2ceb5a22ea10c,6,l_mutation,wrong,f65533b083317d3c38c0c4185af1ff1f15b7f4461f275d82efae2e879416c1ba,6050,False,ship,ship;boat;dock,False,2740,0.3,False,top500,False,1,147
ea_llm_self_adaptive_api_1319_run4_20260723_015115.json,1319,ae9c15844a264c1f9aa7211cdcd7266d,10,eec5ebbee25d4d5d8db2ceb5a22ea10c,6,l_mutation,filler,f26143a29931144d9cf3da4e4eeead74aca28539668c247d9ff2829d8899af0d,6065,False,flight,flight;sky;airplane,False,40138,0.3,False,top500,False,1,163
ea_llm_self_adaptive_api_1319_run4_20260723_015115.json,1319,ae9c15844a264c1f9aa7211cdcd7266d,10,eec5ebbee25d4d5d8db2ceb5a22ea10c,6,l_mutation,absent,75c16aaddfa7508d8001cb29d3e711b0c70574118d31428d5f917196777d052e,5837,False,myth,myth;story;legend,False,14567,0.2,False,beyond,False,1,158
ea_llm_self_adaptive_api_1319_run4_20260723_015115.json,1319,dcf1bd8fc4e841718346965b838a3c2c,10,4ccc387be58942adbab8a3bb6dfe605d,23,s_mutation,genuine,5cbf1e5dc4dbfa36622bfd2e44da35831e2e0a520afcdef039a61087a025f216,5922,False,mass,mass;dome;sheet,False,11965,0.4,False,top500,False,1,170
ea_llm_self_adaptive_api_1319_run4_20260723_015115.json,1319,dcf1bd8fc4e841718346965b838a3c2c,10,4ccc387be58942adbab8a3bb6dfe605d,23,s_mutation,wrong,2a4b805e0955927b8acb5de2efb4555730320654921c22a6191516b972f48c60,5941,False,berm,berm;glacier;moraine,False,36170,0.6,False,top500,False,1,172
ea_llm_self_adaptive_api_1319_run4_20260723_015115.json,1319,dcf1bd8fc4e841718346965b838a3c2c,10,4ccc387be58942adbab8a3bb6dfe605d,23,s_mutation,filler,84daaceb0e0df867f5548187e963ee88345fa72baa156acb83730322d525b9e9,5934,False,glacier,glacier;tongue;keel,False,51,0.4,False,top500,False,1,202
ea_llm_self_adaptive_api_1319_run4_20260723_015115.json,1319,dcf1bd8fc4e841718346965b838a3c2c,10,4ccc387be58942adbab8a3bb6dfe605d,23,s_mutation,absent,3181c5000ebaa63c37326bc77772bf557e0ba4115d5f98f4d13cc8448ae31ddf,5706,False,shelf,shelf;drift;tongue,False,10237,0.3,False,top500,False,1,102
ea_llm_self_adaptive_api_1319_run4_20260723_015115.json,1319,0ab55c4db1034f34a06ea23825597a2f,10,b6337d94df9a4250b6e71955668a39cd,51,m_mutation,genuine,332ab5d5576fa0e99223a74393bd84c2c0d0cacace88eb09a2cb4cd12aa0882b,6238,False,carve,carve;erode;grind,False,1633,0.3,False,top500,False,1,190
ea_llm_self_adaptive_api_1319_run4_20260723_015115.json,1319,0ab55c4db1034f34a06ea23825597a2f,10,b6337d94df9a4250b6e71955668a39cd,51,m_mutation,wrong,1097358a36a02ac7a0d745f668f639991b6020b8b00e883c98e7ee683ccd9592,6253,False,slide,slide;flow;ridge,False,23705,0.3,False,top500,False,1,131
ea_llm_self_adaptive_api_1319_run4_20260723_015115.json,1319,0ab55c4db1034f34a06ea23825597a2f,10,b6337d94df9a4250b6e71955668a39cd,51,m_mutation,filler,6f7c01836683c75ba312926a08843516cc9337c93f41cbafc3419d598f3b2ea6,6236,False,flow,flow;drift;melt,False,22149,0.6,False,top500,False,1,169
ea_llm_self_adaptive_api_1319_run4_20260723_015115.json,1319,0ab55c4db1034f34a06ea23825597a2f,10,b6337d94df9a4250b6e71955668a39cd,51,m_mutation,absent,2e3d29b89d9a18c7b320ab09c32dd978f42b82c6f74a0c3e849d95835a5454fe,5971,False,slide,slide;flow;glide,False,23705,0.3,False,beyond,False,1,221
ea_llm_self_adaptive_api_1319_run5_20260723_025430.json,1319,6803d1b37f45457fb9df1cf0c6543023,2,9019435383574e17bf98247e6949e937,138,m_mutation,genuine,8d49425f80dd4bf79c930c33c2d7174f54b0ada7d7034ce1cc5d0f41d52569cb,3673,False,catch,catch;net;river,False,2130,0.3,False,top500,False,1,136
ea_llm_self_adaptive_api_1319_run5_20260723_025430.json,1319,6803d1b37f45457fb9df1cf0c6543023,2,9019435383574e17bf98247e6949e937,138,m_mutation,wrong,4c1bcb3abc57233af4e87666418e2df67776966ef58e14f89a145d21a9768593,3667,False,fishing,fishing;catch;net,False,138,0.4,False,top500,False,1,154
ea_llm_self_adaptive_api_1319_run5_20260723_025430.json,1319,6803d1b37f45457fb9df1cf0c6543023,2,9019435383574e17bf98247e6949e937,138,m_mutation,filler,204eaae75d748be171e7703538d0cd2ad51c8638479db9f7679b82e6ed1cc068,3666,False,catch,catch;aquatic;reel,False,2130,0.6,False,top500,False,1,155
ea_llm_self_adaptive_api_1319_run5_20260723_025430.json,1319,6803d1b37f45457fb9df1cf0c6543023,2,9019435383574e17bf98247e6949e937,138,m_mutation,absent,8e2d46d93d0d3dd44c659581f2d059cb1c466d886e17f2c4524ca5f58f1924b8,3438,False,net,net;hook;line,False,33570,0.2,False,beyond,False,1,82
ea_llm_self_adaptive_api_1319_run5_20260723_025430.json,1319,3b3777e9b7764758bdd31020f8b745e2,2,0e3b85d0b05b4373b8d4f83f298b4e10,536,s_mutation,genuine,439ad9beb7edc64565a1cb7687e81c985818983b2475c5df9c8486d2066b5a06,3745,False,stream,stream;river;lake,False,10423,0.4,False,top500,False,1,146
ea_llm_self_adaptive_api_1319_run5_20260723_025430.json,1319,3b3777e9b7764758bdd31020f8b745e2,2,0e3b85d0b05b4373b8d4f83f298b4e10,536,s_mutation,wrong,860b76c4dff5644301ca22b3b0f49406cf155910f0ad732ffbb8eaed3599bb6c,3657,False,stream,stream;river;lake,False,10423,0.2,False,beyond,False,1,93
ea_llm_self_adaptive_api_1319_run5_20260723_025430.json,1319,3b3777e9b7764758bdd31020f8b745e2,2,0e3b85d0b05b4373b8d4f83f298b4e10,536,s_mutation,filler,0ac57cc68bd3fce0dae38510b1fff4b9b9467f690b51e98f49e546d5b4f024ee,3781,False,stream,stream;brook;rivulet,False,10423,0.6,False,top500,False,1,95
ea_llm_self_adaptive_api_1319_run5_20260723_025430.json,1319,3b3777e9b7764758bdd31020f8b745e2,2,0e3b85d0b05b4373b8d4f83f298b4e10,536,s_mutation,absent,349f5f7daae6d2a2e8f6555dd348161a7dd0f3b593bd3309a112b658bf3e3a9e,3440,False,moisture,moisture;fluid;stream,False,38943,0.4,False,top500,False,1,97
ea_llm_self_adaptive_api_1319_run5_20260723_025430.json,1319,1e5131bda8244e6eaa1f8448eef97c24,3,9019435383574e17bf98247e6949e937,138,l_mutation,genuine,57268c0bcea0346a64f7ff1a4ac3bcbe7d730d9cb5b86d7f2fe1a9fd31b7148c,4292,False,predator,predator;prey;cooperate,False,223,0.3,False,top500,False,2,164
ea_llm_self_adaptive_api_1319_run5_20260723_025430.json,1319,1e5131bda8244e6eaa1f8448eef97c24,3,9019435383574e17bf98247e6949e937,138,l_mutation,wrong,04b350aeb7b2a6aa8a77bb93864eeb6dab34e7dd1a0abee4d9086727e5e6b519,4270,False,grill,grill;boil;fry,False,19458,0.3,False,top500,False,1,159
ea_llm_self_adaptive_api_1319_run5_20260723_025430.json,1319,1e5131bda8244e6eaa1f8448eef97c24,3,9019435383574e17bf98247e6949e937,138,l_mutation,filler,9fc9ff550b16b2033ec01465fb27873c639d636d2c676d55bf9cfb4332939b26,4285,False,ecosystem,ecosystem;habitat;environment,False,1042,0.4,False,top500,False,1,170
ea_llm_self_adaptive_api_1319_run5_20260723_025430.json,1319,1e5131bda8244e6eaa1f8448eef97c24,3,9019435383574e17bf98247e6949e937,138,l_mutation,absent,3763431fdc5ae148ebaf46bfa1603e7d777c936572bb565e98ab1cb15f894a71,4057,False,travel,travel;migration;movement,False,8964,0.3,False,top500,False,1,138
ea_llm_self_adaptive_api_1319_run5_20260723_025430.json,1319,cc5e543c64df4258947bebcf93692a36,3,6803d1b37f45457fb9df1cf0c6543023,183,m_mutation,genuine,262a3f9fdb95352f03f6ac0dc6b89b3e45507850456c7114f6dc97e9a625a461,4214,False,structure,structure;barrier;formation,False,56765,0.4,False,top500,False,1,162
ea_llm_self_adaptive_api_1319_run5_20260723_025430.json,1319,cc5e543c64df4258947bebcf93692a36,3,6803d1b37f45457fb9df1cf0c6543023,183,m_mutation,wrong,7b1cf9ed2afa1fe68b26d4dfe9d3e124526272b6c489250e774959ff1906b807,4165,False,barrier,barrier;formation;structure,False,16762,0.5,False,top500,False,1,131
ea_llm_self_adaptive_api_1319_run5_20260723_025430.json,1319,cc5e543c64df4258947bebcf93692a36,3,6803d1b37f45457fb9df1cf0c6543023,183,m_mutation,filler,27d9aacba6debde47e2c3f420038bb2da0e23f177eb084c1f81340499d12d272,4211,False,formation,formation;structure;platform,False,11809,0.6,False,top500,False,1,94
ea_llm_self_adaptive_api_1319_run5_20260723_025430.json,1319,cc5e543c64df4258947bebcf93692a36,3,6803d1b37f45457fb9df1cf0c6543023,183,m_mutation,absent,44759f92ba4d846bb37a6cabd3835634444e228d7e6ff8d6bce34549f002a5d0,3946,False,coral,coral;mussel;shell,False,261,0.4,False,top500,False,1,128
ea_llm_self_adaptive_api_1319_run5_20260723_025430.json,1319,878891329bc040fd9b3834ba14f52986,3,9842ab73504b4a738ddcf92fc30307f5,362,l_mutation,genuine,a392c539ac44a24eb50c61c765e3bc2070e0e104d64c545c29eed463c7bfb92c,4574,False,framework,framework;support;foundation,False,67733,0.3,False,beyond,False,1,127
ea_llm_self_adaptive_api_1319_run5_20260723_025430.json,1319,878891329bc040fd9b3834ba14f52986,3,9842ab73504b4a738ddcf92fc30307f5,362,l_mutation,wrong,ec2bd5919867c3782d00d8030fdd3b9184dbce0feacc583a87cd326fc84216a2,4507,False,tool,tool;vessel;container,False,25832,0.2,False,beyond,False,1,144
ea_llm_self_adaptive_api_1319_run5_20260723_025430.json,1319,878891329bc040fd9b3834ba14f52986,3,9842ab73504b4a738ddcf92fc30307f5,362,l_mutation,filler,d38caf8b2127508fd6b97eb7dcc299795c9feca6a4006324346e1b08495da27e,4610,False,matrix,matrix;array;grid,False,53400,0.3,False,top500,False,1,144
ea_llm_self_adaptive_api_1319_run5_20260723_025430.json,1319,878891329bc040fd9b3834ba14f52986,3,9842ab73504b4a738ddcf92fc30307f5,362,l_mutation,absent,2cff0939d7507a8eb906012228846341f3724bf26f8f5095aa51675bbbd0a13b,4269,False,building,building;bridge;tower,False,60318,0.2,False,top500,False,1,179
ea_llm_self_adaptive_api_1319_run5_20260723_025430.json,1319,4a1fe7d2c5da4f3bb11204811927bc0f,3,0e3b85d0b05b4373b8d4f83f298b4e10,536,l_mutation,genuine,8b945382b286a453a64921f3e764ea533f278b0dbcabeaa063cdcfcb4e062130,4599,False,mountain,mountain;valley;beach,False,6568,0.3,False,beyond,False,1,153
ea_llm_self_adaptive_api_1319_run5_20260723_025430.json,1319,4a1fe7d2c5da4f3bb11204811927bc0f,3,0e3b85d0b05b4373b8d4f83f298b4e10,536,l_mutation,wrong,f6a87d1602f863153bafd3fa470e7d0f86418f566876cef401a757eca8041dc6,4511,False,movement,movement;process;change,False,23884,0.3,False,top500,False,1,174
ea_llm_self_adaptive_api_1319_run5_20260723_025430.json,1319,4a1fe7d2c5da4f3bb11204811927bc0f,3,0e3b85d0b05b4373b8d4f83f298b4e10,536,l_mutation,filler,a1d1267fab897df14d1fdbf5e359f9b84f0ce8edaf6c748cad2baf9fa6feb22f,4635,False,cave,cave;lava;quarry,False,4263,0.3,False,top500,False,1,114
ea_llm_self_adaptive_api_1319_run5_20260723_025430.json,1319,4a1fe7d2c5da4f3bb11204811927bc0f,3,0e3b85d0b05b4373b8d4f83f298b4e10,536,l_mutation,absent,589a88a4ea5fccb8d7a7f931a81a44864cce8ceaabf5d7f23d20ffda748e7f30,4294,False,quake,quake;tsunami;avalanche,False,2058,0.4,False,top500,False,1,139
ea_llm_self_adaptive_api_1319_run5_20260723_025430.json,1319,8dde3055f9154c33a9d589dbfcc3b8bd,4,7220db464f1d493a8601ed5dcfd1cea4,78,m_mutation,genuine,7041b1feb679c53d8d5682e60ac761581bf5d0cc8819b4ff4ffbc7bc43925171,4693,False,exoskeleton,exoskeleton;brackish;intertidal,False,1882,0.4,False,beyond,False,1,178
ea_llm_self_adaptive_api_1319_run5_20260723_025430.json,1319,8dde3055f9154c33a9d589dbfcc3b8bd,4,7220db464f1d493a8601ed5dcfd1cea4,78,m_mutation,wrong,3ecdcb5eeedcdca82df0a3ac9d4c3c088639a44bbda8bb73abdfd2cd5a05aea7,4672,False,claw,claw;shell;crustacean,False,507,0.4,False,beyond,False,1,112
ea_llm_self_adaptive_api_1319_run5_20260723_025430.json,1319,8dde3055f9154c33a9d589dbfcc3b8bd,4,7220db464f1d493a8601ed5dcfd1cea4,78,m_mutation,filler,0ad9de12bb4afa8f3066d90ded8d117da2064ee0913ce2817baaeef3b2e9cda0,4677,False,claw,claw;pincher;exoskeleton,False,507,0.3,False,beyond,False,1,187
ea_llm_self_adaptive_api_1319_run5_20260723_025430.json,1319,8dde3055f9154c33a9d589dbfcc3b8bd,4,7220db464f1d493a8601ed5dcfd1cea4,78,m_mutation,absent,79e3b84e79eb574fc27aabba4a785c09b1e5483b805ba17e7d0fa87954fdbeb4,4412,False,claw,claw;pincher;joint,False,507,0.6,False,top500,False,1,116
ea_llm_self_adaptive_api_1319_run5_20260723_025430.json,1319,eee2a18f2545488e81abfdc882088ea7,4,9019435383574e17bf98247e6949e937,138,l_mutation,genuine,2577f0d102409b60a4a0a4ab8ff10a29f88fd035d45157d32e961a60e46c6197,4779,False,mountain,mountain;forest;river,False,6568,0.2,False,beyond,False,2,168
ea_llm_self_adaptive_api_1319_run5_20260723_025430.json,1319,eee2a18f2545488e81abfdc882088ea7,4,9019435383574e17bf98247e6949e937,138,l_mutation,wrong,000d0fcf656a7598c88bfd132477bc3502fe48e29906c206b436a7347d4124a4,4775,False,biological,biological;interactions;networks,False,21765,0.5,False,top500,False,1,160
ea_llm_self_adaptive_api_1319_run5_20260723_025430.json,1319,eee2a18f2545488e81abfdc882088ea7,4,9019435383574e17bf98247e6949e937,138,l_mutation,filler,b3418f01a4b1003a0ae7b87bb99b93f9524e9974fdb7720388b5d209ef5552c8,4772,False,swim,swim;drift;flow,False,374,0.4,False,top500,False,1,144
ea_llm_self_adaptive_api_1319_run5_20260723_025430.json,1319,eee2a18f2545488e81abfdc882088ea7,4,9019435383574e17bf98247e6949e937,138,l_mutation,absent,98b63a49bac8a59f9aad004a5af13d8cb5058f4c4a7ac167c577576e73597768,4544,False,habitat,habitat;depth;terrain,False,238,0.3,False,top500,False,1,182
ea_llm_self_adaptive_api_1319_run5_20260723_025430.json,1319,f987e8a642454f03a4c181911229c8a3,4,cc5e543c64df4258947bebcf93692a36,261,s_mutation,genuine,3728ecdca13ba5fa83907f95f310ce2374926c126ac9bcb4e779f833a36049b8,4631,False,polyp,polyp;calcium;branch,False,22506,0.7,False,top100,False,1,144
ea_llm_self_adaptive_api_1319_run5_20260723_025430.json,1319,f987e8a642454f03a4c181911229c8a3,4,cc5e543c64df4258947bebcf93692a36,261,s_mutation,wrong,820acb4c2862df9d46a3b819e6c1bceaa41d1cc26b1357a2368fdee318cb245d,4582,False,lattice,lattice;framework;network,False,63591,0.3,False,top500,False,1,121
ea_llm_self_adaptive_api_1319_run5_20260723_025430.json,1319,f987e8a642454f03a4c181911229c8a3,4,cc5e543c64df4258947bebcf93692a36,261,s_mutation,filler,3cbd3d391f68cd24e34570e936acd4d624b3ea1b90c08d69e2aff7b832cb9b58,4611,False,calcium,calcium;polyp;limestone,False,15309,0.6,False,top500,False,1,116
ea_llm_self_adaptive_api_1319_run5_20260723_025430.json,1319,f987e8a642454f03a4c181911229c8a3,4,cc5e543c64df4258947bebcf93692a36,261,s_mutation,absent,47a3e55ae7003b69f992aa20bd4b0f3998896392e02ebf4c612658091dacb0de,4346,False,framework,framework;substrate;polyp,False,67733,0.6,False,top500,False,1,117
ea_llm_self_adaptive_api_1319_run5_20260723_025430.json,1319,13ff8bfcf7894785b963471cb9b74d74,4,4a34538fb0f64cc286d94fc29ac9305d,305,ml_mutation,genuine,11f96642ead9fbda8c2c20374b7275a749ae069d54ad7ebfa3841476e54f719f,4742,False,glacier,glacier;iceberg;permafrost,False,51,0.6,False,top500,False,1,200
ea_llm_self_adaptive_api_1319_run5_20260723_025430.json,1319,13ff8bfcf7894785b963471cb9b74d74,4,4a34538fb0f64cc286d94fc29ac9305d,305,ml_mutation,wrong,89ab63d3166f8ad725fbd557640d123f1f73dec2a4ecf379bcf5c5cdb6e58b3a,4703,False,glacier,glacier;permafrost;iceberg,False,51,0.6,False,top500,False,1,176
ea_llm_self_adaptive_api_1319_run5_20260723_025430.json,1319,13ff8bfcf7894785b963471cb9b74d74,4,4a34538fb0f64cc286d94fc29ac9305d,305,ml_mutation,filler,a7fd5531574b3aecaf9d5244d178a858788a7761ce5650c3462cb443aa943a3a,4728,False,glacier,glacier;permafrost;iceberg,False,51,0.4,False,top500,False,1,135
ea_llm_self_adaptive_api_1319_run5_20260723_025430.json,1319,13ff8bfcf7894785b963471cb9b74d74,4,4a34538fb0f64cc286d94fc29ac9305d,305,ml_mutation,absent,35817c7ec0cebf6e14c9041715e991e25ea378b139527a9c7de0c656604e2710,4463,False,hail,hail;rain;snow,False,31708,0.6,False,top500,False,1,136
ea_llm_self_adaptive_api_1319_run5_20260723_025430.json,1319,2c864adf31504ae8b7c330b8f7551eab,5,13ff8bfcf7894785b963471cb9b74d74,23,ml_mutation,genuine,fe1d9bf8b5f4f7086b967fd350dcdce6d3a13f8438b84a2e240157c06957777d,5095,False,crystal,crystal;frozen;shard,False,42384,0.6,False,top500,False,1,205
ea_llm_self_adaptive_api_1319_run5_20260723_025430.json,1319,2c864adf31504ae8b7c330b8f7551eab,5,13ff8bfcf7894785b963471cb9b74d74,23,ml_mutation,wrong,40950a3f4e251770e0bafc24cced47b317accf0750332652b911de138533df7e,5031,False,icicle,icicle;glaze;sheen,False,3875,0.6,False,top100,False,1,168
ea_llm_self_adaptive_api_1319_run5_20260723_025430.json,1319,2c864adf31504ae8b7c330b8f7551eab,5,13ff8bfcf7894785b963471cb9b74d74,23,ml_mutation,filler,001fbe5e39726bc9080aa672bff635630b44803263b88ba1b7d03135d4440a0e,5063,False,storm,storm;frost;fog,False,4009,0.5,False,top500,False,1,134
ea_llm_self_adaptive_api_1319_run5_20260723_025430.json,1319,2c864adf31504ae8b7c330b8f7551eab,5,13ff8bfcf7894785b963471cb9b74d74,23,ml_mutation,absent,528d63543763369c5cb7a5f2bfbb24e1260fc596a073a7a54a2d2a3d33a01150,4798,False,snow,snow;floe;icecap,False,1073,0.5,False,top100,False,1,244
ea_llm_self_adaptive_api_1319_run5_20260723_025430.json,1319,3752a7b785ea44bc8bfbc9030f9618f9,5,f987e8a642454f03a4c181911229c8a3,54,l_mutation,genuine,9c66952e08de9051bd52d88cf90a5801698865a0c98a63676624ac01f10db620,5356,False,submerged,submerged;features;topography,False,3086,0.3,False,beyond,False,1,205
ea_llm_self_adaptive_api_1319_run5_20260723_025430.json,1319,3752a7b785ea44bc8bfbc9030f9618f9,5,f987e8a642454f03a4c181911229c8a3,54,l_mutation,wrong,6c97952cafe6d9d2cbe657aa72276503303864c670b3fbcd94b6de21e2709f5f,5278,False,submerged,submerged;geology;rock,False,3086,0.5,False,top500,False,1,138
ea_llm_self_adaptive_api_1319_run5_20260723_025430.json,1319,3752a7b785ea44bc8bfbc9030f9618f9,5,f987e8a642454f03a4c181911229c8a3,54,l_mutation,filler,18d774cf3d9d6e43b7618a7387b173b4d5cca76c2a2780072a541516082e9c0b,5321,False,wave,wave;current;flow,False,1400,0.4,False,top500,False,1,151
ea_llm_self_adaptive_api_1319_run5_20260723_025430.json,1319,3752a7b785ea44bc8bfbc9030f9618f9,5,f987e8a642454f03a4c181911229c8a3,54,l_mutation,absent,364fc20ffd929202fdf85ca26b958f1d079817dd6122e7b34a405d1f5379c843,5056,False,motion,motion;sway;flow,False,23158,0.35,False,top500,False,1,177
ea_llm_self_adaptive_api_1319_run5_20260723_025430.json,1319,1241e21b265746ddb72aeec355e99ebf,5,7220db464f1d493a8601ed5dcfd1cea4,78,ml_mutation,genuine,8e2d0fff4022c6dd9bc57f7f1074473fe6d0da81b3da278ad1533465d081184b,5242,False,swim,swim;migrate;feed,False,374,0.3,False,beyond,False,2,143
ea_llm_self_adaptive_api_1319_run5_20260723_025430.json,1319,1241e21b265746ddb72aeec355e99ebf,5,7220db464f1d493a8601ed5dcfd1cea4,78,ml_mutation,wrong,a0357e21ba0a0934439ba7a11525a46f5b5355792dc9214b4e33d97a986ea0a7,5222,False,shore,shore;beach;tidal,False,1297,0.2,False,beyond,False,1,148
ea_llm_self_adaptive_api_1319_run5_20260723_025430.json,1319,1241e21b265746ddb72aeec355e99ebf,5,7220db464f1d493a8601ed5dcfd1cea4,78,ml_mutation,filler,36ce65d4da240a626db9338cb0beeae85e8bec11c4ef0dafb801d266e69c9b70,5226,False,coast,coast;bay;inlet,False,488,0.7,False,top100,False,3,221
ea_llm_self_adaptive_api_1319_run5_20260723_025430.json,1319,1241e21b265746ddb72aeec355e99ebf,5,7220db464f1d493a8601ed5dcfd1cea4,78,ml_mutation,absent,684554b6c1c072d126471f3f734ea5c1faae30596e3ad63779e0610efd50fc66,4961,False,shore,shore;beach;tide,False,1297,0.7,False,top100,False,1,212
ea_llm_self_adaptive_api_1319_run5_20260723_025430.json,1319,09f96f8406db441b9a0f3a8f139b8848,5,9019435383574e17bf98247e6949e937,138,s_mutation,genuine,07804b8bdbc7c57d2f7d77f5da307c52eb1ed7395f42947db3d1aef8fef9d55b,5162,False,finfish,finfish;trout;salmon,False,2400,0.7,False,top500,False,1,111
ea_llm_self_adaptive_api_1319_run5_20260723_025430.json,1319,09f96f8406db441b9a0f3a8f139b8848,5,9019435383574e17bf98247e6949e937,138,s_mutation,wrong,93672be31c0836ed6d048f28da26c55b78fcc07376cdc42a380c61464be6112f,5158,False,trout,trout;salmon;cod,False,819,0.6,False,top500,False,1,147
ea_llm_self_adaptive_api_1319_run5_20260723_025430.json,1319,09f96f8406db441b9a0f3a8f139b8848,5,9019435383574e17bf98247e6949e937,138,s_mutation,filler,32bf200bb1383920c3a9809cac9cda017fd9a66df0510cd46d835eef991f7161,5155,False,marine,marine;fin;scale,False,602,0.5,False,top500,False,1,103
ea_llm_self_adaptive_api_1319_run5_20260723_025430.json,1319,09f96f8406db441b9a0f3a8f139b8848,5,9019435383574e17bf98247e6949e937,138,s_mutation,absent,05026fee0050010d6a7e6009d4b7a5a78632c50486e20924d41b87ab23c76fad,4927,False,cod,cod;salmon;trout,False,1418,0.6,False,top500,False,1,128
ea_llm_self_adaptive_api_1319_run5_20260723_025430.json,1319,e798640ac1dc4f08a2d7c69adff9c3f5,5,eee2a18f2545488e81abfdc882088ea7,238,m_mutation,genuine,11a0679a7ee4f68dab37707d081adb08f328e5960dd8742ce1de77c3c4944aa4,5247,False,domain,domain;environment;zone,False,65730,0.5,False,top500,False,1,166
ea_llm_self_adaptive_api_1319_run5_20260723_025430.json,1319,e798640ac1dc4f08a2d7c69adff9c3f5,5,eee2a18f2545488e81abfdc882088ea7,238,m_mutation,wrong,22c4b884e57cc952379f23e5221e83e5a8b9bfc39ccb1d0a7c823ad07adcd4d7,5175,False,residence,residence;settlement;locale,False,74853,0.4,False,top500,False,1,132
ea_llm_self_adaptive_api_1319_run5_20260723_025430.json,1319,e798640ac1dc4f08a2d7c69adff9c3f5,5,eee2a18f2545488e81abfdc882088ea7,238,m_mutation,filler,90ffc58c3b4bc328ae4ac96b74e78fc1f695208e2fae9ab41bd818e558fb101f,5221,False,environment,environment;territory;settlement,False,25161,0.5,False,top500,False,1,127
ea_llm_self_adaptive_api_1319_run5_20260723_025430.json,1319,e798640ac1dc4f08a2d7c69adff9c3f5,5,eee2a18f2545488e81abfdc882088ea7,238,m_mutation,absent,caa7f83ed48587aa073f609007c6cf91130528ce77a485d58f047408a610cfa2,4956,False,modification,modification;degradation;transformation,False,43822,0.4,False,top500,False,1,146
ea_llm_self_adaptive_api_1319_run5_20260723_025430.json,1319,7a149ec178ed4ea39b113c0c444a6099,6,1241e21b265746ddb72aeec355e99ebf,16,m_mutation,genuine,950e069c13dd08b62eb8dd663e8768d86d0a9d67a9ea1743661a24458af159fd,5505,False,tourist,tourist;sunburn;relax,False,19833,0.7,False,top100,False,1,143
ea_llm_self_adaptive_api_1319_run5_20260723_025430.json,1319,7a149ec178ed4ea39b113c0c444a6099,6,1241e21b265746ddb72aeec355e99ebf,16,m_mutation,wrong,04dc1389ca2e1b4898fd1b962a843b526315e62a5da07e50d514d1a6bb7ff708,5500,False,sand,sand;shell;driftwood,False,2525,0.6,False,top500,False,1,124
ea_llm_self_adaptive_api_1319_run5_20260723_025430.json,1319,7a149ec178ed4ea39b113c0c444a6099,6,1241e21b265746ddb72aeec355e99ebf,16,m_mutation,filler,0cf36f648fb0024a61967fad33b26bfd460e49699ad3562cc3e4f3778cd1066c,5506,False,sand,sand;shell;footprint,False,2525,0.6,False,top500,False,1,126
ea_llm_self_adaptive_api_1319_run5_20260723_025430.json,1319,7a149ec178ed4ea39b113c0c444a6099,6,1241e21b265746ddb72aeec355e99ebf,16,m_mutation,absent,b387e230fed48b85ccbd6ccca4f9cf9759dfb6bd6bd4a0e98fe7334b3916ce2f,5241,False,sand,sand;driftwood;shell,False,2525,0.6,False,top500,False,1,137
ea_llm_self_adaptive_api_1319_run5_20260723_025430.json,1319,d674331be52b48c994622f29ee53433e,6,13ff8bfcf7894785b963471cb9b74d74,23,ml_mutation,genuine,2a1b3f51ce684cf4174d196dc72c53f8bd70ef4f6f4215a22762e7f6f36b3b66,5594,False,frozen,frozen;crystalline;glacial,False,5985,0.6,False,top100,False,1,175
ea_llm_self_adaptive_api_1319_run5_20260723_025430.json,1319,d674331be52b48c994622f29ee53433e,6,13ff8bfcf7894785b963471cb9b74d74,23,ml_mutation,wrong,5c7ea8417e96cc88d94e2c6d9d50f4472a384cc37267d72eb88503bb82e0a702,5526,False,floe,floe;shelf;sheet,False,120,0.4,False,top500,False,1,225
ea_llm_self_adaptive_api_1319_run5_20260723_025430.json,1319,d674331be52b48c994622f29ee53433e,6,13ff8bfcf7894785b963471cb9b74d74,23,ml_mutation,filler,dd6f43e5143f339db4f159d0a7ee06e16e6c3ff9ad70ae24627d34ed5c9b2785,5562,False,floe,floe;berg;drift,False,120,0.5,False,top500,False,1,202
ea_llm_self_adaptive_api_1319_run5_20260723_025430.json,1319,d674331be52b48c994622f29ee53433e,6,13ff8bfcf7894785b963471cb9b74d74,23,ml_mutation,absent,63766269d6737ecc2e1c5881d03e1dc1dff898945de001ce605144857c63fcc7,5297,False,texture,texture;roughness;angle,False,38129,0.3,False,top500,False,1,160
ea_llm_self_adaptive_api_1319_run5_20260723_025430.json,1319,a8baeccc5ad54402ba76e23f28139ae8,6,27875184457544d19e1c014ade7289c6,23,l_mutation,genuine,cdcc41cee92868b226e1f750afbae291d4c858eabdf9a1e01ebbf7f031932354,5812,False,terrestrial,terrestrial;alpine;arctic,False,2021,0.3,False,top500,False,1,189
ea_llm_self_adaptive_api_1319_run5_20260723_025430.json,1319,a8baeccc5ad54402ba76e23f28139ae8,6,27875184457544d19e1c014ade7289c6,23,l_mutation,wrong,8b2c2f337531b7d4b815ed0217008caec2ea7fe5c05623f8be8feb0744206130,5816,False,mountain,mountain;valley;boulder,False,6568,0.2,False,beyond,False,1,241
ea_llm_self_adaptive_api_1319_run5_20260723_025430.json,1319,a8baeccc5ad54402ba76e23f28139ae8,6,27875184457544d19e1c014ade7289c6,23,l_mutation,filler,6d175b1329bc8544be0df39a7551a4cb0bbf3e06aa88d5e1e43e56ee153224dd,5802,False,arctic,arctic;polar;extreme,False,34,0.3,False,top500,False,1,153
ea_llm_self_adaptive_api_1319_run5_20260723_025430.json,1319,a8baeccc5ad54402ba76e23f28139ae8,6,27875184457544d19e1c014ade7289c6,23,l_mutation,absent,aa187437a8c550db72042b41b3c2ae2ffe5941f7dc33d48a9b204f60a302cebf,5537,False,permafrost,permafrost;polar;alpine,False,473,0.3,False,top500,False,1,156
ea_llm_self_adaptive_api_1319_run5_20260723_025430.json,1319,380b731ab5c24403ae8ae0a1bb519ce0,6,7220db464f1d493a8601ed5dcfd1cea4,46,m_mutation,genuine,9fe08c55f6ee1a8f97bc90adb54bd54e12efbfe78811ee1e74ae7842c010173a,5775,False,eight,eight;limbs;creatures,False,28704,0.3,False,top500,False,2,148
ea_llm_self_adaptive_api_1319_run5_20260723_025430.json,1319,380b731ab5c24403ae8ae0a1bb519ce0,6,7220db464f1d493a8601ed5dcfd1cea4,46,m_mutation,wrong,2a6c0a5080805bab01f1f988cec242ff366f0a1b1217e0f5a4260da2e22ab2e1,5755,False,tentacle,tentacle;invertebrate;soft,False,2103,0.2,False,beyond,False,1,163
ea_llm_self_adaptive_api_1319_run5_20260723_025430.json,1319,380b731ab5c24403ae8ae0a1bb519ce0,6,7220db464f1d493a8601ed5dcfd1cea4,46,m_mutation,filler,1a6b890206173450e4c5869de20601edc1ea4455a3dcd678cbe171f9eeda5ef4,5759,False,tentacle,tentacle;beak;skin,False,2103,0.5,False,top500,False,1,122
ea_llm_self_adaptive_api_1319_run5_20260723_025430.json,1319,380b731ab5c24403ae8ae0a1bb519ce0,6,7220db464f1d493a8601ed5dcfd1cea4,46,m_mutation,absent,3073d4896a4059ed2dfb44f02037a9577186d66e0341285ae6cec3124be0a843,5494,False,tentacle,tentacle;camouflage;suckers,False,2103,0.6,False,top500,False,1,192
ea_llm_self_adaptive_api_1319_run5_20260723_025430.json,1319,d531c2aeea8e4e499285a9670d5cb8ae,6,09f96f8406db441b9a0f3a8f139b8848,123,s_mutation,genuine,3796578a7c01bbfed48d259cf52264be308d3f73905de0167108d6a1a01a27f8,5538,False,scallop,scallop;bivalve;gastropod,False,557,0.7,False,top500,False,1,149
ea_llm_self_adaptive_api_1319_run5_20260723_025430.json,1319,d531c2aeea8e4e499285a9670d5cb8ae,6,09f96f8406db441b9a0f3a8f139b8848,123,s_mutation,wrong,17de8a744f9ebe25bc13392263a9c4b902ac0891923f7c1db3f4856ea6f8d6e3,5495,False,bivalve,bivalve;gastropod;clam,False,447,0.6,False,top500,False,1,109
ea_llm_self_adaptive_api_1319_run5_20260723_025430.json,1319,d531c2aeea8e4e499285a9670d5cb8ae,6,09f96f8406db441b9a0f3a8f139b8848,123,s_mutation,filler,63360a6b276c1b0fc44fa6b638e32647ddb306685e7a38b3faa3f9330a7e9bce,5541,False,mussel,mussel;clam;snail,False,408,0.6,False,top500,False,1,119
ea_llm_self_adaptive_api_1319_run5_20260723_025430.json,1319,d531c2aeea8e4e499285a9670d5cb8ae,6,09f96f8406db441b9a0f3a8f139b8848,123,s_mutation,absent,e097a4c40292b78feb7c0d84572185e6b2f9945834c769c7037afc3ea0430fa0,5276,False,clam,clam;snail;cockle,False,187,0.6,False,top500,False,1,130
ea_llm_self_adaptive_api_1319_run5_20260723_025430.json,1319,724411d4c0b947c989bd957e2fcc1885,7,1241e21b265746ddb72aeec355e99ebf,16,ml_mutation,genuine,3129ad40622129b1713f3ec887e32197f21b1c8aa6c2557ac1a0dcea3b3c355c,5860,False,shore,shore;wave;mud,False,1297,0.4,False,top500,False,1,136
ea_llm_self_adaptive_api_1319_run5_20260723_025430.json,1319,724411d4c0b947c989bd957e2fcc1885,7,1241e21b265746ddb72aeec355e99ebf,16,ml_mutation,wrong,478a7f7c55093852320685e4df1d1e06ea748c94f72a514b5d8d7a80b758fd26,5838,False,sail,sail;boat;mast,False,6367,0.7,False,top100,False,1,138
ea_llm_self_adaptive_api_1319_run5_20260723_025430.json,1319,724411d4c0b947c989bd957e2fcc1885,7,1241e21b265746ddb72aeec355e99ebf,16,ml_mutation,filler,3ed95c38670327746e37ab39d002b9ff561ec135cdf73dad2947663e388f6c86,5861,False,inlet,inlet;ridge;shore,False,3572,0.5,False,top100,False,1,172
ea_llm_self_adaptive_api_1319_run5_20260723_025430.json,1319,724411d4c0b947c989bd957e2fcc1885,7,1241e21b265746ddb72aeec355e99ebf,16,ml_mutation,absent,1758a52d1780bfb34a9197166d990e2f9f7b39446957047dc3107921ef267138,5596,False,shore,shore;wave;mud,False,1297,0.3,False,top500,False,1,216
ea_llm_self_adaptive_api_1319_run5_20260723_025430.json,1319,4f1696d0aa2d49758c8e0b7f996e0c9c,7,7220db464f1d493a8601ed5dcfd1cea4,22,ml_mutation,genuine,70dda8a2d7b665ad65b420cf790431cc8e73a28f5b3e2a9992721db5105b473a,6116,False,predator,predator;whale;seal,False,223,0.7,False,top100,False,2,127
ea_llm_self_adaptive_api_1319_run5_20260723_025430.json,1319,4f1696d0aa2d49758c8e0b7f996e0c9c,7,7220db464f1d493a8601ed5dcfd1cea4,22,ml_mutation,wrong,5202059eea192d12708cbd1942e3aad2bf9d5ad46e093a0331ba49bfca9cf3da,6107,False,whale,whale;dolphin;seal,False,2,0.6,False,top500,False,2,230
ea_llm_self_adaptive_api_1319_run5_20260723_025430.json,1319,4f1696d0aa2d49758c8e0b7f996e0c9c,7,7220db464f1d493a8601ed5dcfd1cea4,22,ml_mutation,filler,7f411fc92d0e42c60829c31af62ab095e07f08929485e0eb3294ae398fb7016a,6100,False,seal,seal;whale;dolphin,False,7,0.7,False,top100,False,1,106
ea_llm_self_adaptive_api_1319_run5_20260723_025430.json,1319,4f1696d0aa2d49758c8e0b7f996e0c9c,7,7220db464f1d493a8601ed5dcfd1cea4,22,ml_mutation,absent,5e5a781555c3311448cf904a0e1569a9fd0a64aac7b0866104e0da26d315387b,5835,False,fang,fang;hunting;prey,False,580,0.35,False,top500,False,1,234
ea_llm_self_adaptive_api_1319_run5_20260723_025430.json,1319,6bade29c6ffb475cad67d8c7dc79e115,7,13ff8bfcf7894785b963471cb9b74d74,23,l_mutation,genuine,e732ff444fb875be6e6773592e6b01ccba236889dd5d7dd3241c457503a978fc,6230,False,drift,drift;shard;core,False,1935,0.3,False,top500,False,1,122
ea_llm_self_adaptive_api_1319_run5_20260723_025430.json,1319,6bade29c6ffb475cad67d8c7dc79e115,7,13ff8bfcf7894785b963471cb9b74d74,23,l_mutation,wrong,4cbad4ff9714402c856540d3a78871e4a376cf219049af92bd5bfb44a070f24e,6167,False,melting,melting;drifting;freezing,False,744,0.5,False,top500,False,1,127
ea_llm_self_adaptive_api_1319_run5_20260723_025430.json,1319,6bade29c6ffb475cad67d8c7dc79e115,7,13ff8bfcf7894785b963471cb9b74d74,23,l_mutation,filler,4b112e2b58ce6f531550b5520a92984d496758fc358c76a39d4246d2ff5df65d,6198,False,subsurface,subsurface;underground;buried,False,28008,0.3,False,top500,False,1,130
ea_llm_self_adaptive_api_1319_run5_20260723_025430.json,1319,6bade29c6ffb475cad67d8c7dc79e115,7,13ff8bfcf7894785b963471cb9b74d74,23,l_mutation,absent,94cb63eebca38b6309b1135f55877a21edda88f9edd3e3846a2c945d9a18fd1b,5933,False,polar,polar;arctic;antarctic,False,8,0.4,False,top500,False,1,173
ea_llm_self_adaptive_api_1319_run5_20260723_025430.json,1319,557b5d25a80f4918a882efc4c322ce58,7,27875184457544d19e1c014ade7289c6,23,ml_mutation,genuine,17d416d50ef6841f19c2d3a19857cd6638d3a9dd705ead421feb6c4036299a24,6101,False,glacier,glacier;moraine;drift,False,51,0.6,False,top500,False,1,192
ea_llm_self_adaptive_api_1319_run5_20260723_025430.json,1319,557b5d25a80f4918a882efc4c322ce58,7,27875184457544d19e1c014ade7289c6,23,ml_mutation,wrong,41c952b9414550dc9ef665d246ab69df3ef9cc721f0a9827d57da4454836aaeb,6104,False,glacier,glacier;permafrost;snowfield,False,51,0.2,False,beyond,False,1,196
ea_llm_self_adaptive_api_1319_run5_20260723_025430.json,1319,557b5d25a80f4918a882efc4c322ce58,7,27875184457544d19e1c014ade7289c6,23,ml_mutation,filler,58ec8c7f516476aba1f2314f1d3c4aa0d9e4f87fb04587a157c9fef183b46b06,6091,False,frost,frost;freeze;snow,False,2359,0.6,False,top100,False,1,147
ea_llm_self_adaptive_api_1319_run5_20260723_025430.json,1319,557b5d25a80f4918a882efc4c322ce58,7,27875184457544d19e1c014ade7289c6,23,ml_mutation,absent,bf57e85325202ac75299fe28ebad48e6682d62a367521c0fef2deedcf44d81ae,5826,False,floe,floe;drift;pack,False,120,0.7,False,top100,False,1,182
ea_llm_self_adaptive_api_1319_run5_20260723_025430.json,1319,f14f02d17ba44b86822232b26f1f45fa,7,09f96f8406db441b9a0f3a8f139b8848,123,m_mutation,genuine,6899d93422cf4e246ded634d7a26f25bc0609fc7462fd566b544a0e98855eb27,6053,False,mantle,mantle;tusk;siphon,False,3121,0.5,False,top500,False,1,101
ea_llm_self_adaptive_api_1319_run5_20260723_025430.json,1319,f14f02d17ba44b86822232b26f1f45fa,7,09f96f8406db441b9a0f3a8f139b8848,123,m_mutation,wrong,17771d5038fd2bf857b17f25ad68afb22af9cb04a04eba4809f12e60eb3077e8,6026,False,shell,shell;armor;covering,False,445,0.4,False,top500,False,1,147
ea_llm_self_adaptive_api_1319_run5_20260723_025430.json,1319,f14f02d17ba44b86822232b26f1f45fa,7,09f96f8406db441b9a0f3a8f139b8848,123,m_mutation,filler,8fb39e4f648f0629696ab8d97a0139a9e7d5101e741aeab1695e237904f908e6,6056,False,mantle,mantle;tentacle;phylum,False,3121,0.6,False,top500,False,1,137
ea_llm_self_adaptive_api_1319_run5_20260723_025430.json,1319,f14f02d17ba44b86822232b26f1f45fa,7,09f96f8406db441b9a0f3a8f139b8848,123,m_mutation,absent,ae653a8e1720d55ea4ca5aa62ac95fd95157a7e12e851cc3493a12fcda87df3f,5791,False,shell,shell;pearl;gland,False,445,0.4,False,top500,False,1,178
