trace_file,game_number,generation,operator,parent_slot,child_name,parent_name,parent_word,parent_rank_reconstructed,parent_rank_logged,parent_rank_matches,child_first_word,child_first_rank,cosine_first,child_best_word,child_best_rank,cosine_best
ea_llm_self_adaptive_api_1303_run1_20260721_233700.json,1303,1,ml_mutation,,physiological states,verbs,sleep,97,97,True,rest,551,0.34096819162368774,rest,551,0.34096819162368774
ea_llm_self_adaptive_api_1303_run1_20260721_233700.json,1303,1,m_mutation,,darkness,time,night,205,205,True,dark,1146,0.3755922019481659,dark,1146,0.3755922019481659
ea_llm_self_adaptive_api_1303_run1_20260721_233700.json,1303,1,s_mutation,,leg segments,body_parts,leg,255,255,True,thigh,1957,0.5688673853874207,knee,1170,0.5629503130912781
ea_llm_self_adaptive_api_1303_run1_20260721_233700.json,1303,1,s_mutation,,singular terms,numbers,one,331,331,True,single,1115,0.6005831360816956,single,1115,0.6005831360816956
ea_llm_self_adaptive_api_1303_run1_20260721_233700.json,1303,1,l_mutation,,temperature_states,colors,red,436,436,True,hot,109,0.33975914120674133,cold,10,0.24628734588623047
ea_llm_self_adaptive_api_1303_run1_20260721_233700.json,1303,1,crossover,0,temperature_action,temperature_states,cold,10,10,True,drink,543,0.3544682562351227,sleep,97,0.3330197036266327
ea_llm_self_adaptive_api_1303_run1_20260721_233700.json,1303,1,crossover,1,temperature_action,verbs,sleep,97,97,True,drink,543,0.36245909333229065,sleep,97,1.0
ea_llm_self_adaptive_api_1303_run1_20260721_233700.json,1303,2,l_mutation,,climatic_conditions,temperature_states,cold,10,10,True,alpine,11148,0.15077409148216248,arctic,2089,0.36422812938690186
ea_llm_self_adaptive_api_1303_run1_20260721_233700.json,1303,2,ml_mutation,,medical conditions,body_parts,stomach,51,51,True,ulcer,264,0.5052719712257385,infection,8,0.42652297019958496
ea_llm_self_adaptive_api_1303_run1_20260721_233700.json,1303,2,ml_mutation,,biological functions,verbs,sleep,97,97,True,nap,4335,0.42100203037261963,sneeze,282,0.1332349330186844
ea_llm_self_adaptive_api_1303_run1_20260721_233700.json,1303,2,ml_mutation,,cyclical patterns,time,week,166,166,True,cycle,341,0.21832828223705292,cycle,341,0.21832828223705292
ea_llm_self_adaptive_api_1303_run1_20260721_233700.json,1303,2,l_mutation,,abstract qualities,singular terms,thing,243,243,True,quality,724,0.3277064263820648,quality,724,0.3277064263820648
ea_llm_self_adaptive_api_1303_run1_20260721_233700.json,1303,2,crossover,0,temperature_medical,medical conditions,infection,8,8,True,chill,30,0.06803026050329208,infection,8,1.0000001192092896
ea_llm_self_adaptive_api_1303_run1_20260721_233700.json,1303,2,crossover,1,temperature_medical,temperature_states,cold,10,10,True,chill,30,0.5726532936096191,infection,8,0.21683043241500854
ea_llm_self_adaptive_api_1303_run1_20260721_233700.json,1303,3,l_mutation,,environmental factors,medical conditions,infection,8,8,True,contamination,795,0.45336607098579407,contamination,795,0.45336607098579407
ea_llm_self_adaptive_api_1303_run1_20260721_233700.json,1303,3,s_mutation,,cold_states,temperature_states,cold,10,10,True,chilly,1064,0.5643460750579834,chilly,1064,0.5643460750579834
ea_llm_self_adaptive_api_1303_run1_20260721_233700.json,1303,3,l_mutation,,physiological needs,body_parts,stomach,51,51,True,hunger,560,0.24205069243907928,thirst,271,0.20519140362739563
ea_llm_self_adaptive_api_1303_run1_20260721_233700.json,1303,3,s_mutation,,rest states,verbs,sleep,97,97,True,rest,551,0.34096819162368774,rest,551,0.34096819162368774
ea_llm_self_adaptive_api_1303_run1_20260721_233700.json,1303,3,ml_mutation,,stages,time,period,135,135,True,stage,378,0.30042755603790283,stage,378,0.30042755603790283
ea_llm_self_adaptive_api_1303_run1_20260721_233700.json,1303,3,crossover,0,temperature_medical_conditions,medical conditions,infection,8,8,True,chill,30,0.06803026050329208,chill,30,0.06803026050329208
ea_llm_self_adaptive_api_1303_run1_20260721_233700.json,1303,3,crossover,1,temperature_medical_conditions,temperature_states,cold,10,10,True,chill,30,0.5726532936096191,chill,30,0.5726532936096191
ea_llm_self_adaptive_api_1303_run1_20260721_233700.json,1303,4,s_mutation,,infectious conditions,medical conditions,infection,8,8,True,contagion,5053,0.22377930581569672,illness,25,0.5908486247062683
ea_llm_self_adaptive_api_1303_run1_20260721_233700.json,1303,4,l_mutation,,natural_environments,temperature_states,cold,10,10,True,wildlife,8369,0.07618909329175949,ecology,5496,0.039346083998680115
ea_llm_self_adaptive_api_1303_run1_20260721_233700.json,1303,4,ml_mutation,,medical conditions,body_parts,stomach,51,51,True,tumor,666,0.4082445502281189,infection,8,0.42652297019958496
ea_llm_self_adaptive_api_1303_run1_20260721_233700.json,1303,4,m_mutation,,hierarchy,stages,level,77,77,True,tier,11053,0.41875430941581726,measure,185,0.3219459354877472
ea_llm_self_adaptive_api_1303_run1_20260721_233700.json,1303,4,m_mutation,,sleep_phases_and_processes,verbs,sleep,97,97,True,phase,483,0.19357921183109283,phase,483,0.19357921183109283
ea_llm_self_adaptive_api_1303_run1_20260721_233700.json,1303,4,crossover,0,shared_medical_conditions,medical conditions,infection,8,8,True,infection,8,1.0000001192092896,infection,8,1.0000001192092896
ea_llm_self_adaptive_api_1303_run1_20260721_233700.json,1303,4,crossover,1,shared_medical_conditions,medical conditions,infection,8,8,True,infection,8,1.0000001192092896,infection,8,1.0000001192092896
ea_llm_self_adaptive_api_1303_run2_20260721_235308.json,1303,1,ml_mutation,,orthopedic terms,bodyparts,leg,255,255,True,crutch,20980,0.164382666349411,brace,6199,0.3053637742996216
ea_llm_self_adaptive_api_1303_run2_20260721_235308.json,1303,1,l_mutation,,epochs,seasons,winter,279,279,True,era,3774,0.1408015936613083,period,135,0.32962992787361145
ea_llm_self_adaptive_api_1303_run2_20260721_235308.json,1303,1,s_mutation,,medical professionals,professions,doctor,410,410,True,physician,1489,0.7040849924087524,physician,1489,0.7040849924087524
ea_llm_self_adaptive_api_1303_run2_20260721_235308.json,1303,1,l_mutation,,warning signals,colors,red,436,436,True,alarm,764,0.17707869410514832,indicator,356,0.1360010802745819
ea_llm_self_adaptive_api_1303_run2_20260721_235308.json,1303,1,m_mutation,,emotional symbolism of rain,weather,rain,443,443,True,tear,3114,0.25315365195274353,tear,3114,0.25315365195274353
ea_llm_self_adaptive_api_1303_run2_20260721_235308.json,1303,1,crossover,0,Temporal-Physical Components,epochs,period,135,135,True,part,935,0.34315261244773865,part,935,0.34315261244773865
ea_llm_self_adaptive_api_1303_run2_20260721_235308.json,1303,1,crossover,1,Temporal-Physical Components,bodyparts,leg,255,255,True,part,935,0.19505709409713745,part,935,0.19505709409713745
ea_llm_self_adaptive_api_1303_run2_20260721_235308.json,1303,2,m_mutation,,medical_temperature,weather,temperature,2,2,True,fever,1,0.30534204840660095,fever,1,0.30534204840660095
ea_llm_self_adaptive_api_1303_run3_20260722_015443.json,1303,1,m_mutation,,cyclical structures,time,week,166,166,True,cycle,341,0.21832828223705292,cycle,341,0.21832828223705292
ea_llm_self_adaptive_api_1303_run3_20260722_015443.json,1303,1,m_mutation,,support_structures,body_parts,leg,255,255,True,support,2449,0.08728345483541489,base,987,0.1539088934659958
ea_llm_self_adaptive_api_1303_run3_20260722_015443.json,1303,1,l_mutation,,social_connections,family,relative,355,355,True,connection,1325,0.19310444593429565,link,537,0.15138030052185059
ea_llm_self_adaptive_api_1303_run3_20260722_015443.json,1303,1,s_mutation,,network structures,technology,system,398,398,True,network,2447,0.46856817603111267,structure,1202,0.45694974064826965
ea_llm_self_adaptive_api_1303_run3_20260722_015443.json,1303,1,ml_mutation,,symbols,colors,red,436,436,True,danger,492,0.19453676044940948,danger,492,0.19453676044940948
ea_llm_self_adaptive_api_1303_run3_20260722_015443.json,1303,1,crossover,0,chrono-body,time,week,166,166,True,hand,841,0.33445659279823303,foot,586,0.2716713845729828
ea_llm_self_adaptive_api_1303_run3_20260722_015443.json,1303,1,crossover,1,chrono-body,body_parts,leg,255,255,True,hand,841,0.4294138550758362,foot,586,0.4797901213169098
ea_llm_self_adaptive_api_1303_run3_20260722_015443.json,1303,2,ml_mutation,,body_descriptors,body_parts,stomach,51,51,True,flat,1760,0.20730158686637878,flat,1760,0.20730158686637878
ea_llm_self_adaptive_api_1303_run3_20260722_015443.json,1303,2,s_mutation,,specific time intervals,time,week,166,166,True,interval,716,0.07642356306314468,period,135,0.37328365445137024
ea_llm_self_adaptive_api_1303_run3_20260722_015443.json,1303,2,s_mutation,,markers,symbols,sign,170,170,True,marker,2853,0.2500137388706207,marker,2853,0.2500137388706207
ea_llm_self_adaptive_api_1303_run3_20260722_015443.json,1303,2,m_mutation,,mechanical components,cyclical structures,cycle,341,341,True,gear,2904,0.2214273363351822,motor,1776,0.2840687036514282
ea_llm_self_adaptive_api_1303_run3_20260722_015443.json,1303,2,ml_mutation,,social units,family,relative,355,355,True,community,2745,0.154950350522995,cluster,1123,0.17283371090888977
ea_llm_self_adaptive_api_1303_run3_20260722_015443.json,1303,2,crossover,0,body_intervals,body_parts,stomach,51,51,True,arm,1860,0.3164851665496826,foot,586,0.3389899432659149
ea_llm_self_adaptive_api_1303_run3_20260722_015443.json,1303,2,crossover,1,body_intervals,specific time intervals,period,135,135,True,arm,1860,0.1524997055530548,foot,586,0.13924163579940796
ea_llm_self_adaptive_api_1303_run3_20260722_015443.json,1303,3,ml_mutation,,organ systems,body_parts,stomach,51,51,True,respiratory,38,0.4020148515701294,respiratory,38,0.4020148515701294
ea_llm_self_adaptive_api_1303_run3_20260722_015443.json,1303,3,s_mutation,,refined time phases,specific time intervals,period,135,135,True,epoch,10278,0.34676358103752136,stage,378,0.30042755603790283
ea_llm_self_adaptive_api_1303_run3_20260722_015443.json,1303,3,m_mutation,,gestures,symbols,sign,170,170,True,gesture,13667,0.33833181858062744,indication,78,0.4430787265300751
ea_llm_self_adaptive_api_1303_run3_20260722_015443.json,1303,3,ml_mutation,,recurring phenomena,cyclical structures,cycle,341,341,True,recurrence,822,0.1618082970380783,occurrence,169,0.1940213292837143
ea_llm_self_adaptive_api_1303_run3_20260722_015443.json,1303,3,m_mutation,,comparative terms,family,relative,355,355,True,comparison,921,0.4357594847679138,comparison,921,0.4357594847679138
ea_llm_self_adaptive_api_1303_run3_20260722_015443.json,1303,3,crossover,0,organ_system_body_parts,organ systems,respiratory,38,38,True,brain,213,0.3444586992263794,brain,213,0.3444586992263794
ea_llm_self_adaptive_api_1303_run3_20260722_015443.json,1303,3,crossover,1,organ_system_body_parts,body_parts,stomach,51,51,True,brain,213,0.4488734304904938,brain,213,0.4488734304904938
ea_llm_self_adaptive_api_1303_run3_20260722_015443.json,1303,4,ml_mutation,,physiological processes,organ systems,respiratory,38,38,True,metabolism,749,0.26680630445480347,metabolism,749,0.26680630445480347
ea_llm_self_adaptive_api_1303_run3_20260722_015443.json,1303,4,l_mutation,,containers,body_parts,stomach,51,51,True,vessel,2131,0.19359801709651947,vessel,2131,0.19359801709651947
ea_llm_self_adaptive_api_1303_run3_20260722_015443.json,1303,4,ml_mutation,,directional terms,gestures,indication,78,78,True,guide,2175,0.12236176431179047,show,287,0.301536500453949
ea_llm_self_adaptive_api_1303_run3_20260722_015443.json,1303,4,m_mutation,,components of larger structures,specific time intervals,period,135,135,True,phrase,3973,0.1870012730360031,section,2264,0.19145895540714264
ea_llm_self_adaptive_api_1303_run3_20260722_015443.json,1303,4,s_mutation,,recurring instances,recurring phenomena,occurrence,169,169,True,instance,542,0.2680123448371887,instance,542,0.2680123448371887
ea_llm_self_adaptive_api_1303_run3_20260722_015443.json,1303,4,crossover,0,organ_components,organ systems,respiratory,38,38,True,heart,253,0.37123292684555054,liver,143,0.4727171063423157
ea_llm_self_adaptive_api_1303_run3_20260722_015443.json,1303,4,crossover,1,organ_components,body_parts,stomach,51,51,True,heart,253,0.4978042542934418,liver,143,0.5125207304954529
ea_llm_self_adaptive_api_1303_run3_20260722_015443.json,1303,5,m_mutation,,gas exchange processes,organ systems,respiratory,38,38,True,ventilation,797,0.2643202543258667,oxygen,376,0.28690019249916077
ea_llm_self_adaptive_api_1303_run3_20260722_015443.json,1303,5,ml_mutation,,medical_conditions,body_parts,stomach,51,51,True,infection,8,0.42652297019958496,infection,8,0.42652297019958496
ea_llm_self_adaptive_api_1303_run3_20260722_015443.json,1303,5,l_mutation,,environmental_clues,gestures,indication,78,78,True,hint,3059,0.5522255897521973,trace,1850,0.21206696331501007
ea_llm_self_adaptive_api_1303_run3_20260722_015443.json,1303,5,l_mutation,,modes_of_representation,directional terms,indicate,103,103,True,represent,1826,0.4601951539516449,represent,1826,0.4601951539516449
ea_llm_self_adaptive_api_1303_run3_20260722_015443.json,1303,5,m_mutation,,historical epochs,specific time intervals,period,135,135,True,epoch,10278,0.34676358103752136,phase,483,0.4254510998725891
ea_llm_self_adaptive_api_1303_run3_20260722_015443.json,1303,5,crossover,0,systemic_conditions,medical_conditions,infection,8,8,True,digestive,730,0.37635383009910583,infection,8,1.0000001192092896
ea_llm_self_adaptive_api_1303_run3_20260722_015443.json,1303,5,crossover,1,systemic_conditions,organ systems,respiratory,38,38,True,digestive,730,0.5287690162658691,infection,8,0.638903021812439
ea_llm_self_adaptive_api_1303_run3_20260722_015443.json,1303,6,l_mutation,,environmental_factors,medical_conditions,infection,8,8,True,environment,1659,0.14954818785190582,exposure,192,0.3855493366718292
ea_llm_self_adaptive_api_1303_run3_20260722_015443.json,1303,6,m_mutation,,transmission_mechanisms,systemic_conditions,infection,8,8,True,transmission,1027,0.33855828642845154,transmission,1027,0.33855828642845154
ea_llm_self_adaptive_api_1303_run3_20260722_015443.json,1303,6,ml_mutation,,organ_functions,body_parts,stomach,51,51,True,function,493,0.19201476871967316,function,493,0.19201476871967316
ea_llm_self_adaptive_api_1303_run3_20260722_015443.json,1303,6,s_mutation,,indicators,gestures,indication,78,78,True,manifestation,582,0.34892335534095764,manifestation,582,0.34892335534095764
ea_llm_self_adaptive_api_1303_run3_20260722_015443.json,1303,6,s_mutation,,directional signals,directional terms,indicate,103,103,True,signal,776,0.4093966484069824,suggest,418,0.7554736137390137
ea_llm_self_adaptive_api_1303_run3_20260722_015443.json,1303,6,crossover,0,systemic_medical_overlap,medical_conditions,infection,8,8,True,infection,8,1.0000001192092896,infection,8,1.0000001192092896
ea_llm_self_adaptive_api_1303_run3_20260722_015443.json,1303,6,crossover,1,systemic_medical_overlap,systemic_conditions,infection,8,8,True,infection,8,1.0000001192092896,infection,8,1.0000001192092896
ea_llm_self_adaptive_api_1303_run3_20260722_015443.json,1303,7,s_mutation,,infectious diseases,medical_conditions,infection,8,8,True,contagion,5053,0.22377930581569672,disease,13,0.7082577347755432
ea_llm_self_adaptive_api_1303_run3_20260722_015443.json,1303,7,l_mutation,,microbial ecology,systemic_conditions,infection,8,8,True,microbial,2966,0.2570720314979553,spread,234,0.4300415813922882
ea_llm_self_adaptive_api_1303_run3_20260722_015443.json,1303,7,ml_mutation,,anatomical_terminology,body_parts,stomach,51,51,True,organ,1778,0.1413254737854004,tissue,713,0.38224485516548157
ea_llm_self_adaptive_api_1303_run3_20260722_015443.json,1303,7,l_mutation,,environmental cues,gestures,indication,78,78,True,landmark,11360,0.11191485822200775,guide,2175,0.12236176431179047
ea_llm_self_adaptive_api_1303_run3_20260722_015443.json,1303,7,ml_mutation,,communication terms,directional terms,indicate,103,103,True,transmit,907,0.2493876963853836,transmit,907,0.2493876963853836
ea_llm_self_adaptive_api_1303_run3_20260722_015443.json,1303,7,crossover,0,comorbid,medical_conditions,infection,8,8,True,infection,8,1.0000001192092896,infection,8,1.0000001192092896
ea_llm_self_adaptive_api_1303_run3_20260722_015443.json,1303,7,crossover,1,comorbid,systemic_conditions,infection,8,8,True,infection,8,1.0000001192092896,infection,8,1.0000001192092896
ea_llm_self_adaptive_api_1303_run4_20260722_032823.json,1303,1,s_mutation,,time intervals,time,week,166,166,True,interval,716,0.07642356306314468,period,135,0.37328365445137024
ea_llm_self_adaptive_api_1303_run4_20260722_032823.json,1303,1,s_mutation,,eye_components,bodyparts,eye,349,349,True,lens,5043,0.3641880452632904,lens,5043,0.3641880452632904
ea_llm_self_adaptive_api_1303_run4_20260722_032823.json,1303,1,l_mutation,,abstract concepts,technology,system,398,398,True,theory,1983,0.37183332443237305,theory,1983,0.37183332443237305
ea_llm_self_adaptive_api_1303_run4_20260722_032823.json,1303,1,ml_mutation,,academic disciplines,occupations,doctor,410,410,True,medicine,510,0.5112972855567932,medicine,510,0.5112972855567932
ea_llm_self_adaptive_api_1303_run4_20260722_032823.json,1303,1,s_mutation,,shades of red,colors,red,436,436,True,crimson,9054,0.4218621551990509,scarlet,2375,0.39571118354797363
ea_llm_self_adaptive_api_1303_run4_20260722_032823.json,1303,1,crossover,0,temporal_units,time intervals,period,135,135,True,duration,310,0.41726094484329224,duration,310,0.41726094484329224
ea_llm_self_adaptive_api_1303_run4_20260722_032823.json,1303,1,crossover,1,temporal_units,time,week,166,166,True,duration,310,0.16025559604167938,duration,310,0.16025559604167938
ea_llm_self_adaptive_api_1303_run4_20260722_032823.json,1303,2,m_mutation,,digestive_functions,bodyparts,stomach,51,51,True,digestion,812,0.3678394854068756,hunger,560,0.24205069243907928
ea_llm_self_adaptive_api_1303_run4_20260722_032823.json,1303,2,m_mutation,,punctuation marks,time intervals,period,135,135,True,dot,5048,0.12435067445039749,stop,486,0.1991635113954544
ea_llm_self_adaptive_api_1303_run4_20260722_032823.json,1303,2,s_mutation,,temporal_duration_aspects,temporal_units,duration,310,310,True,length,1233,0.5418830513954163,extent,668,0.3996320962905884
ea_llm_self_adaptive_api_1303_run4_20260722_032823.json,1303,2,ml_mutation,,biological systems,technology,system,398,398,True,structure,1202,0.45694974064826965,function,493,0.4181801378726959
ea_llm_self_adaptive_api_1303_run4_20260722_032823.json,1303,2,s_mutation,,medical professions,occupations,doctor,410,410,True,physician,1489,0.7040849924087524,physician,1489,0.7040849924087524
ea_llm_self_adaptive_api_1303_run4_20260722_032823.json,1303,2,crossover,0,biological time units,bodyparts,stomach,51,51,True,interval,716,0.055633410811424255,term,488,0.07976166158914566
ea_llm_self_adaptive_api_1303_run4_20260722_032823.json,1303,2,crossover,1,biological time units,time intervals,period,135,135,True,interval,716,0.3161261975765228,term,488,0.459770530462265
ea_llm_self_adaptive_api_1303_run4_20260722_032823.json,1303,3,m_mutation,,emotional_states_linked_to_stomach,bodyparts,stomach,51,51,True,nerves,885,0.34714412689208984,anxiety,44,0.29107919335365295
ea_llm_self_adaptive_api_1303_run4_20260722_032823.json,1303,3,ml_mutation,,process phases,time intervals,period,135,135,True,phase,483,0.4254510998725891,cycle,341,0.35696128010749817
ea_llm_self_adaptive_api_1303_run4_20260722_032823.json,1303,3,m_mutation,,measurement_terms,temporal_units,duration,310,310,True,metric,4312,0.12381337583065033,measure,185,0.32103416323661804
ea_llm_self_adaptive_api_1303_run4_20260722_032823.json,1303,3,ml_mutation,,social systems,technology,system,398,398,True,community,2745,0.30466926097869873,society,2372,0.34481799602508545
ea_llm_self_adaptive_api_1303_run4_20260722_032823.json,1303,3,ml_mutation,,medical titles,occupations,doctor,410,410,True,surgeon,7110,0.5897458791732788,specialist,2786,0.36971315741539
ea_llm_self_adaptive_api_1303_run4_20260722_032823.json,1303,3,crossover,0,emotional_body_parts,emotional_states_linked_to_stomach,anxiety,44,44,True,stomach,51,0.29107919335365295,stomach,51,0.29107919335365295
ea_llm_self_adaptive_api_1303_run4_20260722_032823.json,1303,3,crossover,1,emotional_body_parts,bodyparts,stomach,51,51,True,stomach,51,1.0,stomach,51,1.0
ea_llm_self_adaptive_api_1303_run4_20260722_032823.json,1303,4,l_mutation,,external_influences_on_mood,emotional_states_linked_to_stomach,anxiety,44,44,True,weather,232,0.1293424516916275,weather,232,0.1293424516916275
ea_llm_self_adaptive_api_1303_run4_20260722_032823.json,1303,4,m_mutation,,emotional_states_linked_to_stomach,bodyparts,stomach,51,51,True,worry,411,0.2577999532222748,worry,411,0.2577999532222748
ea_llm_self_adaptive_api_1303_run4_20260722_032823.json,1303,4,ml_mutation,,stages of processes,time intervals,period,135,135,True,stage,378,0.30042755603790283,point,338,0.3124910891056061
ea_llm_self_adaptive_api_1303_run4_20260722_032823.json,1303,4,ml_mutation,,temporal events and phases,measurement_terms,time,165,165,True,event,1149,0.4262827932834625,stage,378,0.393583208322525
ea_llm_self_adaptive_api_1303_run4_20260722_032823.json,1303,4,m_mutation,,sustained_attributes,temporal_units,duration,310,310,True,stamina,5333,0.21952182054519653,persistence,2951,0.21652965247631073
ea_llm_self_adaptive_api_1303_run4_20260722_032823.json,1303,4,crossover,0,emotional_body_parts,emotional_states_linked_to_stomach,anxiety,44,44,True,stomach,51,0.29107919335365295,stomach,51,0.29107919335365295
ea_llm_self_adaptive_api_1303_run4_20260722_032823.json,1303,4,crossover,1,emotional_body_parts,bodyparts,stomach,51,51,True,stomach,51,1.0,stomach,51,1.0
ea_llm_self_adaptive_api_1303_run4_20260722_032823.json,1303,5,s_mutation,,refined_stomach_discomfort_terms,emotional_states_linked_to_stomach,discomfort,19,19,True,ache,61,0.4056941568851471,ache,61,0.4056941568851471
ea_llm_self_adaptive_api_1303_run4_20260722_032823.json,1303,5,l_mutation,,material_states,bodyparts,stomach,51,51,True,liquid,375,0.2373565435409546,liquid,375,0.2373565435409546
ea_llm_self_adaptive_api_1303_run4_20260722_032823.json,1303,5,m_mutation,,punctuation symbols,time intervals,period,135,135,True,dot,5048,0.12435067445039749,dot,5048,0.12435067445039749
ea_llm_self_adaptive_api_1303_run4_20260722_032823.json,1303,5,m_mutation,,time_perception,measurement_terms,time,165,165,True,perception,1741,0.17668913304805756,experience,106,0.46789512038230896
ea_llm_self_adaptive_api_1303_run4_20260722_032823.json,1303,5,l_mutation,,physical_attributes_of_environments,external_influences_on_mood,weather,232,232,True,texture,3091,0.09821871668100357,pattern,625,0.25299662351608276
ea_llm_self_adaptive_api_1303_run4_20260722_032823.json,1303,5,crossover,0,body_parts_linked_to_emotions,emotional_states_linked_to_stomach,discomfort,19,19,True,stomach,51,0.4871642291545868,stomach,51,0.4871642291545868
ea_llm_self_adaptive_api_1303_run4_20260722_032823.json,1303,5,crossover,1,body_parts_linked_to_emotions,bodyparts,stomach,51,51,True,stomach,51,1.0,stomach,51,1.0
ea_llm_self_adaptive_api_1303_run4_20260722_032823.json,1303,6,ml_mutation,,physiological_responses_to_environment,external_influences_on_mood,temperature,2,2,True,pulse,315,0.3584034740924835,sweat,59,0.1913197934627533
ea_llm_self_adaptive_api_1303_run4_20260722_032823.json,1303,6,m_mutation,,physiological_responses_to_illness,emotional_states_linked_to_stomach,nausea,12,12,True,sickness,45,0.5182520151138306,sickness,45,0.5182520151138306
ea_llm_self_adaptive_api_1303_run4_20260722_032823.json,1303,6,l_mutation,,culinary_sensory_terms,bodyparts,stomach,51,51,True,flavor,1718,0.11805684119462967,flavor,1718,0.11805684119462967
ea_llm_self_adaptive_api_1303_run4_20260722_032823.json,1303,6,s_mutation,,focused_stomach_ache_terms,refined_stomach_discomfort_terms,ache,61,61,True,cramp,41,0.24578817188739777,cramp,41,0.24578817188739777
ea_llm_self_adaptive_api_1303_run4_20260722_032823.json,1303,6,ml_mutation,,mental_processes,time_perception,experience,106,106,True,thought,388,0.4582628011703491,reasoning,312,0.234756201505661
ea_llm_self_adaptive_api_1303_run4_20260722_032823.json,1303,6,crossover,0,external_stressors_and_gut_emotions,external_influences_on_mood,temperature,2,2,True,stress,48,0.32890787720680237,anxiety,44,0.15450550615787506
ea_llm_self_adaptive_api_1303_run4_20260722_032823.json,1303,6,crossover,1,external_stressors_and_gut_emotions,emotional_states_linked_to_stomach,nausea,12,12,True,stress,48,0.35983848571777344,anxiety,44,0.4400803744792938
ea_llm_self_adaptive_api_1303_run5_20260722_034211.json,1303,1,l_mutation,,environments,emotions,anxiety,44,44,True,spaces,2525,0.09549674391746521,conditions,27,0.24644169211387634
ea_llm_self_adaptive_api_1303_run5_20260722_034211.json,1303,1,ml_mutation,,symptoms,body,stomach,51,51,True,nausea,12,0.4896194040775299,pain,5,0.5372480750083923
ea_llm_self_adaptive_api_1303_run5_20260722_034211.json,1303,1,l_mutation,,celestial phenomena,time,week,166,166,True,sun,1200,0.20145946741104126,sun,1200,0.20145946741104126
ea_llm_self_adaptive_api_1303_run5_20260722_034211.json,1303,1,s_mutation,,healthcare roles,professions,doctor,410,410,True,physician,1489,0.7040849924087524,physician,1489,0.7040849924087524
ea_llm_self_adaptive_api_1303_run5_20260722_034211.json,1303,1,ml_mutation,,descriptors,colors,red,436,436,True,vivid,3523,0.20376740396022797,vivid,3523,0.20376740396022797
ea_llm_self_adaptive_api_1303_run5_20260722_034211.json,1303,1,crossover,0,contextual_factors,symptoms,pain,5,5,True,context,3210,0.19386452436447144,status,959,0.12687072157859802
ea_llm_self_adaptive_api_1303_run5_20260722_034211.json,1303,1,crossover,1,contextual_factors,environments,conditions,27,27,True,context,3210,0.3154657483100891,status,959,0.30301767587661743
ea_llm_self_adaptive_api_1307_run1_20260722_160312.json,1307,1,ml_mutation,,relationships,emotions,love,148,148,True,friendship,111,0.49184998869895935,friendship,111,0.49184998869895935
ea_llm_self_adaptive_api_1307_run1_20260722_160312.json,1307,1,m_mutation,,professional roles,human activities,work,745,745,True,labor,4937,0.3769552409648895,duty,1947,0.32362979650497437
ea_llm_self_adaptive_api_1307_run1_20260722_160312.json,1307,1,s_mutation,,subterranean plant structures,parts of a plant,root,1183,1183,True,base,2065,0.18898317217826843,base,2065,0.18898317217826843
ea_llm_self_adaptive_api_1307_run1_20260722_160312.json,1307,1,s_mutation,,internal organs,parts of the body,heart,1255,1255,True,organ,7893,0.3223489820957184,stomach,6986,0.4978042542934418
ea_llm_self_adaptive_api_1307_run1_20260722_160312.json,1307,1,l_mutation,,written documentation,everyday objects,book,1801,1801,True,scroll,14601,0.22616201639175415,guide,2222,0.5236101150512695
ea_llm_self_adaptive_api_1307_run1_20260722_160312.json,1307,1,crossover,0,emotional_bonds,relationships,friendship,111,111,True,love,148,0.49184998869895935,love,148,0.49184998869895935
ea_llm_self_adaptive_api_1307_run1_20260722_160312.json,1307,1,crossover,1,emotional_bonds,emotions,love,148,148,True,love,148,1.0,love,148,1.0
ea_llm_self_adaptive_api_1307_run1_20260722_160312.json,1307,2,l_mutation,,contextual understanding,emotions,empathy,19,19,True,context,1039,0.254537433385849,perception,329,0.40023016929626465
ea_llm_self_adaptive_api_1307_run1_20260722_160312.json,1307,2,ml_mutation,,types of cooperation,relationships,friendship,111,111,True,teamwork,62,0.31084373593330383,teamwork,62,0.31084373593330383
ea_llm_self_adaptive_api_1307_run1_20260722_160312.json,1307,2,ml_mutation,,economic sectors,human activities,work,745,745,True,industry,1728,0.34441250562667847,industry,1728,0.34441250562667847
ea_llm_self_adaptive_api_1307_run1_20260722_160312.json,1307,2,ml_mutation,,plant physiological processes,parts of a plant,root,1183,1183,True,absorption,19297,0.11983618140220642,storage,12533,0.18004022538661957
ea_llm_self_adaptive_api_1307_run1_20260722_160312.json,1307,2,l_mutation,,celestial objects,parts of the body,heart,1255,1255,True,star,8016,0.22395332157611847,star,8016,0.22395332157611847
ea_llm_self_adaptive_api_1307_run1_20260722_160312.json,1307,2,crossover,0,emotional_cooperation,emotions,empathy,19,19,True,synergy,5053,0.20057328045368195,trust,96,0.22233229875564575
ea_llm_self_adaptive_api_1307_run1_20260722_160312.json,1307,2,crossover,1,emotional_cooperation,types of cooperation,teamwork,62,62,True,synergy,5053,0.4052949845790863,trust,96,0.21652118861675262
ea_llm_self_adaptive_api_1307_run1_20260722_160312.json,1307,3,l_mutation,,systemic_support,emotional_cooperation,compassion,13,13,True,systemic,8795,0.10405408591032028,support,2177,0.26317307353019714
ea_llm_self_adaptive_api_1307_run1_20260722_160312.json,1307,3,s_mutation,,empathetic connections,emotions,empathy,19,19,True,sympathy,383,0.6044002771377563,understanding,78,0.4986709952354431
ea_llm_self_adaptive_api_1307_run1_20260722_160312.json,1307,3,l_mutation,,environmental structures,types of cooperation,teamwork,62,62,True,spaces,4563,0.05541319027543068,settings,2094,0.04652988165616989
ea_llm_self_adaptive_api_1307_run1_20260722_160312.json,1307,3,s_mutation,,social bonds,relationships,friendship,111,111,True,camaraderie,214,0.4217405915260315,camaraderie,214,0.4217405915260315
ea_llm_self_adaptive_api_1307_run1_20260722_160312.json,1307,3,ml_mutation,,cognitive functions,contextual understanding,perception,329,329,True,attention,292,0.3299369812011719,reasoning,267,0.43497365713119507
ea_llm_self_adaptive_api_1307_run1_20260722_160312.json,1307,3,crossover,0,empathetic_cooperation,emotional_cooperation,compassion,13,13,True,empathy,19,0.7222862839698792,empathy,19,0.7222862839698792
ea_llm_self_adaptive_api_1307_run1_20260722_160312.json,1307,3,crossover,1,empathetic_cooperation,emotions,empathy,19,19,True,empathy,19,1.0,empathy,19,1.0
ea_llm_self_adaptive_api_1307_run1_20260722_160312.json,1307,4,s_mutation,,emotional_compassion,emotional_cooperation,compassion,13,13,True,care,101,0.28736692667007446,kindness,11,0.696172833442688
ea_llm_self_adaptive_api_1307_run1_20260722_160312.json,1307,4,l_mutation,,social_structures,emotions,empathy,19,19,True,behavior,785,0.29424765706062317,behavior,785,0.29424765706062317
ea_llm_self_adaptive_api_1307_run1_20260722_160312.json,1307,4,ml_mutation,,forms of social interaction,types of cooperation,teamwork,62,62,True,dialogue,453,0.22312846779823303,dialogue,453,0.22312846779823303
ea_llm_self_adaptive_api_1307_run1_20260722_160312.json,1307,4,m_mutation,,cognitive structures,empathetic connections,understanding,78,78,True,clarity,81,0.3830834627151489,clarity,81,0.3830834627151489
ea_llm_self_adaptive_api_1307_run1_20260722_160312.json,1307,4,m_mutation,,social dynamics of support,relationships,friendship,111,111,True,aid,5831,0.15997375547885895,mutual,435,0.5050490498542786
ea_llm_self_adaptive_api_1307_run1_20260722_160312.json,1307,4,crossover,0,emotional_synergy,emotional_compassion,kindness,11,11,True,synergy,5053,0.09896036237478256,compassion,13,0.696172833442688
ea_llm_self_adaptive_api_1307_run1_20260722_160312.json,1307,4,crossover,1,emotional_synergy,emotional_cooperation,compassion,13,13,True,synergy,5053,0.14030486345291138,compassion,13,1.0
ea_llm_self_adaptive_api_1307_run1_20260722_160312.json,1307,5,s_mutation,,emotional_kindness_refinement,emotional_compassion,kindness,11,11,True,generosity,15,0.7420545816421509,generosity,15,0.7420545816421509
ea_llm_self_adaptive_api_1307_run1_20260722_160312.json,1307,5,s_mutation,,compassionate_cooperation,emotional_cooperation,compassion,13,13,True,kindness,11,0.696172833442688,kindness,11,0.696172833442688
ea_llm_self_adaptive_api_1307_run1_20260722_160312.json,1307,5,ml_mutation,,personal qualities,emotions,empathy,19,19,True,resilience,293,0.39385274052619934,courage,10,0.4352041482925415
ea_llm_self_adaptive_api_1307_run1_20260722_160312.json,1307,5,ml_mutation,,values,relationships,loyalty,33,33,True,honesty,1,0.5557053089141846,honesty,1,0.5557053089141846
ea_llm_self_adaptive_api_1307_run2_20260722_171316.json,1307,1,ml_mutation,,relational terms,concept,love,148,148,True,bond,4633,0.1998254358768463,affection,76,0.5818217992782593
ea_llm_self_adaptive_api_1307_run2_20260722_171316.json,1307,1,l_mutation,,natural patterns,emotion,joy,372,372,True,pattern,8544,-0.026149410754442215,rhythm,4262,0.1990385204553604
ea_llm_self_adaptive_api_1307_run2_20260722_171316.json,1307,1,s_mutation,,canine,animal,dog,808,808,True,pup,,0.3080032169818878,canine,9257,0.5038436055183411
ea_llm_self_adaptive_api_1307_run2_20260722_171316.json,1307,1,l_mutation,,spatial positions,direction,right,1066,1066,True,spot,8386,0.41920992732048035,place,2482,0.4233734905719757
ea_llm_self_adaptive_api_1307_run2_20260722_171316.json,1307,1,m_mutation,,collaborative roles,family,partner,1742,1742,True,associate,4141,0.3334599435329437,colleague,751,0.38020315766334534
ea_llm_self_adaptive_api_1307_run2_20260722_171316.json,1307,1,crossover,0,relational_concepts,relational terms,affection,76,76,True,principle,161,0.18905124068260193,principle,161,0.18905124068260193
ea_llm_self_adaptive_api_1307_run2_20260722_171316.json,1307,1,crossover,1,relational_concepts,concept,love,148,148,True,principle,161,0.18674901127815247,principle,161,0.18674901127815247
ea_llm_self_adaptive_api_1307_run2_20260722_171316.json,1307,2,m_mutation,,emotional expressions,relational terms,affection,76,76,True,touch,612,0.299172580242157,emotion,100,0.5089846849441528
ea_llm_self_adaptive_api_1307_run2_20260722_171316.json,1307,2,l_mutation,,cultural symbols,concept,love,148,148,True,symbol,4298,0.2761026918888092,tradition,555,0.3472445011138916
ea_llm_self_adaptive_api_1307_run2_20260722_171316.json,1307,2,m_mutation,,physiological_response,emotion,feeling,159,159,True,sensation,6884,0.40393462777137756,perception,329,0.4374217092990875
ea_llm_self_adaptive_api_1307_run2_20260722_171316.json,1307,2,ml_mutation,,organizational hierarchy roles,collaborative roles,colleague,751,751,True,peer,586,0.15396815538406372,peer,586,0.15396815538406372
ea_llm_self_adaptive_api_1307_run2_20260722_171316.json,1307,2,s_mutation,,domestic companions,animal,dog,808,808,True,pet,6839,0.6291598081588745,breed,3528,0.48195916414260864
ea_llm_self_adaptive_api_1307_run2_20260722_171316.json,1307,2,crossover,0,emotional_relations,relational terms,affection,76,76,True,affection,76,0.9999998807907104,affection,76,0.9999998807907104
ea_llm_self_adaptive_api_1307_run2_20260722_171316.json,1307,2,crossover,1,emotional_relations,emotional expressions,emotion,100,100,True,affection,76,0.5089846849441528,affection,76,0.5089846849441528
ea_llm_self_adaptive_api_1307_run2_20260722_171316.json,1307,3,l_mutation,,interaction styles,emotional expressions,kindness,11,11,True,manner,127,0.26767951250076294,manner,127,0.26767951250076294
ea_llm_self_adaptive_api_1307_run2_20260722_171316.json,1307,3,ml_mutation,,mental attitudes,concept,belief,70,70,True,trust,96,0.2998250722885132,trust,96,0.2998250722885132
ea_llm_self_adaptive_api_1307_run2_20260722_171316.json,1307,3,m_mutation,,emotional experiences of affection,relational terms,affection,76,76,True,care,101,0.18900829553604126,care,101,0.18900829553604126
ea_llm_self_adaptive_api_1307_run2_20260722_171316.json,1307,3,l_mutation,,environmental context,physiological_response,perception,329,329,True,environment,1605,0.27982041239738464,context,1039,0.49203217029571533
ea_llm_self_adaptive_api_1307_run2_20260722_171316.json,1307,3,m_mutation,,transmission,cultural symbols,tradition,555,555,True,practice,1123,0.4295388162136078,practice,1123,0.4295388162136078
ea_llm_self_adaptive_api_1307_run2_20260722_171316.json,1307,3,crossover,0,emotional_concepts,emotional expressions,kindness,11,11,True,love,148,0.37632861733436584,love,148,0.37632861733436584
ea_llm_self_adaptive_api_1307_run2_20260722_171316.json,1307,3,crossover,1,emotional_concepts,concept,belief,70,70,True,love,148,0.3665628731250763,love,148,0.3665628731250763
ea_llm_self_adaptive_api_1307_run2_20260722_171316.json,1307,4,m_mutation,,actions of assistance,emotional expressions,kindness,11,11,True,help,2056,0.12013392150402069,generosity,15,0.7420545816421509
ea_llm_self_adaptive_api_1307_run2_20260722_171316.json,1307,4,s_mutation,,mental stance,mental attitudes,attitude,31,31,True,stance,1223,0.6303504109382629,stance,1223,0.6303504109382629
ea_llm_self_adaptive_api_1307_run2_20260722_171316.json,1307,4,m_mutation,,motive,concept,belief,70,70,True,motive,295,0.27039095759391785,motive,295,0.27039095759391785
ea_llm_self_adaptive_api_1307_run2_20260722_171316.json,1307,4,s_mutation,,emotional bonds,relational terms,affection,76,76,True,fondness,625,0.6326471567153931,devotion,51,0.5927819609642029
ea_llm_self_adaptive_api_1307_run2_20260722_171316.json,1307,4,m_mutation,,tactile manifestations of gentleness,emotional experiences of affection,gentleness,79,79,True,softness,2069,0.3434973359107971,delicacy,1074,0.331605464220047
ea_llm_self_adaptive_api_1307_run2_20260722_171316.json,1307,4,crossover,0,emotional assistance,emotional expressions,kindness,11,11,True,compassion,13,0.696172833442688,compassion,13,0.696172833442688
ea_llm_self_adaptive_api_1307_run2_20260722_171316.json,1307,4,crossover,1,emotional assistance,actions of assistance,generosity,15,15,True,compassion,13,0.6831380724906921,compassion,13,0.6831380724906921
ea_llm_self_adaptive_api_1307_run2_20260722_171316.json,1307,5,l_mutation,,spatial interactions,emotional expressions,kindness,11,11,True,presence,1135,0.07772364467382431,presence,1135,0.07772364467382431
ea_llm_self_adaptive_api_1307_run2_20260722_171316.json,1307,5,m_mutation,,traits of generosity,actions of assistance,generosity,15,15,True,benevolence,205,0.5013435482978821,openness,12,0.48590001463890076
ea_llm_self_adaptive_api_1307_run2_20260722_171316.json,1307,5,m_mutation,,physical orientation,mental attitudes,attitude,31,31,True,stance,1223,0.6303504109382629,stance,1223,0.6303504109382629
ea_llm_self_adaptive_api_1307_run2_20260722_171316.json,1307,5,l_mutation,,group interactions,emotional bonds,loyalty,33,33,True,group,5142,0.1004548966884613,interaction,1855,0.17995613813400269
ea_llm_self_adaptive_api_1307_run2_20260722_171316.json,1307,5,l_mutation,,existential constructs,concept,belief,70,70,True,existence,1396,0.4588932693004608,reality,479,0.36710184812545776
ea_llm_self_adaptive_api_1307_run2_20260722_171316.json,1307,5,crossover,0,empathetic generosity,emotional expressions,kindness,11,11,True,compassion,13,0.696172833442688,kindness,11,0.9999998807907104
ea_llm_self_adaptive_api_1307_run2_20260722_171316.json,1307,5,crossover,1,empathetic generosity,traits of generosity,openness,12,12,True,compassion,13,0.41676199436187744,kindness,11,0.3707948625087738
ea_llm_self_adaptive_api_1307_run2_20260722_171316.json,1307,6,ml_mutation,,social virtues,emotional expressions,kindness,11,11,True,trust,96,0.2773999571800232,respect,26,0.4088558256626129
ea_llm_self_adaptive_api_1307_run2_20260722_171316.json,1307,6,ml_mutation,,personality traits,traits of generosity,openness,12,12,True,curiosity,170,0.32363656163215637,curiosity,170,0.32363656163215637
ea_llm_self_adaptive_api_1307_run2_20260722_171316.json,1307,6,m_mutation,,internal dispositions of giving,actions of assistance,generosity,15,15,True,trait,658,0.23602476716041565,quality,75,0.09913913160562515
ea_llm_self_adaptive_api_1307_run2_20260722_171316.json,1307,6,s_mutation,,cognitive stances,mental attitudes,attitude,31,31,True,viewpoint,1085,0.3694463074207306,opinion,353,0.33619779348373413
ea_llm_self_adaptive_api_1307_run2_20260722_171316.json,1307,6,l_mutation,,inner fortitude,emotional bonds,loyalty,33,33,True,resilience,293,0.3337019085884094,courage,10,0.4670017957687378
ea_llm_self_adaptive_api_1307_run2_20260722_171316.json,1307,6,crossover,0,emotional_resilience,inner fortitude,courage,10,10,True,fortitude,303,0.5895146727561951,fortitude,303,0.5895146727561951
ea_llm_self_adaptive_api_1307_run2_20260722_171316.json,1307,6,crossover,1,emotional_resilience,emotional expressions,kindness,11,11,True,fortitude,303,0.4108625054359436,fortitude,303,0.4108625054359436
ea_llm_self_adaptive_api_1307_run2_20260722_171316.json,1307,7,ml_mutation,,moral virtues,personality traits,integrity,3,3,True,honesty,1,0.6215124726295471,honesty,1,0.6215124726295471
ea_llm_self_adaptive_api_1307_run3_20260722_181845.json,1307,1,m_mutation,,survival,emotions,fear,302,302,True,survival,4090,0.2869308590888977,avoid,1593,0.5247417092323303
ea_llm_self_adaptive_api_1307_run3_20260722_181845.json,1307,1,m_mutation,,functional_aspects,common_actions,work,745,745,True,function,3561,0.28810155391693115,maintain,483,0.3472231328487396
ea_llm_self_adaptive_api_1307_run3_20260722_181845.json,1307,1,l_mutation,,animal_human_roles,common_animals,dog,808,808,True,companion,4525,0.39121702313423157,guard,4135,0.2141682505607605
ea_llm_self_adaptive_api_1307_run3_20260722_181845.json,1307,1,s_mutation,,written_materials,common_objects,book,1801,1801,True,novel,4106,0.6966711282730103,guide,2222,0.5236101150512695
ea_llm_self_adaptive_api_1307_run3_20260722_181845.json,1307,1,ml_mutation,,gestures,body_parts,hand,1952,1952,True,wave,16245,0.25240370631217957,point,1266,0.34076178073883057
ea_llm_self_adaptive_api_1307_run3_20260722_181845.json,1307,1,crossover,0,emotional_function,emotions,fear,302,302,True,affect,2611,0.3975396156311035,handle,2288,0.18242871761322021
ea_llm_self_adaptive_api_1307_run3_20260722_181845.json,1307,1,crossover,1,emotional_function,functional_aspects,maintain,483,483,True,affect,2611,0.35569077730178833,handle,2288,0.3050073981285095
ea_llm_self_adaptive_api_1307_run3_20260722_181845.json,1307,2,ml_mutation,,physical sensations,emotions,fear,302,302,True,tremor,26385,0.14167910814285278,sweat,7052,0.1700112223625183
ea_llm_self_adaptive_api_1307_run3_20260722_181845.json,1307,2,s_mutation,,sustaining_processes,functional_aspects,maintain,483,483,True,sustain,2514,0.6103719472885132,preserve,1838,0.6137502789497375
ea_llm_self_adaptive_api_1307_run3_20260722_181845.json,1307,2,s_mutation,,innate responses,survival,instinct,712,712,True,impulse,3586,0.4432468116283417,intuition,223,0.5664775371551514
ea_llm_self_adaptive_api_1307_run3_20260722_181845.json,1307,2,m_mutation,,creative_processes,common_actions,write,723,723,True,think,324,0.3792467713356018,think,324,0.3792467713356018
ea_llm_self_adaptive_api_1307_run3_20260722_181845.json,1307,2,ml_mutation,,animal_features,common_animals,dog,808,808,True,fur,12749,0.28962212800979614,fur,12749,0.28962212800979614
ea_llm_self_adaptive_api_1307_run3_20260722_181845.json,1307,2,crossover,0,automatic_emotions,innate responses,intuition,223,223,True,fear,302,0.08561433106660843,fear,302,0.08561433106660843
ea_llm_self_adaptive_api_1307_run3_20260722_181845.json,1307,2,crossover,1,automatic_emotions,emotions,fear,302,302,True,fear,302,1.0,fear,302,1.0
ea_llm_self_adaptive_api_1307_run3_20260722_181845.json,1307,3,ml_mutation,,psychological terminology,emotions,emotion,100,100,True,thought,466,0.30883926153182983,thought,466,0.30883926153182983
ea_llm_self_adaptive_api_1307_run3_20260722_181845.json,1307,3,s_mutation,,inborn traits,innate responses,inherent,206,206,True,inborn,4959,0.35597577691078186,essential,844,0.30682486295700073
ea_llm_self_adaptive_api_1307_run3_20260722_181845.json,1307,3,m_mutation,,analytical thinking,creative_processes,think,324,324,True,analyze,3890,0.23605118691921234,reason,267,0.6869016289710999
ea_llm_self_adaptive_api_1307_run3_20260722_181845.json,1307,3,ml_mutation,,sensory_characteristics,functional_aspects,perception,329,329,True,sense,38,0.5540568232536316,sense,38,0.5540568232536316
ea_llm_self_adaptive_api_1307_run3_20260722_181845.json,1307,3,m_mutation,,normative_commitments,sustaining_processes,uphold,337,337,True,affirm,1574,0.6357697248458862,defend,1377,0.45464828610420227
ea_llm_self_adaptive_api_1307_run3_20260722_181845.json,1307,3,crossover,0,perceptual_emotions,sensory_characteristics,sense,38,38,True,feel,352,0.6225044131278992,feel,352,0.6225044131278992
ea_llm_self_adaptive_api_1307_run3_20260722_181845.json,1307,3,crossover,1,perceptual_emotions,emotions,emotion,100,100,True,feel,352,0.4212428331375122,feel,352,0.4212428331375122
ea_llm_self_adaptive_api_1307_run3_20260722_181845.json,1307,4,ml_mutation,,cognitive_processes,sensory_characteristics,sense,38,38,True,consider,777,0.36818739771842957,judge,564,0.16803020238876343
ea_llm_self_adaptive_api_1307_run3_20260722_181845.json,1307,4,l_mutation,,social_constructs,psychological terminology,belief,70,70,True,values,296,0.4460331201553345,principles,161,0.510753333568573
ea_llm_self_adaptive_api_1307_run3_20260722_181845.json,1307,4,ml_mutation,,physical reactions,emotions,emotion,100,100,True,flush,16261,0.05231665074825287,relax,2854,0.13539846241474152
ea_llm_self_adaptive_api_1307_run3_20260722_181845.json,1307,4,m_mutation,,inherent qualities,innate responses,inherent,206,206,True,trait,658,0.3233335018157959,quality,75,0.28064659237861633
ea_llm_self_adaptive_api_1307_run3_20260722_181845.json,1307,4,s_mutation,,logical reasoning,analytical thinking,reason,267,267,True,infer,11045,0.18199360370635986,deliberate,1650,0.2874685227870941
ea_llm_self_adaptive_api_1307_run3_20260722_181845.json,1307,4,crossover,0,perceptual_cognition,sensory_characteristics,sense,38,38,True,perception,329,0.5540568232536316,perception,329,0.5540568232536316
ea_llm_self_adaptive_api_1307_run3_20260722_181845.json,1307,4,crossover,1,perceptual_cognition,psychological terminology,belief,70,70,True,perception,329,0.5214825868606567,perception,329,0.5214825868606567
ea_llm_self_adaptive_api_1307_run3_20260722_181845.json,1307,5,m_mutation,,Body Orientation,psychological terminology,attitude,31,31,True,posture,4161,0.4777365028858185,stance,1223,0.6303504109382629
ea_llm_self_adaptive_api_1307_run3_20260722_181845.json,1307,5,ml_mutation,,cognitive_processes,sensory_characteristics,sense,38,38,True,understand,193,0.5627182126045227,understand,193,0.5627182126045227
ea_llm_self_adaptive_api_1307_run3_20260722_181845.json,1307,5,l_mutation,,emergent structures,inherent qualities,quality,75,75,True,formation,26231,0.09079628437757492,pattern,8544,0.20847515761852264
ea_llm_self_adaptive_api_1307_run3_20260722_181845.json,1307,5,l_mutation,,interpersonal physiology,emotions,affection,76,76,True,physiology,13104,0.07103091478347778,interaction,1855,0.2654092609882355
ea_llm_self_adaptive_api_1307_run3_20260722_181845.json,1307,5,m_mutation,,scientific_foundations,social_constructs,principles,161,161,True,axioms,6598,0.25416508316993713,laws,1921,0.44276371598243713
ea_llm_self_adaptive_api_1307_run3_20260722_181845.json,1307,5,crossover,0,perceptual_cognition,psychological terminology,attitude,31,31,True,discern,1342,0.10688520222902298,recognize,442,0.28719568252563477
ea_llm_self_adaptive_api_1307_run3_20260722_181845.json,1307,5,crossover,1,perceptual_cognition,sensory_characteristics,sense,38,38,True,discern,1342,0.1695534586906433,recognize,442,0.34240928292274475
ea_llm_self_adaptive_api_1307_run3_20260722_181845.json,1307,6,l_mutation,,physical_environments,psychological terminology,attitude,31,31,True,space,4563,0.1747986376285553,environment,1605,0.32189130783081055
ea_llm_self_adaptive_api_1307_run3_20260722_181845.json,1307,6,m_mutation,,semantic_meaning,sensory_characteristics,sense,38,38,True,mean,480,0.4674464166164398,mean,480,0.4674464166164398
ea_llm_self_adaptive_api_1307_run3_20260722_181845.json,1307,6,ml_mutation,,drives,emotions,passion,45,45,True,drive,1840,0.2050255984067917,motive,295,0.20802319049835205
ea_llm_self_adaptive_api_1307_run3_20260722_181845.json,1307,6,s_mutation,,inherent core forms,inherent qualities,quality,75,75,True,core,1692,0.27895891666412354,kind,153,0.3977198004722595
ea_llm_self_adaptive_api_1307_run3_20260722_181845.json,1307,6,s_mutation,,ethical_guidelines,social_constructs,principles,161,161,True,guidelines,2474,0.46893176436424255,standards,447,0.448997437953949
ea_llm_self_adaptive_api_1307_run3_20260722_181845.json,1307,6,crossover,0,sensory_cognition,psychological terminology,attitude,31,31,True,perceive,632,0.3446541726589203,perceive,632,0.3446541726589203
ea_llm_self_adaptive_api_1307_run3_20260722_181845.json,1307,6,crossover,1,sensory_cognition,sensory_characteristics,sense,38,38,True,perceive,632,0.37950465083122253,perceive,632,0.37950465083122253
ea_llm_self_adaptive_api_1307_run3_20260722_181845.json,1307,7,s_mutation,,empathic feelings,emotions,empathy,19,19,True,compassion,13,0.7222862839698792,compassion,13,0.7222862839698792
ea_llm_self_adaptive_api_1307_run3_20260722_181845.json,1307,7,l_mutation,,terrain features,psychological terminology,attitude,31,31,True,slope,,0.14920765161514282,valley,18420,0.02108922228217125
ea_llm_self_adaptive_api_1307_run3_20260722_181845.json,1307,7,ml_mutation,,descriptive_terms,sensory_characteristics,sense,38,38,True,describe,813,0.43600231409072876,describe,813,0.43600231409072876
ea_llm_self_adaptive_api_1307_run3_20260722_181845.json,1307,7,l_mutation,,dynamic conditions,inherent qualities,quality,75,75,True,condition,2041,0.3050699532032013,condition,2041,0.3050699532032013
ea_llm_self_adaptive_api_1307_run3_20260722_181845.json,1307,7,ml_mutation,,inherent qualities,inherent core forms,kind,153,153,True,basic,1710,0.3370823562145233,quality,75,0.3977198004722595
ea_llm_self_adaptive_api_1307_run3_20260722_181845.json,1307,7,crossover,0,empathic emotions,empathic feelings,compassion,13,13,True,empathy,19,0.7222862839698792,compassion,13,1.0
ea_llm_self_adaptive_api_1307_run3_20260722_181845.json,1307,7,crossover,1,empathic emotions,emotions,empathy,19,19,True,empathy,19,1.0,compassion,13,0.7222862839698792
ea_llm_self_adaptive_api_1307_run3_20260722_181845.json,1307,8,m_mutation,,Kindness as Action,empathic feelings,kindness,11,11,True,act,1228,0.2430049031972885,deed,1136,0.25591543316841125
ea_llm_self_adaptive_api_1307_run3_20260722_181845.json,1307,8,ml_mutation,,social engagement,emotions,empathy,19,19,True,engage,628,0.1691683828830719,relate,542,0.28806769847869873
ea_llm_self_adaptive_api_1307_run3_20260722_181845.json,1307,8,ml_mutation,,social orientation,psychological terminology,attitude,31,31,True,manner,127,0.5263509154319763,manner,127,0.5263509154319763
ea_llm_self_adaptive_api_1307_run3_20260722_181845.json,1307,8,l_mutation,,motor_actions,sensory_characteristics,sense,38,38,True,movement,3625,0.30613264441490173,balance,664,0.4289638102054596
ea_llm_self_adaptive_api_1307_run3_20260722_181845.json,1307,8,m_mutation,,judgment criteria,inherent qualities,quality,75,75,True,criterion,1920,0.21776385605335236,measure,987,0.33647388219833374
ea_llm_self_adaptive_api_1307_run3_20260722_181845.json,1307,8,crossover,0,empathic emotions,empathic feelings,kindness,11,11,True,empathy,19,0.5481263995170593,compassion,13,0.696172833442688
ea_llm_self_adaptive_api_1307_run3_20260722_181845.json,1307,8,crossover,1,empathic emotions,emotions,empathy,19,19,True,empathy,19,1.0,compassion,13,0.7222862839698792
ea_llm_self_adaptive_api_1307_run3_20260722_181845.json,1307,9,l_mutation,,artistic expression,empathic feelings,kindness,11,11,True,art,3920,0.07945796102285385,creativity,68,0.35096633434295654
ea_llm_self_adaptive_api_1307_run3_20260722_181845.json,1307,9,ml_mutation,,social resonance,emotions,empathy,19,19,True,attunement,6659,0.2278413027524948,synergy,5053,0.20057328045368195
ea_llm_self_adaptive_api_1307_run3_20260722_181845.json,1307,9,l_mutation,,spatial dynamics,social orientation,respect,26,26,True,shape,5501,0.2776115834712982,order,2256,0.40193799138069153
ea_llm_self_adaptive_api_1307_run3_20260722_181845.json,1307,9,m_mutation,,physical postures and orientations,psychological terminology,attitude,31,31,True,stance,1223,0.6303504109382629,manner,127,0.5263509154319763
ea_llm_self_adaptive_api_1307_run3_20260722_181845.json,1307,9,ml_mutation,,response mechanisms,sensory_characteristics,sense,38,38,True,response,1748,0.3400370180606842,focus,668,0.41914620995521545
ea_llm_self_adaptive_api_1307_run3_20260722_181845.json,1307,9,crossover,0,empathic emotions,empathic feelings,kindness,11,11,True,empathy,19,0.5481263995170593,empathy,19,0.5481263995170593
ea_llm_self_adaptive_api_1307_run3_20260722_181845.json,1307,9,crossover,1,empathic emotions,emotions,empathy,19,19,True,empathy,19,1.0,empathy,19,1.0
ea_llm_self_adaptive_api_1307_run3_20260722_181845.json,1307,10,m_mutation,,moral principles,social orientation,fairness,8,8,True,equity,3627,0.2396164983510971,impartiality,91,0.6326548457145691
ea_llm_self_adaptive_api_1307_run3_20260722_181845.json,1307,10,ml_mutation,,virtues,psychological terminology,courage,10,10,True,bravery,29,0.6509631276130676,honesty,1,0.5702387094497681
ea_llm_self_adaptive_api_1307_run4_20260722_184920.json,1307,1,s_mutation,,moral emotions,emotions,shame,94,94,True,guilt,657,0.49058952927589417,guilt,657,0.49058952927589417
ea_llm_self_adaptive_api_1307_run4_20260722_184920.json,1307,1,s_mutation,,nurturancefocus,wellnessaspects,care,101,101,True,tend,1345,0.3347491919994354,nurture,761,0.18680456280708313
ea_llm_self_adaptive_api_1307_run4_20260722_184920.json,1307,1,l_mutation,,creativeprocesses,dailyactivities,work,745,745,True,design,3808,0.42429840564727783,craft,2276,0.2718391716480255
ea_llm_self_adaptive_api_1307_run4_20260722_184920.json,1307,1,ml_mutation,,occupationalroles,familymembers,parent,1482,1482,True,colleague,751,0.09091690927743912,colleague,751,0.09091690927743912
ea_llm_self_adaptive_api_1307_run4_20260722_184920.json,1307,1,s_mutation,,nuances,colors,tone,1545,1545,True,nuance,1888,0.3252314329147339,nuance,1888,0.3252314329147339
ea_llm_self_adaptive_api_1307_run4_20260722_184920.json,1307,1,crossover,0,emotional_wellness,emotions,shame,94,94,True,health,2496,0.07904087007045746,care,101,0.14653053879737854
ea_llm_self_adaptive_api_1307_run4_20260722_184920.json,1307,1,crossover,1,emotional_wellness,wellnessaspects,care,101,101,True,health,2496,0.7632995843887329,care,101,1.0000001192092896
ea_llm_self_adaptive_api_1307_run4_20260722_184920.json,1307,2,m_mutation,,social consequences,emotions,shame,94,94,True,social,1155,0.17343519628047943,social,1155,0.17343519628047943
ea_llm_self_adaptive_api_1307_run4_20260722_184920.json,1307,2,m_mutation,,professionalcareroles,wellnessaspects,care,101,101,True,advise,1432,0.2973653972148895,advise,1432,0.2973653972148895
ea_llm_self_adaptive_api_1307_run4_20260722_184920.json,1307,2,s_mutation,,refined_subtleties,nuances,subtlety,181,181,True,delicacy,1074,0.4626363217830658,finesse,833,0.6240115761756897
ea_llm_self_adaptive_api_1307_run4_20260722_184920.json,1307,2,ml_mutation,,developmentalencouragement,nurturancefocus,foster,606,606,True,encourage,374,0.4126128852367401,encourage,374,0.4126128852367401
ea_llm_self_adaptive_api_1307_run4_20260722_184920.json,1307,2,s_mutation,,workrelatedtasks,dailyactivities,work,745,745,True,task,2953,0.4320184588432312,duty,1947,0.32362979650497437
ea_llm_self_adaptive_api_1307_run4_20260722_184920.json,1307,2,crossover,0,emotional_wellness,emotions,shame,94,94,True,relief,7547,0.10615455359220505,balance,664,0.029680242761969566
ea_llm_self_adaptive_api_1307_run4_20260722_184920.json,1307,2,crossover,1,emotional_wellness,wellnessaspects,care,101,101,True,relief,7547,0.338602215051651,balance,664,0.31640350818634033
ea_llm_self_adaptive_api_1307_run4_20260722_184920.json,1307,3,m_mutation,,moral obligations,workrelatedtasks,responsibility,77,77,True,obligation,854,0.4438895881175995,accountability,37,0.47475898265838623
ea_llm_self_adaptive_api_1307_run4_20260722_184920.json,1307,3,ml_mutation,,social judgment,emotions,shame,94,94,True,respect,26,0.3545597195625305,humility,6,0.3927616477012634
ea_llm_self_adaptive_api_1307_run4_20260722_184920.json,1307,3,m_mutation,,reputation_perception,social consequences,reputation,98,98,True,image,4981,0.5361216068267822,credibility,52,0.5898657441139221
ea_llm_self_adaptive_api_1307_run4_20260722_184920.json,1307,3,ml_mutation,,personaldevelopment,wellnessaspects,care,101,101,True,grow,3026,0.2647078335285187,learn,444,0.31637850403785706
ea_llm_self_adaptive_api_1307_run4_20260722_184920.json,1307,3,ml_mutation,,visual perception,nuances,subtlety,181,181,True,clarity,81,0.5453271865844727,clarity,81,0.5453271865844727
ea_llm_self_adaptive_api_1307_run4_20260722_184920.json,1307,3,crossover,0,ethical_balance,social judgment,humility,6,6,True,responsibility,77,0.23404943943023682,respect,26,0.4678989052772522
ea_llm_self_adaptive_api_1307_run4_20260722_184920.json,1307,3,crossover,1,ethical_balance,moral obligations,accountability,37,37,True,responsibility,77,0.47475898265838623,respect,26,0.37242403626441956
ea_llm_self_adaptive_api_1307_run4_20260722_184920.json,1307,4,l_mutation,,systemic_frameworks,ethical_balance,integrity,3,3,True,framework,4168,0.24987399578094482,coherence,3010,0.311015248298645
ea_llm_self_adaptive_api_1307_run4_20260722_184920.json,1307,4,m_mutation,,personal virtues,social judgment,humility,6,6,True,modesty,50,0.672522246837616,modesty,50,0.672522246837616
ea_llm_self_adaptive_api_1307_run4_20260722_184920.json,1307,4,ml_mutation,,cognitive processes,emotions,empathy,19,19,True,awareness,559,0.38396498560905457,insight,135,0.39932507276535034
ea_llm_self_adaptive_api_1307_run4_20260722_184920.json,1307,4,ml_mutation,,social values,moral obligations,accountability,37,37,True,integrity,3,0.46416109800338745,integrity,3,0.46416109800338745
ea_llm_self_adaptive_api_1307_run4_20260722_184920.json,1307,4,m_mutation,,verification,reputation_perception,credibility,52,52,True,validation,1764,0.2183661162853241,reliability,208,0.44004473090171814
ea_llm_self_adaptive_api_1307_run4_20260722_184920.json,1307,4,crossover,0,ethical_social_principles,ethical_balance,integrity,3,3,True,fairness,8,0.5770283937454224,fairness,8,0.5770283937454224
ea_llm_self_adaptive_api_1307_run4_20260722_184920.json,1307,4,crossover,1,ethical_social_principles,social values,integrity,3,3,True,fairness,8,0.5770283937454224,fairness,8,0.5770283937454224
ea_llm_self_adaptive_api_1307_run5_20260722_201412.json,1307,1,l_mutation,,symbols,emotions,love,148,148,True,symbol,4298,0.2761026918888092,language,2375,0.2357838898897171
ea_llm_self_adaptive_api_1307_run5_20260722_201412.json,1307,1,ml_mutation,,design principles,music,harmony,787,787,True,balance,664,0.3617134094238281,balance,664,0.3617134094238281
ea_llm_self_adaptive_api_1307_run5_20260722_201412.json,1307,1,l_mutation,,domestic environments,animals,dog,808,808,True,home,6830,0.274336576461792,garden,5911,0.21477018296718597
ea_llm_self_adaptive_api_1307_run5_20260722_201412.json,1307,1,s_mutation,,organs,bodyparts,heart,1255,1255,True,organ,7893,0.3223489820957184,organ,7893,0.3223489820957184
ea_llm_self_adaptive_api_1307_run5_20260722_201412.json,1307,1,ml_mutation,,work environments,occupations,teacher,2012,2012,True,office,5244,0.18953099846839905,office,5244,0.18953099846839905
ea_llm_self_adaptive_api_1307_run5_20260722_201412.json,1307,1,crossover,0,emotional_design_harmony,emotions,love,148,148,True,harmony,787,0.3441281020641327,harmony,787,0.3441281020641327
ea_llm_self_adaptive_api_1307_run5_20260722_201412.json,1307,1,crossover,1,emotional_design_harmony,design principles,balance,664,664,True,harmony,787,0.3617134094238281,harmony,787,0.3617134094238281
ea_llm_self_adaptive_api_1307_run5_20260722_201412.json,1307,2,m_mutation,,social consequences of shame,emotions,shame,94,94,True,stigma,2374,0.4728192090988159,reputation,98,0.23826034367084503
ea_llm_self_adaptive_api_1307_run5_20260722_201412.json,1307,2,l_mutation,,motion_flow_energy,emotional_design_harmony,grace,445,445,True,motion,12671,0.1115434542298317,fluid,10525,0.06985277682542801
ea_llm_self_adaptive_api_1307_run5_20260722_201412.json,1307,2,s_mutation,,Structural Stability,design principles,balance,664,664,True,stability,1670,0.5194903612136841,uniformity,1364,0.18735390901565552
ea_llm_self_adaptive_api_1307_run5_20260722_201412.json,1307,2,l_mutation,,natural_integration,music,harmony,787,787,True,ecology,9585,0.26566606760025024,sustainability,1197,0.2115492820739746
ea_llm_self_adaptive_api_1307_run5_20260722_201412.json,1307,2,ml_mutation,,animal characteristics,animals,dog,808,808,True,furry,17202,0.29358676075935364,hairy,12608,0.18103444576263428
ea_llm_self_adaptive_api_1307_run5_20260722_201412.json,1307,2,crossover,0,socially_impactful_emotions,emotions,shame,94,94,True,shame,94,0.9999999403953552,shame,94,0.9999999403953552
ea_llm_self_adaptive_api_1307_run5_20260722_201412.json,1307,2,crossover,1,socially_impactful_emotions,social consequences of shame,reputation,98,98,True,shame,94,0.23826034367084503,shame,94,0.23826034367084503
ea_llm_self_adaptive_api_1307_run5_20260722_201412.json,1307,3,l_mutation,,physical_responses,emotions,shame,94,94,True,tremor,26385,0.01986774243414402,sweat,7052,0.26489365100860596
ea_llm_self_adaptive_api_1307_run5_20260722_201412.json,1307,3,m_mutation,,foundations of credibility,social consequences of shame,reputation,98,98,True,standing,986,0.30322030186653137,credibility,52,0.5898657441139221
ea_llm_self_adaptive_api_1307_run5_20260722_201412.json,1307,3,m_mutation,,structural_resilience,natural_integration,resilience,293,293,True,structure,3989,0.13150009512901306,stress,1252,0.30260851979255676
ea_llm_self_adaptive_api_1307_run5_20260722_201412.json,1307,3,l_mutation,,sensory_resonance,emotional_design_harmony,grace,445,445,True,glow,7199,0.09678572416305542,echo,5391,-0.013094631023705006
ea_llm_self_adaptive_api_1307_run5_20260722_201412.json,1307,3,l_mutation,,physical_forces,design principles,balance,664,664,True,force,3513,0.24393871426582336,force,3513,0.24393871426582336
ea_llm_self_adaptive_api_1307_run5_20260722_201412.json,1307,3,crossover,0,emotional_reputation,foundations of credibility,credibility,52,52,True,shame,94,0.27625831961631775,shame,94,0.27625831961631775
ea_llm_self_adaptive_api_1307_run5_20260722_201412.json,1307,3,crossover,1,emotional_reputation,emotions,shame,94,94,True,shame,94,0.9999999403953552,shame,94,0.9999999403953552
ea_llm_self_adaptive_api_1307_run5_20260722_201412.json,1307,4,m_mutation,,principled consistency,foundations of credibility,integrity,3,3,True,principles,161,0.4688551425933838,ethics,36,0.40637484192848206
ea_llm_self_adaptive_api_1307_run5_20260722_201412.json,1307,4,l_mutation,,spatial_form_texture,emotional_design_harmony,clarity,81,81,True,space,4563,0.06387481093406677,form,3291,0.14541178941726685
ea_llm_self_adaptive_api_1307_run5_20260722_201412.json,1307,4,l_mutation,,self-perception,emotions,shame,94,94,True,self,423,0.23125800490379333,self,423,0.23125800490379333
ea_llm_self_adaptive_api_1307_run5_20260722_201412.json,1307,4,s_mutation,,social credibility,social consequences of shame,reputation,98,98,True,credibility,52,0.5898657441139221,credibility,52,0.5898657441139221
ea_llm_self_adaptive_api_1307_run5_20260722_201412.json,1307,4,ml_mutation,,material_behavior,structural_resilience,strength,254,254,True,ductility,12573,0.3140960931777954,fatigue,6410,0.29201740026474
ea_llm_self_adaptive_api_1307_run5_20260722_201412.json,1307,4,crossover,0,principled_credibility,foundations of credibility,integrity,3,3,True,integrity,3,1.0,integrity,3,1.0
ea_llm_self_adaptive_api_1307_run5_20260722_201412.json,1307,4,crossover,1,principled_credibility,principled consistency,ethics,36,36,True,integrity,3,0.40637484192848206,integrity,3,0.40637484192848206
ea_llm_self_adaptive_api_1319_run1_20260722_201805.json,1319,1,ml_mutation,,Natural Phenomena,Nature Elements,ocean,275,275,True,tide,2060,0.3162727355957031,wave,1400,0.3314737379550934
ea_llm_self_adaptive_api_1319_run1_20260722_201805.json,1319,1,m_mutation,,Sources of Energy,Weather,sun,893,893,True,energy,34856,0.23380431532859802,energy,34856,0.23380431532859802
ea_llm_self_adaptive_api_1319_run1_20260722_201805.json,1319,1,s_mutation,,Consumption,Daily Activities,eat,1108,1108,True,consume,12112,0.6312645077705383,snack,8294,0.5028961300849915
ea_llm_self_adaptive_api_1319_run1_20260722_201805.json,1319,1,s_mutation,,nutrition,Health,eat,1108,1108,True,nourish,17899,0.22496801614761353,nourish,17899,0.22496801614761353
ea_llm_self_adaptive_api_1319_run1_20260722_201805.json,1319,1,l_mutation,,Aquatic Environments,Travel,boat,2199,2199,True,aquatic,1159,0.0876912996172905,reef,183,0.2974605858325958
ea_llm_self_adaptive_api_1319_run1_20260722_201805.json,1319,1,crossover,0,Hydrological Features,Aquatic Environments,reef,183,183,True,water,536,0.22442464530467987,ocean,275,0.4407530426979065
ea_llm_self_adaptive_api_1319_run1_20260722_201805.json,1319,1,crossover,1,Hydrological Features,Nature Elements,ocean,275,275,True,water,536,0.4769015610218048,ocean,275,1.0
ea_llm_self_adaptive_api_1319_run1_20260722_201805.json,1319,2,l_mutation,,Cryogenic Features,Natural Phenomena,glacier,51,51,True,permafrost,473,0.33731943368911743,ice,305,0.391084223985672
ea_llm_self_adaptive_api_1319_run1_20260722_201805.json,1319,2,ml_mutation,,Coastal Features,Aquatic Environments,reef,183,183,True,beach,16,0.27326226234436035,beach,16,0.27326226234436035
ea_llm_self_adaptive_api_1319_run1_20260722_201805.json,1319,2,ml_mutation,,Natural Resources,Nature Elements,ocean,275,275,True,soil,35015,0.3056564927101135,mineral,15695,0.29705458879470825
ea_llm_self_adaptive_api_1319_run1_20260722_201805.json,1319,2,ml_mutation,,sound-related actions,Consumption,munch,342,342,True,crunch,2985,0.08505230396986008,chomp,578,0.1004481315612793
ea_llm_self_adaptive_api_1319_run1_20260722_201805.json,1319,2,l_mutation,,Celestial Mechanics,Weather,sun,893,893,True,space,10215,0.21595266461372375,orbit,4851,0.24782471358776093
ea_llm_self_adaptive_api_1319_run1_20260722_201805.json,1319,2,crossover,0,Coastal Processes,Coastal Features,beach,16,16,True,tide,2060,0.23309431970119476,wave,1400,0.18583598732948303
ea_llm_self_adaptive_api_1319_run1_20260722_201805.json,1319,2,crossover,1,Coastal Processes,Natural Phenomena,glacier,51,51,True,tide,2060,0.1735600084066391,wave,1400,0.03740445151925087
ea_llm_self_adaptive_api_1319_run1_20260722_201805.json,1319,3,l_mutation,,Urban Features,Coastal Features,beach,16,16,True,city,58637,0.2980549931526184,city,58637,0.2980549931526184
ea_llm_self_adaptive_api_1319_run1_20260722_201805.json,1319,3,s_mutation,,Glacial Features,Natural Phenomena,glacier,51,51,True,iceberg,23,0.26154571771621704,iceberg,23,0.26154571771621704
ea_llm_self_adaptive_api_1319_run1_20260722_201805.json,1319,3,l_mutation,,Terrestrial Formations,Aquatic Environments,reef,183,183,True,mound,28722,0.17717266082763672,plateau,11399,0.2298758178949356
ea_llm_self_adaptive_api_1319_run1_20260722_201805.json,1319,3,s_mutation,,Oceanic Features,Nature Elements,ocean,275,275,True,sea,66,0.6844729781150818,sea,66,0.6844729781150818
ea_llm_self_adaptive_api_1319_run1_20260722_201805.json,1319,3,ml_mutation,,Cold-Related Natural Processes,Cryogenic Features,icecap,300,300,True,freeze,5985,-0.05043681710958481,melt,744,0.2430671602487564
ea_llm_self_adaptive_api_1319_run1_20260722_201805.json,1319,3,crossover,0,Glacial Coastal,Coastal Features,beach,16,16,True,ice,305,0.23439179360866547,ice,305,0.23439179360866547
ea_llm_self_adaptive_api_1319_run1_20260722_201805.json,1319,3,crossover,1,Glacial Coastal,Glacial Features,iceberg,23,23,True,ice,305,0.2575676441192627,ice,305,0.2575676441192627
ea_llm_self_adaptive_api_1319_run1_20260722_201805.json,1319,4,s_mutation,,Beach Components,Coastal Features,beach,16,16,True,sand,2525,0.46819043159484863,strand,475,0.21011090278625488
ea_llm_self_adaptive_api_1319_run1_20260722_201805.json,1319,4,l_mutation,,Extreme Environments,Glacial Features,iceberg,23,23,True,extreme,26946,0.09713883697986603,polar,8,0.1609766036272049
ea_llm_self_adaptive_api_1319_run1_20260722_201805.json,1319,4,ml_mutation,,Geographical Features,Natural Phenomena,glacier,51,51,True,hill,59592,0.22808189690113068,peak,7372,0.39527034759521484
ea_llm_self_adaptive_api_1319_run1_20260722_201805.json,1319,4,m_mutation,,Mythological Sea Entities,Oceanic Features,sea,66,66,True,myth,14567,0.07616057991981506,mermaid,69,0.17136891186237335
ea_llm_self_adaptive_api_1319_run1_20260722_201805.json,1319,4,m_mutation,,Ice-adjacent movement and structures,Cryogenic Features,floe,120,120,True,drift,1935,0.18222783505916595,drift,1935,0.18222783505916595
ea_llm_self_adaptive_api_1319_run1_20260722_201805.json,1319,4,crossover,0,Extreme Coastal Zones,Extreme Environments,polar,8,8,True,island,4150,0.11905572563409805,cliff,4137,0.11843310296535492
ea_llm_self_adaptive_api_1319_run1_20260722_201805.json,1319,4,crossover,1,Extreme Coastal Zones,Coastal Features,beach,16,16,True,island,4150,0.4389578104019165,cliff,4137,0.280398964881897
ea_llm_self_adaptive_api_1319_run1_20260722_201805.json,1319,5,s_mutation,,Frigid Conditions,Extreme Environments,polar,8,8,True,frigid,438,0.3535909652709961,frigid,438,0.3535909652709961
ea_llm_self_adaptive_api_1319_run1_20260722_201805.json,1319,5,s_mutation,,Beach Elements,Coastal Features,beach,16,16,True,strand,475,0.21011090278625488,shell,445,0.1592436283826828
ea_llm_self_adaptive_api_1319_run1_20260722_201805.json,1319,5,ml_mutation,,Oceanic Structures,Glacial Features,iceberg,23,23,True,sheet,17571,0.17151062190532684,mass,11965,0.005409340839833021
ea_llm_self_adaptive_api_1319_run1_20260722_201805.json,1319,5,ml_mutation,,Environmental Regions,Cryogenic Features,arctic,34,34,True,continental,12026,0.2832614779472351,coastal,3649,0.379812628030777
ea_llm_self_adaptive_api_1319_run1_20260722_201805.json,1319,5,ml_mutation,,geological features,Natural Phenomena,glacier,51,51,True,gulf,2377,0.11340897530317307,gulf,2377,0.11340897530317307
ea_llm_self_adaptive_api_1319_run1_20260722_201805.json,1319,5,crossover,0,Extreme Coastal Landforms,Extreme Environments,polar,8,8,True,island,4150,0.11905572563409805,cliff,4137,0.11843310296535492
ea_llm_self_adaptive_api_1319_run1_20260722_201805.json,1319,5,crossover,1,Extreme Coastal Landforms,Coastal Features,beach,16,16,True,island,4150,0.4389578104019165,cliff,4137,0.280398964881897
ea_llm_self_adaptive_api_1319_run1_20260722_201805.json,1319,6,m_mutation,,Axial Orientation,Extreme Environments,polar,8,8,True,axis,63337,0.20919674634933472,opposite,2290,0.20865075290203094
ea_llm_self_adaptive_api_1319_run1_20260722_201805.json,1319,6,l_mutation,,Cultural Landmarks,Coastal Features,beach,16,16,True,temple,45276,0.1808743178844452,ruin,33077,0.14398817718029022
ea_llm_self_adaptive_api_1319_run1_20260722_201805.json,1319,6,l_mutation,,Natural Systems,Glacial Features,iceberg,23,23,True,system,69274,-0.04535994306206703,formation,11809,-0.0016206692671403289
ea_llm_self_adaptive_api_1319_run1_20260722_201805.json,1319,6,ml_mutation,,Oceanic Phenomena,Cryogenic Features,arctic,34,34,True,tide,2060,0.04981417581439018,wave,1400,0.09923844784498215
ea_llm_self_adaptive_api_1319_run1_20260722_201805.json,1319,6,ml_mutation,,Geographical Features,Natural Phenomena,glacier,51,51,True,cape,4021,0.19108398258686066,cape,4021,0.19108398258686066
ea_llm_self_adaptive_api_1319_run1_20260722_201805.json,1319,6,crossover,0,Extreme Coastal Features,Extreme Environments,polar,8,8,True,barren,30079,0.09569241106510162,rugged,12097,0.16209179162979126
ea_llm_self_adaptive_api_1319_run1_20260722_201805.json,1319,6,crossover,1,Extreme Coastal Features,Coastal Features,beach,16,16,True,barren,30079,0.13379794359207153,rugged,12097,0.1408083438873291
ea_llm_self_adaptive_api_1319_run1_20260722_201805.json,1319,7,ml_mutation,,Environmental Conditions,Extreme Environments,polar,8,8,True,temperate,647,0.3077215850353241,temperate,647,0.3077215850353241
ea_llm_self_adaptive_api_1319_run1_20260722_201805.json,1319,7,m_mutation,,Beach Recreation,Coastal Features,beach,16,16,True,relax,21222,0.16540254652500153,swim,374,0.3537687659263611
ea_llm_self_adaptive_api_1319_run1_20260722_201805.json,1319,7,s_mutation,,Iceberg-Related Features,Glacial Features,iceberg,23,23,True,floe,120,0.24236488342285156,floe,120,0.24236488342285156
ea_llm_self_adaptive_api_1319_run1_20260722_201805.json,1319,7,ml_mutation,,Geographical Regions,Cryogenic Features,arctic,34,34,True,polar,8,0.6079241037368774,polar,8,0.6079241037368774
ea_llm_self_adaptive_api_1319_run1_20260722_201805.json,1319,7,ml_mutation,,Landforms,Natural Phenomena,glacier,51,51,True,landform,1179,0.27568528056144714,landform,1179,0.27568528056144714
ea_llm_self_adaptive_api_1319_run1_20260722_201805.json,1319,7,crossover,0,Extreme Geographical Regions,Extreme Environments,polar,8,8,True,polar,8,0.9999999403953552,polar,8,0.9999999403953552
ea_llm_self_adaptive_api_1319_run1_20260722_201805.json,1319,7,crossover,1,Extreme Geographical Regions,Geographical Regions,polar,8,8,True,polar,8,0.9999999403953552,polar,8,0.9999999403953552
ea_llm_self_adaptive_api_1319_run1_20260722_201805.json,1319,8,m_mutation,,geographic directions,Extreme Environments,polar,8,8,True,north,3441,0.15595953166484833,north,3441,0.15595953166484833
ea_llm_self_adaptive_api_1319_run1_20260722_201805.json,1319,8,m_mutation,,Oppositional Forces,Geographical Regions,polar,8,8,True,polarize,42568,0.03042439930140972,separate,9042,0.12109866738319397
ea_llm_self_adaptive_api_1319_run1_20260722_201805.json,1319,8,l_mutation,,Maritime Activities,Coastal Features,beach,16,16,True,fishing,138,0.3081152141094208,fishing,138,0.3081152141094208
ea_llm_self_adaptive_api_1319_run1_20260722_201805.json,1319,8,l_mutation,,Buoyant Natural Bodies,Glacial Features,iceberg,23,23,True,body,9190,0.007511106785386801,body,9190,0.007511106785386801
ea_llm_self_adaptive_api_1319_run1_20260722_201805.json,1319,8,m_mutation,,Geographical Boundaries,Cryogenic Features,arctic,34,34,True,circle,3740,0.28675687313079834,circle,3740,0.28675687313079834
ea_llm_self_adaptive_api_1319_run1_20260722_201805.json,1319,8,crossover,0,Extreme Geographical Features,Extreme Environments,polar,8,8,True,highland,53214,0.07626570761203766,polar,8,0.9999999403953552
ea_llm_self_adaptive_api_1319_run1_20260722_201805.json,1319,8,crossover,1,Extreme Geographical Features,Geographical Regions,polar,8,8,True,highland,53214,0.07626570761203766,polar,8,0.9999999403953552
ea_llm_self_adaptive_api_1319_run1_20260722_201805.json,1319,9,ml_mutation,,Temperature Descriptors,Extreme Environments,polar,8,8,True,chilly,11061,0.19151802361011505,warm,1916,0.2241058051586151
ea_llm_self_adaptive_api_1319_run1_20260722_201805.json,1319,9,m_mutation,,Beach-associated Items,Coastal Features,beach,16,16,True,sand,2525,0.46819043159484863,sand,2525,0.46819043159484863
ea_llm_self_adaptive_api_1319_run1_20260722_201805.json,1319,9,ml_mutation,,Maritime Features,Glacial Features,iceberg,23,23,True,shelf,10237,0.26587963104248047,bay,1039,0.08164908736944199
ea_llm_self_adaptive_api_1319_run1_20260722_201805.json,1319,9,m_mutation,,Human Interaction with Arctic Environments,Cryogenic Features,arctic,34,34,True,expedition,1366,0.37907540798187256,expedition,1366,0.37907540798187256
ea_llm_self_adaptive_api_1319_run1_20260722_201805.json,1319,9,m_mutation,,geological_shapes,Natural Phenomena,glacier,51,51,True,ridge,1169,0.3855864107608795,ridge,1169,0.3855864107608795
ea_llm_self_adaptive_api_1319_run1_20260722_201805.json,1319,9,crossover,0,Coastal Extremes,Extreme Environments,polar,8,8,True,rugged,12097,0.16209179162979126,cliff,4137,0.11843310296535492
ea_llm_self_adaptive_api_1319_run1_20260722_201805.json,1319,9,crossover,1,Coastal Extremes,Coastal Features,beach,16,16,True,rugged,12097,0.1408083438873291,cliff,4137,0.280398964881897
ea_llm_self_adaptive_api_1319_run1_20260722_201805.json,1319,10,l_mutation,,Ecological Resilience,Extreme Environments,polar,8,8,True,resilience,18165,-0.026776263490319252,microbe,2986,0.0463898628950119
ea_llm_self_adaptive_api_1319_run1_20260722_201805.json,1319,10,s_mutation,,Beach-Related Features,Coastal Features,beach,16,16,True,berm,36170,0.07978576421737671,spit,8879,0.21686017513275146
ea_llm_self_adaptive_api_1319_run1_20260722_201805.json,1319,10,ml_mutation,,Oceanic Features,Glacial Features,iceberg,23,23,True,reef,183,0.17318636178970337,reef,183,0.17318636178970337
ea_llm_self_adaptive_api_1319_run1_20260722_201805.json,1319,10,s_mutation,,Polar Features,Cryogenic Features,arctic,34,34,True,polar,8,0.6079241037368774,polar,8,0.6079241037368774
ea_llm_self_adaptive_api_1319_run1_20260722_201805.json,1319,10,l_mutation,,Geospatial Features,Natural Phenomena,glacier,51,51,True,geospatial,,0.045700691640377045,altitude,26399,0.31170418858528137
ea_llm_self_adaptive_api_1319_run1_20260722_201805.json,1319,10,crossover,0,Polar Extremes,Extreme Environments,polar,8,8,True,polar,8,0.9999999403953552,polar,8,0.9999999403953552
ea_llm_self_adaptive_api_1319_run1_20260722_201805.json,1319,10,crossover,1,Polar Extremes,Polar Features,polar,8,8,True,polar,8,0.9999999403953552,polar,8,0.9999999403953552
ea_llm_self_adaptive_api_1319_run1_20260722_201805.json,1319,11,l_mutation,,Subsurface Features,Extreme Environments,polar,8,8,True,subsurface,28008,0.23463810980319977,caverns,3948,0.11441162973642349
ea_llm_self_adaptive_api_1319_run1_20260722_201805.json,1319,11,s_mutation,,Sandy Coastal Features,Coastal Features,beach,16,16,True,strand,475,0.21011090278625488,strand,475,0.21011090278625488
ea_llm_self_adaptive_api_1319_run1_20260722_201805.json,1319,11,l_mutation,,Buoyant Natural Objects,Glacial Features,iceberg,23,23,True,raft,5174,0.0827174261212349,raft,5174,0.0827174261212349
ea_llm_self_adaptive_api_1319_run1_20260722_201805.json,1319,11,s_mutation,,Polar Features,Cryogenic Features,arctic,34,34,True,polar,8,0.6079241037368774,polar,8,0.6079241037368774
ea_llm_self_adaptive_api_1319_run1_20260722_201805.json,1319,11,m_mutation,,Slow Movement Processes,Natural Phenomena,glacier,51,51,True,creep,5314,0.04489056020975113,creep,5314,0.04489056020975113
ea_llm_self_adaptive_api_1319_run1_20260722_201805.json,1319,11,crossover,0,Polar Extremes,Extreme Environments,polar,8,8,True,frigid,438,0.3535909652709961,polar,8,0.9999999403953552
ea_llm_self_adaptive_api_1319_run1_20260722_201805.json,1319,11,crossover,1,Polar Extremes,Polar Features,polar,8,8,True,frigid,438,0.3535909652709961,polar,8,0.9999999403953552
ea_llm_self_adaptive_api_1319_run1_20260722_201805.json,1319,12,s_mutation,,Cold Extremes,Extreme Environments,polar,8,8,True,ice,305,0.44171786308288574,ice,305,0.44171786308288574
ea_llm_self_adaptive_api_1319_run1_20260722_201805.json,1319,12,m_mutation,,Tourism and Vacation Spots,Coastal Features,beach,16,16,True,tourist,19833,0.33677569031715393,vacation,5316,0.3495088815689087
ea_llm_self_adaptive_api_1319_run1_20260722_201805.json,1319,12,l_mutation,,Marine Environments,Glacial Features,iceberg,23,23,True,tide,2060,0.13745005428791046,marine,602,-0.04283007234334946
ea_llm_self_adaptive_api_1319_run1_20260722_201805.json,1319,12,s_mutation,,Frigid Features,Cryogenic Features,arctic,34,34,True,frigid,438,0.4742119610309601,frigid,438,0.4742119610309601
ea_llm_self_adaptive_api_1319_run1_20260722_201805.json,1319,12,s_mutation,,Cold Climate Features,Natural Phenomena,glacier,51,51,True,ice,305,0.391084223985672,ice,305,0.391084223985672
ea_llm_self_adaptive_api_1319_run1_20260722_201805.json,1319,12,crossover,0,Extreme Coastal Landscapes,Extreme Environments,polar,8,8,True,cliff,4137,0.11843310296535492,coast,488,0.19976180791854858
ea_llm_self_adaptive_api_1319_run1_20260722_201805.json,1319,12,crossover,1,Extreme Coastal Landscapes,Coastal Features,beach,16,16,True,cliff,4137,0.280398964881897,coast,488,0.43855220079421997
ea_llm_self_adaptive_api_1319_run1_20260722_201805.json,1319,13,m_mutation,,scientific exploration,Extreme Environments,polar,8,8,True,survey,17380,0.12385447323322296,survey,17380,0.12385447323322296
ea_llm_self_adaptive_api_1319_run1_20260722_201805.json,1319,13,s_mutation,,Coastal Shore Features,Coastal Features,beach,16,16,True,coast,488,0.43855220079421997,coast,488,0.43855220079421997
ea_llm_self_adaptive_api_1319_run1_20260722_201805.json,1319,13,s_mutation,,Marine Ice Features,Glacial Features,iceberg,23,23,True,floe,120,0.24236488342285156,floe,120,0.24236488342285156
ea_llm_self_adaptive_api_1319_run1_20260722_201805.json,1319,13,ml_mutation,,Cold-Related Human Adaptations,Cryogenic Features,arctic,34,34,True,igloo,280,0.186005100607872,reindeer,44,0.3299368619918823
ea_llm_self_adaptive_api_1319_run1_20260722_201805.json,1319,13,m_mutation,,slow movements,Natural Phenomena,glacier,51,51,True,creep,5314,0.04489056020975113,creep,5314,0.04489056020975113
ea_llm_self_adaptive_api_1319_run1_20260722_201805.json,1319,13,crossover,0,Coastal Extreme Features,Extreme Environments,polar,8,8,True,cliff,4137,0.11843310296535492,shoreline,472,0.12421000748872757
ea_llm_self_adaptive_api_1319_run1_20260722_201805.json,1319,13,crossover,1,Coastal Extreme Features,Coastal Features,beach,16,16,True,cliff,4137,0.280398964881897,shoreline,472,0.41178473830223083
ea_llm_self_adaptive_api_1319_run1_20260722_201805.json,1319,14,ml_mutation,,Geographical Features,Extreme Environments,polar,8,8,True,mountainous,39449,0.17042121291160583,terrestrial,2021,0.2865763306617737
ea_llm_self_adaptive_api_1319_run1_20260722_201805.json,1319,14,s_mutation,,Coastal Sediments,Coastal Features,beach,16,16,True,sand,2525,0.46819043159484863,sand,2525,0.46819043159484863
ea_llm_self_adaptive_api_1319_run1_20260722_201805.json,1319,14,l_mutation,,Ice Movement Processes,Glacial Features,iceberg,23,23,True,flow,22149,-0.028678759932518005,current,4210,-0.002275029895827174
ea_llm_self_adaptive_api_1319_run1_20260722_201805.json,1319,14,m_mutation,,Human Exploration in Arctic Regions,Cryogenic Features,arctic,34,34,True,expedition,1366,0.37907540798187256,expedition,1366,0.37907540798187256
ea_llm_self_adaptive_api_1319_run1_20260722_201805.json,1319,14,s_mutation,,Reindeer-Related Human Practices,Cold-Related Human Adaptations,reindeer,44,44,True,herd,179,0.4153345823287964,herd,179,0.4153345823287964
ea_llm_self_adaptive_api_1319_run1_20260722_201805.json,1319,14,crossover,0,Extreme Coastal Environments,Extreme Environments,polar,8,8,True,cliff,4137,0.11843310296535492,cliff,4137,0.11843310296535492
ea_llm_self_adaptive_api_1319_run1_20260722_201805.json,1319,14,crossover,1,Extreme Coastal Environments,Coastal Features,beach,16,16,True,cliff,4137,0.280398964881897,cliff,4137,0.280398964881897
ea_llm_self_adaptive_api_1319_run1_20260722_201805.json,1319,15,ml_mutation,,Climate Zones,Extreme Environments,polar,8,8,True,subtropical,7472,0.226998433470726,inland,3404,0.2258959710597992
ea_llm_self_adaptive_api_1319_run1_20260722_201805.json,1319,15,l_mutation,,Outdoor Recreational Areas,Coastal Features,beach,16,16,True,outdoor,10744,0.2804422974586487,outdoor,10744,0.2804422974586487
ea_llm_self_adaptive_api_1319_run1_20260722_201805.json,1319,15,m_mutation,,Maritime Hazards,Glacial Features,iceberg,23,23,True,hazard,39465,0.1412455290555954,collision,7727,0.26918238401412964
ea_llm_self_adaptive_api_1319_run1_20260722_201805.json,1319,15,l_mutation,,Biological Resilience,Cryogenic Features,arctic,34,34,True,survival,14109,0.22081150114536285,ecosystem,1042,0.35769569873809814
ea_llm_self_adaptive_api_1319_run1_20260722_201805.json,1319,15,m_mutation,,Cultural Symbolism and Narratives of Reindeer,Cold-Related Human Adaptations,reindeer,44,44,True,symbol,35503,0.024394355714321136,art,20144,0.006849097553640604
ea_llm_self_adaptive_api_1319_run1_20260722_201805.json,1319,15,crossover,0,Coastal Extremes,Extreme Environments,polar,8,8,True,barrier,16762,0.09676200151443481,cliff,4137,0.11843310296535492
ea_llm_self_adaptive_api_1319_run1_20260722_201805.json,1319,15,crossover,1,Coastal Extremes,Coastal Features,beach,16,16,True,barrier,16762,0.2699772119522095,cliff,4137,0.280398964881897
ea_llm_self_adaptive_api_1319_run1_20260722_201805.json,1319,16,m_mutation,,Navigation and Orientation,Extreme Environments,polar,8,8,True,bearing,5964,0.19135220348834991,bearing,5964,0.19135220348834991
ea_llm_self_adaptive_api_1319_run1_20260722_201805.json,1319,16,ml_mutation,,Marine Features,Glacial Features,iceberg,23,23,True,whale,2,0.2403842657804489,whale,2,0.2403842657804489
ea_llm_self_adaptive_api_1319_run1_20260722_201805.json,1319,16,l_mutation,,Survival Strategies,Cryogenic Features,arctic,34,34,True,survival,14109,0.22081150114536285,survival,14109,0.22081150114536285
ea_llm_self_adaptive_api_1319_run1_20260722_201805.json,1319,16,l_mutation,,Nomadic Seasonal Movement,Cold-Related Human Adaptations,reindeer,44,44,True,nomadic,1483,0.350205659866333,nomadic,1483,0.350205659866333
ea_llm_self_adaptive_api_1319_run1_20260722_201805.json,1319,16,m_mutation,,Geological Structures,Natural Phenomena,glacier,51,51,True,formation,11809,0.20355427265167236,formation,11809,0.20355427265167236
ea_llm_self_adaptive_api_1319_run1_20260722_201805.json,1319,16,crossover,0,Extreme Marine Environments,Marine Features,whale,2,2,True,frozen,5985,0.17984645068645477,frozen,5985,0.17984645068645477
ea_llm_self_adaptive_api_1319_run1_20260722_201805.json,1319,16,crossover,1,Extreme Marine Environments,Extreme Environments,polar,8,8,True,frozen,5985,0.23609457910060883,frozen,5985,0.23609457910060883
ea_llm_self_adaptive_api_1319_run1_20260722_201805.json,1319,17,l_mutation,,Migration Patterns,Marine Features,whale,2,2,True,migration,1826,0.27247244119644165,migration,1826,0.27247244119644165
ea_llm_self_adaptive_api_1319_run1_20260722_201805.json,1319,17,m_mutation,,Directional Extremes,Extreme Environments,polar,8,8,True,pole,19471,0.31600695848464966,pole,19471,0.31600695848464966
ea_llm_self_adaptive_api_1319_run1_20260722_201805.json,1319,17,ml_mutation,,maritime ice,Glacial Features,iceberg,23,23,True,floe,120,0.24236488342285156,floe,120,0.24236488342285156
ea_llm_self_adaptive_api_1319_run1_20260722_201805.json,1319,17,l_mutation,,Remote Natural Habitats,Cryogenic Features,arctic,34,34,True,remote,34170,0.35029715299606323,habitat,238,0.3667818009853363
ea_llm_self_adaptive_api_1319_run1_20260722_201805.json,1319,17,m_mutation,,Cultural Symbols and Folklore of Reindeer,Cold-Related Human Adaptations,reindeer,44,44,True,symbol,35503,0.024394355714321136,myth,14567,0.09057910740375519
ea_llm_self_adaptive_api_1319_run1_20260722_201805.json,1319,17,crossover,0,Marine Extremes,Marine Features,whale,2,2,True,fjord,340,0.17233014106750488,ice,305,0.15416347980499268
ea_llm_self_adaptive_api_1319_run1_20260722_201805.json,1319,17,crossover,1,Marine Extremes,Extreme Environments,polar,8,8,True,fjord,340,0.199799045920372,ice,305,0.44171786308288574
ea_llm_self_adaptive_api_1319_run1_20260722_201805.json,1319,18,ml_mutation,,Marine Mammals,Marine Features,whale,2,2,True,dolphin,27,0.6322990655899048,seal,7,0.34723183512687683
ea_llm_self_adaptive_api_1319_run1_20260722_201805.json,1319,18,ml_mutation,,Marine Animals in Human Use,Cold-Related Human Adaptations,seal,7,7,True,whale,2,0.34723183512687683,walrus,1,0.34965604543685913
ea_llm_self_adaptive_api_1319_run2_20260722_211439.json,1319,1,ml_mutation,,aquatic life,foods,fish,138,138,True,aquatic,1159,0.432481974363327,plankton,469,0.3671732544898987
ea_llm_self_adaptive_api_1319_run2_20260722_211439.json,1319,1,l_mutation,,exploration_methods,nature_elements,ocean,275,275,True,navigation,64150,0.3281327486038208,compass,9931,0.12244863063097
ea_llm_self_adaptive_api_1319_run2_20260722_211439.json,1319,1,s_mutation,,solar aspects,weather,sun,893,893,True,light,39003,0.38459378480911255,glow,23766,0.26101601123809814
ea_llm_self_adaptive_api_1319_run2_20260722_211439.json,1319,1,l_mutation,,acoustic_features,body_parts,head,2324,2324,True,sound,4543,0.16011327505111694,sound,4543,0.16011327505111694
ea_llm_self_adaptive_api_1319_run2_20260722_211439.json,1319,1,m_mutation,,Bodily States from Sadness,emotions,sad,2409,2409,True,ache,9428,0.23158559203147888,ache,9428,0.23158559203147888
ea_llm_self_adaptive_api_1319_run2_20260722_211439.json,1319,1,crossover,0,natural_foods,foods,fish,138,138,True,grain,17275,0.2920417785644531,fish,138,1.0
ea_llm_self_adaptive_api_1319_run2_20260722_211439.json,1319,1,crossover,1,natural_foods,nature_elements,ocean,275,275,True,grain,17275,0.12072289735078812,fish,138,0.3974742591381073
ea_llm_self_adaptive_api_1319_run2_20260722_211439.json,1319,2,m_mutation,,beach_activities,nature_elements,beach,16,16,True,swim,374,0.3537687659263611,swim,374,0.3537687659263611
ea_llm_self_adaptive_api_1319_run2_20260722_211439.json,1319,2,l_mutation,,biological systems,aquatic life,krill,75,75,True,nutrients,34896,0.2720855176448822,habitat,238,0.21827766299247742
ea_llm_self_adaptive_api_1319_run2_20260722_211439.json,1319,2,m_mutation,,fishing verbs,foods,fish,138,138,True,cast,44291,0.12379934638738632,hook,8016,0.29736629128456116
ea_llm_self_adaptive_api_1319_run2_20260722_211439.json,1319,2,ml_mutation,,celestial,weather,sun,893,893,True,star,23431,0.3456994295120239,moon,2615,0.4806727468967438
ea_llm_self_adaptive_api_1319_run2_20260722_211439.json,1319,2,s_mutation,,abdominal_regions,body_parts,stomach,2173,2173,True,abdomen,7637,0.5446810722351074,belly,519,0.3672525882720947
ea_llm_self_adaptive_api_1319_run2_20260722_211439.json,1319,2,crossover,0,aquatic_nature,nature_elements,beach,16,16,True,ocean,275,0.4393163323402405,ocean,275,0.4393163323402405
ea_llm_self_adaptive_api_1319_run2_20260722_211439.json,1319,2,crossover,1,aquatic_nature,aquatic life,krill,75,75,True,ocean,275,0.17517657577991486,ocean,275,0.17517657577991486
ea_llm_self_adaptive_api_1319_run2_20260722_211439.json,1319,3,l_mutation,,exploration,aquatic life,whale,2,2,True,exploration,21183,0.19630998373031616,voyage,2818,0.2552836239337921
ea_llm_self_adaptive_api_1319_run2_20260722_211439.json,1319,3,ml_mutation,,coastal,nature_elements,beach,16,16,True,coast,488,0.43855220079421997,coast,488,0.43855220079421997
ea_llm_self_adaptive_api_1319_run2_20260722_211439.json,1319,3,m_mutation,,fishing equipment,foods,fish,138,138,True,net,33570,0.1870851069688797,scale,8555,0.15173400938510895
ea_llm_self_adaptive_api_1319_run2_20260722_211439.json,1319,3,l_mutation,,physical environments,biological systems,habitat,238,238,True,formation,11809,0.18672403693199158,formation,11809,0.18672403693199158
ea_llm_self_adaptive_api_1319_run2_20260722_211439.json,1319,3,m_mutation,,swim_sport,beach_activities,swim,374,374,True,race,40378,0.3167436718940735,lap,880,0.2706069350242615
ea_llm_self_adaptive_api_1319_run2_20260722_211439.json,1319,3,crossover,0,aquatic_nature,aquatic life,whale,2,2,True,aquatic,1159,0.24210844933986664,ocean,275,0.36651256680488586
ea_llm_self_adaptive_api_1319_run2_20260722_211439.json,1319,3,crossover,1,aquatic_nature,nature_elements,beach,16,16,True,aquatic,1159,0.18299603462219238,ocean,275,0.4393163323402405
ea_llm_self_adaptive_api_1319_run2_20260722_211439.json,1319,4,m_mutation,,cultural significance,aquatic life,whale,2,2,True,symbol,35503,0.09542080760002136,myth,14567,0.08045677840709686
ea_llm_self_adaptive_api_1319_run2_20260722_211439.json,1319,4,s_mutation,,coastal_features,nature_elements,beach,16,16,True,sand,2525,0.46819043159484863,wave,1400,0.18583598732948303
ea_llm_self_adaptive_api_1319_run2_20260722_211439.json,1319,4,m_mutation,,aquatic anatomy,foods,fish,138,138,True,gills,1572,0.28876993060112,fin,465,0.2880125939846039
ea_llm_self_adaptive_api_1319_run2_20260722_211439.json,1319,4,s_mutation,,Environmental Contexts,biological systems,habitat,238,238,True,area,26905,0.3189416825771332,zone,16222,0.1775355339050293
ea_llm_self_adaptive_api_1319_run2_20260722_211439.json,1319,4,m_mutation,,aquatic_movement,beach_activities,swim,374,374,True,glide,6378,0.22366805374622345,drift,1935,0.2140621393918991
ea_llm_self_adaptive_api_1319_run2_20260722_211439.json,1319,4,crossover,0,marine_life,aquatic life,whale,2,2,True,aquatic,1159,0.24210844933986664,ocean,275,0.36651256680488586
ea_llm_self_adaptive_api_1319_run2_20260722_211439.json,1319,4,crossover,1,marine_life,nature_elements,beach,16,16,True,aquatic,1159,0.18299603462219238,ocean,275,0.4393163323402405
ea_llm_self_adaptive_api_1319_run2_20260722_211439.json,1319,5,l_mutation,,migration,aquatic life,whale,2,2,True,migrate,341,0.27376246452331543,migrate,341,0.27376246452331543
ea_llm_self_adaptive_api_1319_run2_20260722_211439.json,1319,5,m_mutation,,insulation mechanisms in animals,aquatic anatomy,blubber,37,37,True,insulation,7431,0.2347085177898407,fat,3864,0.28408709168434143
ea_llm_self_adaptive_api_1319_run2_20260722_211439.json,1319,5,m_mutation,,fishing_tools,foods,fish,138,138,True,hook,8016,0.29736629128456116,hook,8016,0.29736629128456116
ea_llm_self_adaptive_api_1319_run2_20260722_211439.json,1319,5,l_mutation,,geological formations,biological systems,habitat,238,238,True,rock,1991,0.11639699339866638,sediment,1703,0.2954028844833374
ea_llm_self_adaptive_api_1319_run2_20260722_211439.json,1319,5,l_mutation,,water_effects,beach_activities,swim,374,374,True,hydration,18829,0.09961394220590591,soak,17104,0.15171127021312714
ea_llm_self_adaptive_api_1319_run2_20260722_211439.json,1319,5,crossover,0,aquatic_animal_anatomy,aquatic life,whale,2,2,True,fin,465,0.33205121755599976,fin,465,0.33205121755599976
ea_llm_self_adaptive_api_1319_run2_20260722_211439.json,1319,5,crossover,1,aquatic_animal_anatomy,aquatic anatomy,blubber,37,37,True,fin,465,0.2500859498977661,fin,465,0.2500859498977661
ea_llm_self_adaptive_api_1319_run2_20260722_211439.json,1319,6,ml_mutation,,mammals,aquatic life,whale,2,2,True,elephant,11,0.47342395782470703,elephant,11,0.47342395782470703
ea_llm_self_adaptive_api_1319_run2_20260722_211439.json,1319,6,ml_mutation,,animal adaptations,aquatic anatomy,blubber,37,37,True,covering,26382,0.0462813600897789,protection,11541,0.14134930074214935
ea_llm_self_adaptive_api_1319_run2_20260722_211439.json,1319,6,m_mutation,,swimming organisms,foods,fish,138,138,True,swim,374,0.3552420735359192,swim,374,0.3552420735359192
ea_llm_self_adaptive_api_1319_run2_20260722_211439.json,1319,6,s_mutation,,niche environments,biological systems,habitat,238,238,True,niche,39745,0.16682672500610352,territory,17631,0.1853954792022705
ea_llm_self_adaptive_api_1319_run2_20260722_211439.json,1319,6,l_mutation,,geographical influences,migration,migrate,341,341,True,geographical,58533,0.13909319043159485,terrain,41014,0.11415624618530273
ea_llm_self_adaptive_api_1319_run2_20260722_211439.json,1319,6,crossover,0,aquatic mammals,aquatic life,whale,2,2,True,dolphin,27,0.6322990655899048,whale,2,0.9999999403953552
ea_llm_self_adaptive_api_1319_run2_20260722_211439.json,1319,6,crossover,1,aquatic mammals,mammals,elephant,11,11,True,dolphin,27,0.3953111171722412,whale,2,0.47342395782470703
ea_llm_self_adaptive_api_1319_run2_20260722_211439.json,1319,7,ml_mutation,,mammals,aquatic life,whale,2,2,True,bat,1642,0.17678621411323547,otter,3,0.3292091488838196
ea_llm_self_adaptive_api_1319_run2_20260722_211439.json,1319,7,s_mutation,,aquatic mammals,mammals,otter,3,3,True,walrus,1,0.3350949287414551,walrus,1,0.3350949287414551
ea_llm_self_adaptive_api_1319_run3_20260722_231154.json,1319,1,m_mutation,,exploration,nature,ocean,275,275,True,diver,655,0.19449710845947266,coral,261,0.5351463556289673
ea_llm_self_adaptive_api_1319_run3_20260722_231154.json,1319,1,m_mutation,,cold environments,weather,snow,1073,1073,True,habitat,238,0.16528961062431335,habitat,238,0.16528961062431335
ea_llm_self_adaptive_api_1319_run3_20260722_231154.json,1319,1,l_mutation,,recreation,transportation,boat,2199,2199,True,game,19132,0.1201561689376831,swim,374,0.3964146077632904
ea_llm_self_adaptive_api_1319_run3_20260722_231154.json,1319,1,s_mutation,,song_forms,music,song,2304,2304,True,ballad,15397,0.6387775540351868,ballad,15397,0.6387775540351868
ea_llm_self_adaptive_api_1319_run3_20260722_231154.json,1319,1,ml_mutation,,cooking methods,food,meat,2309,2309,True,boil,6562,0.2839333117008209,boil,6562,0.2839333117008209
ea_llm_self_adaptive_api_1319_run3_20260722_231154.json,1319,1,crossover,0,polar_exploration,cold environments,habitat,238,238,True,survey,17380,0.12020265311002731,expedition,1366,0.1028338298201561
ea_llm_self_adaptive_api_1319_run3_20260722_231154.json,1319,1,crossover,1,polar_exploration,exploration,coral,261,261,True,survey,17380,0.1464068740606308,expedition,1366,0.06618887186050415
ea_llm_self_adaptive_api_1319_run3_20260722_231154.json,1319,2,ml_mutation,,environmental factors,cold environments,arctic,34,34,True,factor,24800,0.11009480804204941,impact,6427,0.2000611424446106
ea_llm_self_adaptive_api_1319_run3_20260722_231154.json,1319,2,s_mutation,,seafood,food,fish,138,138,True,seafood,1735,0.6051747798919678,crab,78,0.4805985391139984
ea_llm_self_adaptive_api_1319_run3_20260722_231154.json,1319,2,s_mutation,,fauna,nature,wildlife,248,248,True,fauna,1190,0.5306012034416199,beast,191,0.07921415567398071
ea_llm_self_adaptive_api_1319_run3_20260722_231154.json,1319,2,m_mutation,,Coral Structures,exploration,coral,261,261,True,structure,56765,0.17346112430095673,formation,11809,0.2479224056005478
ea_llm_self_adaptive_api_1319_run3_20260722_231154.json,1319,2,ml_mutation,,health,recreation,swim,374,374,True,health,60047,0.0646999180316925,wellness,55364,0.10840391367673874
ea_llm_self_adaptive_api_1319_run3_20260722_231154.json,1319,2,crossover,0,cold_seafood,cold environments,arctic,34,34,True,crab,78,0.16073891520500183,crab,78,0.16073891520500183
ea_llm_self_adaptive_api_1319_run3_20260722_231154.json,1319,2,crossover,1,cold_seafood,seafood,crab,78,78,True,crab,78,1.0,crab,78,1.0
ea_llm_self_adaptive_api_1319_run3_20260722_231154.json,1319,3,ml_mutation,,geographical features,cold environments,polar,8,8,True,ridge,1169,0.1477510780096054,delta,563,0.13000859320163727
ea_llm_self_adaptive_api_1319_run3_20260722_231154.json,1319,3,s_mutation,,shellfish varieties,seafood,crab,78,78,True,clam,187,0.5455312132835388,clam,187,0.5455312132835388
ea_llm_self_adaptive_api_1319_run3_20260722_231154.json,1319,3,m_mutation,,biological components,fauna,animal,115,115,True,organ,23661,0.22630220651626587,body,9190,0.34532028436660767
ea_llm_self_adaptive_api_1319_run3_20260722_231154.json,1319,3,ml_mutation,,Underwater Landforms,Coral Structures,reef,183,183,True,shelf,10237,0.24705979228019714,shelf,10237,0.24705979228019714
ea_llm_self_adaptive_api_1319_run3_20260722_231154.json,1319,3,m_mutation,,survival,nature,wildlife,248,248,True,survive,3164,0.1542690098285675,survive,3164,0.1542690098285675
ea_llm_self_adaptive_api_1319_run3_20260722_231154.json,1319,3,crossover,0,cold_seafood,cold environments,polar,8,8,True,frost,2359,0.1805671751499176,crab,78,0.07341931760311127
ea_llm_self_adaptive_api_1319_run3_20260722_231154.json,1319,3,crossover,1,cold_seafood,seafood,crab,78,78,True,frost,2359,0.08703066408634186,crab,78,1.0
ea_llm_self_adaptive_api_1319_run3_20260722_231154.json,1319,4,ml_mutation,,geographical features,cold environments,polar,8,8,True,valley,12708,0.08317707479000092,marine,602,0.27453869581222534
ea_llm_self_adaptive_api_1319_run3_20260722_231154.json,1319,4,l_mutation,,biological functions,fauna,mammal,17,17,True,respiration,37937,0.07733314484357834,circulation,7154,0.01620153710246086
ea_llm_self_adaptive_api_1319_run3_20260722_231154.json,1319,4,ml_mutation,,invertebrates,seafood,octopus,46,46,True,jellyfish,88,0.3999751806259155,jellyfish,88,0.3999751806259155
ea_llm_self_adaptive_api_1319_run3_20260722_231154.json,1319,4,m_mutation,,Nautical Terminology,Coral Structures,reef,183,183,True,sail,6367,0.28158876299858093,sail,6367,0.28158876299858093
ea_llm_self_adaptive_api_1319_run3_20260722_231154.json,1319,4,s_mutation,,bivalve shellfish,shellfish varieties,clam,187,187,True,oyster,315,0.5612450242042542,oyster,315,0.5612450242042542
ea_llm_self_adaptive_api_1319_run3_20260722_231154.json,1319,4,crossover,0,cold_fauna,cold environments,polar,8,8,True,arctic,34,0.6079241037368774,polar,8,0.9999999403953552
ea_llm_self_adaptive_api_1319_run3_20260722_231154.json,1319,4,crossover,1,cold_fauna,fauna,mammal,17,17,True,arctic,34,0.22815702855587006,polar,8,0.24419459700584412
ea_llm_self_adaptive_api_1319_run3_20260722_231154.json,1319,5,m_mutation,,extremes and opposites,cold environments,polar,8,8,True,extreme,26946,0.2665206789970398,opposite,2290,0.20865075290203094
ea_llm_self_adaptive_api_1319_run3_20260722_231154.json,1319,5,ml_mutation,,biological classification,fauna,mammal,17,17,True,taxonomy,57055,0.19770388305187225,phylum,3157,0.25075721740722656
ea_llm_self_adaptive_api_1319_run3_20260722_231154.json,1319,5,l_mutation,,underwater environments,seafood,octopus,46,46,True,abyss,15898,0.11042480915784836,seabed,1273,-0.0033021261915564537
ea_llm_self_adaptive_api_1319_run3_20260722_231154.json,1319,5,l_mutation,,submerged formations,shellfish varieties,urchin,54,54,True,rock,1991,0.03847010061144829,rock,1991,0.03847010061144829
ea_llm_self_adaptive_api_1319_run3_20260722_231154.json,1319,5,m_mutation,,gelatinous organisms,invertebrates,jellyfish,88,88,True,gelatinous,1045,0.3429963290691376,drifter,211,0.08963260054588318
ea_llm_self_adaptive_api_1319_run3_20260722_231154.json,1319,5,crossover,0,cold_biomes,cold environments,polar,8,8,True,habitat,238,0.32619360089302063,habitat,238,0.32619360089302063
ea_llm_self_adaptive_api_1319_run3_20260722_231154.json,1319,5,crossover,1,cold_biomes,fauna,mammal,17,17,True,habitat,238,0.3863452076911926,habitat,238,0.3863452076911926
ea_llm_self_adaptive_api_1319_run3_20260722_231154.json,1319,6,l_mutation,,geological features,cold environments,polar,8,8,True,geological,16374,0.3008562922477722,geological,16374,0.3008562922477722
ea_llm_self_adaptive_api_1319_run3_20260722_231154.json,1319,6,m_mutation,,biological features of mammals,fauna,mammal,17,17,True,hair,5541,0.06769271194934845,teeth,749,0.2356051653623581
ea_llm_self_adaptive_api_1319_run3_20260722_231154.json,1319,6,ml_mutation,,marine terms,seafood,octopus,46,46,True,seaweed,612,0.3368854224681854,kelp,225,0.29679667949676514
ea_llm_self_adaptive_api_1319_run3_20260722_231154.json,1319,6,s_mutation,,urchin anatomy,shellfish varieties,urchin,54,54,True,spine,908,0.1390695422887802,spine,908,0.1390695422887802
ea_llm_self_adaptive_api_1319_run3_20260722_231154.json,1319,6,s_mutation,,cnidarian invertebrates,invertebrates,jellyfish,88,88,True,stinger,2297,0.16018077731132507,stinger,2297,0.16018077731132507
ea_llm_self_adaptive_api_1319_run3_20260722_231154.json,1319,6,crossover,0,cold_fauna,cold environments,polar,8,8,True,habitat,238,0.32619360089302063,polar,8,0.9999999403953552
ea_llm_self_adaptive_api_1319_run3_20260722_231154.json,1319,6,crossover,1,cold_fauna,fauna,mammal,17,17,True,habitat,238,0.3863452076911926,polar,8,0.24419459700584412
ea_llm_self_adaptive_api_1319_run3_20260722_231154.json,1319,7,s_mutation,,ice environments,cold environments,polar,8,8,True,ice,305,0.44171786308288574,ice,305,0.44171786308288574
ea_llm_self_adaptive_api_1319_run3_20260722_231154.json,1319,7,l_mutation,,mobility,fauna,mammal,17,17,True,locomotion,7872,0.3125934302806854,locomotion,7872,0.3125934302806854
ea_llm_self_adaptive_api_1319_run3_20260722_231154.json,1319,7,ml_mutation,,animal anatomy terms,marine terms,shark,22,22,True,muscle,3067,0.20577536523342133,tail,1569,0.3501477539539337
ea_llm_self_adaptive_api_1319_run3_20260722_231154.json,1319,7,l_mutation,,ice-related navigation,geological features,iceberg,23,23,True,shipping,2740,0.11777202039957047,shipping,2740,0.11777202039957047
ea_llm_self_adaptive_api_1319_run3_20260722_231154.json,1319,7,ml_mutation,,invertebrates,seafood,octopus,46,46,True,annelid,20091,0.15074603259563446,urchin,54,0.3145371377468109
ea_llm_self_adaptive_api_1319_run3_20260722_231154.json,1319,7,crossover,0,cold_fauna,cold environments,polar,8,8,True,habitat,238,0.32619360089302063,habitat,238,0.32619360089302063
ea_llm_self_adaptive_api_1319_run3_20260722_231154.json,1319,7,crossover,1,cold_fauna,fauna,mammal,17,17,True,habitat,238,0.3863452076911926,habitat,238,0.3863452076911926
ea_llm_self_adaptive_api_1319_run3_20260722_231154.json,1319,8,m_mutation,,animal vocalizations,marine terms,whale,2,2,True,call,20838,0.07315418869256973,sound,4543,0.21092993021011353
ea_llm_self_adaptive_api_1319_run3_20260722_231154.json,1319,8,ml_mutation,,geographical regions,cold environments,polar,8,8,True,zone,16222,0.10792908072471619,tropic,2220,0.11255291849374771
ea_llm_self_adaptive_api_1319_run3_20260722_231154.json,1319,8,ml_mutation,,animal characteristics,fauna,mammal,17,17,True,trait,26482,0.11383823305368423,behavior,16598,0.09133924543857574
ea_llm_self_adaptive_api_1319_run3_20260722_231154.json,1319,8,l_mutation,,cryostructures,geological features,iceberg,23,23,True,glacier,51,0.26154571771621704,glacier,51,0.26154571771621704
ea_llm_self_adaptive_api_1319_run3_20260722_231154.json,1319,8,m_mutation,,escape mechanisms,seafood,octopus,46,46,True,ink,19901,0.17270135879516602,camouflage,1575,0.09431912004947662
ea_llm_self_adaptive_api_1319_run3_20260722_231154.json,1319,8,crossover,0,cold_marine,marine terms,whale,2,2,True,tide,2060,0.1999276727437973,glacial,862,0.010527939535677433
ea_llm_self_adaptive_api_1319_run3_20260722_231154.json,1319,8,crossover,1,cold_marine,cold environments,polar,8,8,True,tide,2060,0.0885273739695549,glacial,862,0.28469032049179077
ea_llm_self_adaptive_api_1319_run3_20260722_231154.json,1319,9,l_mutation,,migration,marine terms,whale,2,2,True,route,65076,0.06889668852090836,journey,29730,0.14469079673290253
ea_llm_self_adaptive_api_1319_run3_20260722_231154.json,1319,9,ml_mutation,,geographical regions,cold environments,polar,8,8,True,gulf,2377,0.07015183568000793,strait,599,0.13654424250125885
ea_llm_self_adaptive_api_1319_run3_20260722_231154.json,1319,9,l_mutation,,human tools,fauna,mammal,17,17,True,tool,25832,-0.007823244668543339,craft,25582,0.05045804753899574
ea_llm_self_adaptive_api_1319_run3_20260722_231154.json,1319,9,m_mutation,,ice mass and density,geological features,iceberg,23,23,True,ice,305,0.2575676441192627,ice,305,0.2575676441192627
ea_llm_self_adaptive_api_1319_run3_20260722_231154.json,1319,9,ml_mutation,,marine environment descriptors,seafood,octopus,46,46,True,wave,1400,0.04686474800109863,coast,488,-0.03762318193912506
ea_llm_self_adaptive_api_1319_run3_20260722_231154.json,1319,9,crossover,0,cold_marine,marine terms,whale,2,2,True,tide,2060,0.1999276727437973,whale,2,0.9999999403953552
ea_llm_self_adaptive_api_1319_run3_20260722_231154.json,1319,9,crossover,1,cold_marine,cold environments,polar,8,8,True,tide,2060,0.0885273739695549,whale,2,0.34637072682380676
ea_llm_self_adaptive_api_1319_run3_20260722_231154.json,1319,10,m_mutation,,mythical narratives,marine terms,whale,2,2,True,myth,14567,0.08045677840709686,myth,14567,0.08045677840709686
ea_llm_self_adaptive_api_1319_run3_20260722_231154.json,1319,10,ml_mutation,,geographical features,cold environments,polar,8,8,True,bay,1039,0.0933724120259285,bay,1039,0.0933724120259285
ea_llm_self_adaptive_api_1319_run3_20260722_231154.json,1319,10,s_mutation,,mammalian classes,fauna,mammal,17,17,True,marsupial,175,0.44640088081359863,marsupial,175,0.44640088081359863
ea_llm_self_adaptive_api_1319_run3_20260722_231154.json,1319,10,s_mutation,,ice-related geological features,geological features,iceberg,23,23,True,ice,305,0.2575676441192627,glacier,51,0.26154571771621704
ea_llm_self_adaptive_api_1319_run3_20260722_231154.json,1319,10,s_mutation,,cephalopod traits,seafood,octopus,46,46,True,tentacle,2103,0.3302850127220154,gelatinous,1045,0.20869985222816467
ea_llm_self_adaptive_api_1319_run3_20260722_231154.json,1319,10,crossover,0,cold_marine_terms,marine terms,whale,2,2,True,ice,305,0.15416347980499268,seal,7,0.34723183512687683
ea_llm_self_adaptive_api_1319_run3_20260722_231154.json,1319,10,crossover,1,cold_marine_terms,cold environments,polar,8,8,True,ice,305,0.44171786308288574,seal,7,0.23739376664161682
ea_llm_self_adaptive_api_1319_run3_20260722_231154.json,1319,11,ml_mutation,,nautical terms,marine terms,whale,2,2,True,berth,5293,0.0688854232430458,rudder,4486,0.0385107584297657
ea_llm_self_adaptive_api_1319_run3_20260722_231154.json,1319,11,m_mutation,,otter_traits,fauna,otter,3,3,True,fur,323,0.32311782240867615,fur,323,0.32311782240867615
ea_llm_self_adaptive_api_1319_run3_20260722_231154.json,1319,11,l_mutation,,tourism-related activities,cold environments,polar,8,8,True,tourism,57829,0.09787273406982422,travel,8964,0.1707359403371811
ea_llm_self_adaptive_api_1319_run3_20260722_231154.json,1319,11,l_mutation,,natural environments,geological features,iceberg,23,23,True,plateau,11399,0.029010742902755737,ridge,1169,0.04821867495775223
ea_llm_self_adaptive_api_1319_run3_20260722_231154.json,1319,11,m_mutation,,Cetacean Physical Traits,mammalian classes,cetacean,38,38,True,blubber,37,0.198896586894989,blubber,37,0.198896586894989
ea_llm_self_adaptive_api_1319_run3_20260722_231154.json,1319,11,crossover,0,marine_fauna,marine terms,whale,2,2,True,shark,22,0.6499470472335815,whale,2,0.9999999403953552
ea_llm_self_adaptive_api_1319_run3_20260722_231154.json,1319,11,crossover,1,marine_fauna,fauna,otter,3,3,True,shark,22,0.28036126494407654,whale,2,0.3292091488838196
ea_llm_self_adaptive_api_1319_run4_20260723_015115.json,1319,1,s_mutation,,coastal_areas,places,beach,16,16,True,shore,1297,0.4710938334465027,coast,488,0.43855220079421997
ea_llm_self_adaptive_api_1319_run4_20260723_015115.json,1319,1,s_mutation,,fowl-related terms,animals,bird,182,182,True,fowl,3791,0.49282678961753845,flock,1924,0.36241787672042847
ea_llm_self_adaptive_api_1319_run4_20260723_015115.json,1319,1,l_mutation,,exploration,nature,ocean,275,275,True,explore,31387,0.28751933574676514,discover,6881,0.14122150838375092
ea_llm_self_adaptive_api_1319_run4_20260723_015115.json,1319,1,ml_mutation,,aquatic verbs,actions,swim,374,374,True,dive,3059,0.39129307866096497,splash,801,0.24682706594467163
ea_llm_self_adaptive_api_1319_run4_20260723_015115.json,1319,1,s_mutation,,solar aspects,weather,sun,893,893,True,shine,33407,0.39128369092941284,glow,23766,0.26101601123809814
ea_llm_self_adaptive_api_1319_run4_20260723_015115.json,1319,1,crossover,0,domestic,places,beach,16,16,True,dog,1067,0.20912711322307587,cat,590,0.17486883699893951
ea_llm_self_adaptive_api_1319_run4_20260723_015115.json,1319,1,crossover,1,domestic,animals,bird,182,182,True,dog,1067,0.35511305928230286,cat,590,0.3975547254085541
ea_llm_self_adaptive_api_1319_run4_20260723_015115.json,1319,2,m_mutation,,beach_elements,places,beach,16,16,True,sand,2525,0.46819043159484863,tide,2060,0.23309431970119476
ea_llm_self_adaptive_api_1319_run4_20260723_015115.json,1319,2,m_mutation,,avoidance maneuvers,animals,duck,141,141,True,avoid,46861,0.17646180093288422,dodge,33727,0.10256064683198929
ea_llm_self_adaptive_api_1319_run4_20260723_015115.json,1319,2,s_mutation,,marine features,nature,ocean,275,275,True,sea,66,0.6844729781150818,sea,66,0.6844729781150818
ea_llm_self_adaptive_api_1319_run4_20260723_015115.json,1319,2,ml_mutation,,aquatic environments,actions,swim,374,374,True,canal,7497,0.12062641233205795,pond,5857,0.27889201045036316
ea_llm_self_adaptive_api_1319_run4_20260723_015115.json,1319,2,s_mutation,,coastal_features,coastal_areas,coast,488,488,True,cape,4021,0.4839664697647095,strand,475,0.1427312195301056
ea_llm_self_adaptive_api_1319_run4_20260723_015115.json,1319,2,crossover,0,coastal,places,beach,16,16,True,beach,16,1.0,beach,16,1.0
ea_llm_self_adaptive_api_1319_run4_20260723_015115.json,1319,2,crossover,1,coastal,marine features,sea,66,66,True,beach,16,0.328102171421051,beach,16,0.328102171421051
ea_llm_self_adaptive_api_1319_run4_20260723_015115.json,1319,3,m_mutation,,natural coastal elements,places,beach,16,16,True,driftwood,7458,0.20186032354831696,rock,1991,0.287492960691452
ea_llm_self_adaptive_api_1319_run4_20260723_015115.json,1319,3,ml_mutation,,natural landforms,coastal,beach,16,16,True,dune,1443,0.25105559825897217,mangrove,429,0.17244061827659607
ea_llm_self_adaptive_api_1319_run4_20260723_015115.json,1319,3,m_mutation,,Navigational Elements,marine features,sea,66,66,True,navigation,64150,0.3070999085903168,vessel,6545,0.48654046654701233
ea_llm_self_adaptive_api_1319_run4_20260723_015115.json,1319,3,ml_mutation,,group terms for animals,animals,duck,141,141,True,herd,179,0.20310287177562714,herd,179,0.20310287177562714
ea_llm_self_adaptive_api_1319_run4_20260723_015115.json,1319,3,ml_mutation,,water-related terms,nature,ocean,275,275,True,water,536,0.4769015610218048,water,536,0.4769015610218048
ea_llm_self_adaptive_api_1319_run4_20260723_015115.json,1319,3,crossover,0,coastal_places,places,beach,16,16,True,harbor,13769,0.3992474377155304,bay,1039,0.39740198850631714
ea_llm_self_adaptive_api_1319_run4_20260723_015115.json,1319,3,crossover,1,coastal_places,coastal,beach,16,16,True,harbor,13769,0.3992474377155304,bay,1039,0.39740198850631714
ea_llm_self_adaptive_api_1319_run4_20260723_015115.json,1319,4,l_mutation,,social gatherings,places,beach,16,16,True,event,53223,0.2848571836948395,celebration,33055,0.21280482411384583
ea_llm_self_adaptive_api_1319_run4_20260723_015115.json,1319,4,m_mutation,,recreational_activities,coastal,beach,16,16,True,swim,374,0.3537687659263611,swim,374,0.3537687659263611
ea_llm_self_adaptive_api_1319_run4_20260723_015115.json,1319,4,ml_mutation,,geological terms,nature,glacier,51,51,True,ice,305,0.391084223985672,ice,305,0.391084223985672
ea_llm_self_adaptive_api_1319_run4_20260723_015115.json,1319,4,ml_mutation,,geographical features,marine features,sea,66,66,True,strait,599,0.3728739619255066,strait,599,0.3728739619255066
ea_llm_self_adaptive_api_1319_run4_20260723_015115.json,1319,4,m_mutation,,verbs related to ducking,animals,duck,141,141,True,glide,6378,-0.021561985835433006,glide,6378,-0.021561985835433006
ea_llm_self_adaptive_api_1319_run4_20260723_015115.json,1319,4,crossover,0,coastal_places,places,beach,16,16,True,bay,1039,0.39740198850631714,beach,16,1.0
ea_llm_self_adaptive_api_1319_run4_20260723_015115.json,1319,4,crossover,1,coastal_places,coastal,beach,16,16,True,bay,1039,0.39740198850631714,beach,16,1.0
ea_llm_self_adaptive_api_1319_run4_20260723_015115.json,1319,5,s_mutation,,coastal features,places,beach,16,16,True,sand,2525,0.46819043159484863,reef,183,0.27326226234436035
ea_llm_self_adaptive_api_1319_run4_20260723_015115.json,1319,5,l_mutation,,scientific tools,nature,glacier,51,51,True,instrument,41373,-0.05534818023443222,tool,25832,-0.07239935547113419
ea_llm_self_adaptive_api_1319_run4_20260723_015115.json,1319,5,m_mutation,,sea chemistry,marine features,sea,66,66,True,salt,2206,0.3334696590900421,salt,2206,0.3334696590900421
ea_llm_self_adaptive_api_1319_run4_20260723_015115.json,1319,5,m_mutation,,aquatic,animals,duck,141,141,True,wetland,959,0.14619885385036469,lagoon,792,0.13888579607009888
ea_llm_self_adaptive_api_1319_run4_20260723_015115.json,1319,5,l_mutation,,cold-induced phenomena,geological terms,ice,305,305,True,freeze,5985,0.2678755819797516,cold,3457,0.4380979537963867
ea_llm_self_adaptive_api_1319_run4_20260723_015115.json,1319,5,crossover,0,coastal nature,places,beach,16,16,True,island,4150,0.4389578104019165,shore,1297,0.4710938334465027
ea_llm_self_adaptive_api_1319_run4_20260723_015115.json,1319,5,crossover,1,coastal nature,nature,glacier,51,51,True,island,4150,0.2401685118675232,shore,1297,0.1878369152545929
ea_llm_self_adaptive_api_1319_run4_20260723_015115.json,1319,6,ml_mutation,,natural landforms,places,beach,16,16,True,mountain,6568,0.2625412940979004,ocean,275,0.4393163323402405
ea_llm_self_adaptive_api_1319_run4_20260723_015115.json,1319,6,m_mutation,,glacial geological processes,nature,glacier,51,51,True,erosion,15724,0.2204160839319229,sediment,1703,0.2535744905471802
ea_llm_self_adaptive_api_1319_run4_20260723_015115.json,1319,6,l_mutation,,economic activities,marine features,sea,66,66,True,trade,28256,0.2524709105491638,fishing,138,0.4815862774848938
ea_llm_self_adaptive_api_1319_run4_20260723_015115.json,1319,6,s_mutation,,waterfowl,animals,duck,141,141,True,swan,79,0.3341599404811859,swan,79,0.3341599404811859
ea_llm_self_adaptive_api_1319_run4_20260723_015115.json,1319,6,ml_mutation,,marine structures,coastal features,reef,183,183,True,coral,261,0.6457277536392212,coral,261,0.6457277536392212
ea_llm_self_adaptive_api_1319_run4_20260723_015115.json,1319,6,crossover,0,natural_coastal_landforms,places,beach,16,16,True,island,4150,0.4389578104019165,island,4150,0.4389578104019165
ea_llm_self_adaptive_api_1319_run4_20260723_015115.json,1319,6,crossover,1,natural_coastal_landforms,nature,glacier,51,51,True,island,4150,0.2401685118675232,island,4150,0.2401685118675232
ea_llm_self_adaptive_api_1319_run4_20260723_015115.json,1319,7,m_mutation,,components of a beach environment,places,beach,16,16,True,sand,2525,0.46819043159484863,shell,445,0.1592436283826828
ea_llm_self_adaptive_api_1319_run4_20260723_015115.json,1319,7,s_mutation,,ice formations,nature,glacier,51,51,True,iceberg,23,0.26154571771621704,iceberg,23,0.26154571771621704
ea_llm_self_adaptive_api_1319_run4_20260723_015115.json,1319,7,ml_mutation,,geographical descriptors,marine features,sea,66,66,True,coastal,3649,0.5356171131134033,oceanic,322,0.2784254848957062
ea_llm_self_adaptive_api_1319_run4_20260723_015115.json,1319,7,l_mutation,,transportation,waterfowl,gull,76,76,True,transport,17483,-0.00688576977699995,travel,8964,-0.1564965844154358
ea_llm_self_adaptive_api_1319_run4_20260723_015115.json,1319,7,s_mutation,,fishing-related economic activities,economic activities,fishing,138,138,True,catch,2130,0.4051026999950409,catch,2130,0.4051026999950409
ea_llm_self_adaptive_api_1319_run4_20260723_015115.json,1319,7,crossover,0,ice_geographical_features,places,beach,16,16,True,icecap,300,-0.14305151998996735,iceberg,23,0.03151893988251686
ea_llm_self_adaptive_api_1319_run4_20260723_015115.json,1319,7,crossover,1,ice_geographical_features,ice formations,iceberg,23,23,True,icecap,300,0.16910241544246674,iceberg,23,1.0
ea_llm_self_adaptive_api_1319_run4_20260723_015115.json,1319,8,ml_mutation,,natural elements,places,beach,16,16,True,sand,2525,0.46819043159484863,shell,445,0.1592436283826828
ea_llm_self_adaptive_api_1319_run4_20260723_015115.json,1319,8,m_mutation,,maritime hazards,ice formations,iceberg,23,23,True,hazard,39465,0.1412455290555954,threat,27736,0.06653016060590744
ea_llm_self_adaptive_api_1319_run4_20260723_015115.json,1319,8,ml_mutation,,ice-related terms,nature,glacier,51,51,True,permafrost,473,0.33731943368911743,icecap,300,0.2850383222103119
ea_llm_self_adaptive_api_1319_run4_20260723_015115.json,1319,8,ml_mutation,,geological formations,marine features,sea,66,66,True,rift,34806,0.10408585518598557,volcano,637,0.27511975169181824
ea_llm_self_adaptive_api_1319_run4_20260723_015115.json,1319,8,s_mutation,,seabirds,waterfowl,gull,76,76,True,cormorant,73,0.4868861138820648,cormorant,73,0.4868861138820648
ea_llm_self_adaptive_api_1319_run4_20260723_015115.json,1319,8,crossover,0,ice-related geographical features,places,beach,16,16,True,glacier,51,0.054796215146780014,glacier,51,0.054796215146780014
ea_llm_self_adaptive_api_1319_run4_20260723_015115.json,1319,8,crossover,1,ice-related geographical features,ice formations,iceberg,23,23,True,glacier,51,0.26154571771621704,glacier,51,0.26154571771621704
ea_llm_self_adaptive_api_1319_run4_20260723_015115.json,1319,9,l_mutation,,cultural artifacts,seabirds,puffin,6,6,True,craft,25582,-0.002593606011942029,music,7317,-0.015068893320858479
ea_llm_self_adaptive_api_1319_run4_20260723_015115.json,1319,9,ml_mutation,,natural water phenomena,places,beach,16,16,True,tide,2060,0.23309431970119476,wave,1400,0.18583598732948303
ea_llm_self_adaptive_api_1319_run4_20260723_015115.json,1319,9,ml_mutation,,geological features,ice formations,iceberg,23,23,True,moraine,2917,0.08117414265871048,moraine,2917,0.08117414265871048
ea_llm_self_adaptive_api_1319_run4_20260723_015115.json,1319,9,l_mutation,,industrial extraction,nature,glacier,51,51,True,mine,19242,0.13408271968364716,quarry,15806,0.22730301320552826
ea_llm_self_adaptive_api_1319_run4_20260723_015115.json,1319,9,m_mutation,,Processes caused by glacial activity,ice-related geographical features,glacier,51,51,True,abrasion,46362,0.1448875069618225,debris,6591,0.16889041662216187
ea_llm_self_adaptive_api_1319_run4_20260723_015115.json,1319,9,crossover,0,seabird_habitats,seabirds,puffin,6,6,True,island,4150,0.1608794778585434,island,4150,0.1608794778585434
ea_llm_self_adaptive_api_1319_run4_20260723_015115.json,1319,9,crossover,1,seabird_habitats,places,beach,16,16,True,island,4150,0.4389578104019165,island,4150,0.4389578104019165
ea_llm_self_adaptive_api_1319_run4_20260723_015115.json,1319,10,l_mutation,,marine mammals,seabirds,puffin,6,6,True,seal,7,0.03835596516728401,whale,2,0.1499793976545334
ea_llm_self_adaptive_api_1319_run4_20260723_015115.json,1319,10,l_mutation,,activities,places,beach,16,16,True,game,19132,0.17718379199504852,game,19132,0.17718379199504852
ea_llm_self_adaptive_api_1319_run4_20260723_015115.json,1319,10,s_mutation,,ice masses,ice formations,iceberg,23,23,True,block,39489,-0.07551565766334534,chunk,4582,0.20432747900485992
ea_llm_self_adaptive_api_1319_run4_20260723_015115.json,1319,10,l_mutation,,engineering,nature,glacier,51,51,True,engineering,13388,-0.028507035225629807,engineering,13388,-0.028507035225629807
ea_llm_self_adaptive_api_1319_run4_20260723_015115.json,1319,10,m_mutation,,slow-moving natural formations,ice-related geographical features,glacier,51,51,True,drift,1935,0.20515607297420502,drift,1935,0.20515607297420502
ea_llm_self_adaptive_api_1319_run4_20260723_015115.json,1319,10,crossover,0,marine_coastal_species,marine mammals,whale,2,2,True,marine,602,0.307446151971817,ocean,275,0.36651256680488586
ea_llm_self_adaptive_api_1319_run4_20260723_015115.json,1319,10,crossover,1,marine_coastal_species,seabirds,puffin,6,6,True,marine,602,-0.024423403665423393,ocean,275,0.16811053454875946
ea_llm_self_adaptive_api_1319_run5_20260723_025430.json,1319,1,l_mutation,,celestial events,seasons,winter,254,254,True,solstice,7998,0.358084499835968,frost,2359,0.3805844783782959
ea_llm_self_adaptive_api_1319_run5_20260723_025430.json,1319,1,ml_mutation,,natural elements,weather,sun,893,893,True,earth,12236,0.3839833736419678,water,536,0.2492726743221283
ea_llm_self_adaptive_api_1319_run5_20260723_025430.json,1319,1,l_mutation,,tools,professions,scientist,965,965,True,device,56618,0.17685696482658386,compass,9931,0.006651840638369322
ea_llm_self_adaptive_api_1319_run5_20260723_025430.json,1319,1,s_mutation,,meat types,foods,meat,2309,2309,True,beef,15808,0.7630933523178101,pork,15150,0.7173143625259399
ea_llm_self_adaptive_api_1319_run5_20260723_025430.json,1319,1,ml_mutation,,medical terminology,body parts,head,2324,2324,True,injury,34857,0.2821007966995239,disease,18355,0.19096118211746216
ea_llm_self_adaptive_api_1319_run5_20260723_025430.json,1319,1,crossover,0,seasonal_elements,seasons,winter,254,254,True,earth,12236,0.21380341053009033,water,536,0.3469506502151489
ea_llm_self_adaptive_api_1319_run5_20260723_025430.json,1319,1,crossover,1,seasonal_elements,natural elements,water,536,536,True,earth,12236,0.3476383686065674,water,536,0.9999999403953552
ea_llm_self_adaptive_api_1319_run5_20260723_025430.json,1319,2,m_mutation,,fish habitats,meat types,fish,138,138,True,aquatic,1159,0.432481974363327,ocean,275,0.3974742591381073
ea_llm_self_adaptive_api_1319_run5_20260723_025430.json,1319,2,l_mutation,,cultural traditions,seasons,winter,254,254,True,holiday,13914,0.4108010530471802,holiday,13914,0.4108010530471802
ea_llm_self_adaptive_api_1319_run5_20260723_025430.json,1319,2,s_mutation,,water bodies,natural elements,water,536,536,True,stream,10423,0.4528913199901581,pond,5857,0.4450698792934418
ea_llm_self_adaptive_api_1319_run5_20260723_025430.json,1319,2,l_mutation,,energy sources,weather,sun,893,893,True,energy,34856,0.23380431532859802,energy,34856,0.23380431532859802
ea_llm_self_adaptive_api_1319_run5_20260723_025430.json,1319,2,ml_mutation,,biological structures,body parts,spine,908,908,True,skeleton,362,0.2827744781970978,skeleton,362,0.2827744781970978
ea_llm_self_adaptive_api_1319_run5_20260723_025430.json,1319,2,crossover,0,seasonal_meat_terms,meat types,fish,138,138,True,cycle,40776,0.11786013841629028,season,14215,0.1932731419801712
ea_llm_self_adaptive_api_1319_run5_20260723_025430.json,1319,2,crossover,1,seasonal_meat_terms,seasons,winter,254,254,True,cycle,40776,0.2844287157058716,season,14215,0.5159531831741333
ea_llm_self_adaptive_api_1319_run5_20260723_025430.json,1319,3,l_mutation,,animal migration,meat types,fish,138,138,True,migration,1826,0.24678651988506317,migration,1826,0.24678651988506317
ea_llm_self_adaptive_api_1319_run5_20260723_025430.json,1319,3,m_mutation,,reef structures,fish habitats,reef,183,183,True,formation,11809,0.16986873745918274,formation,11809,0.16986873745918274
ea_llm_self_adaptive_api_1319_run5_20260723_025430.json,1319,3,m_mutation,,temperature extremes,seasons,winter,254,254,True,chill,12575,0.3514975607395172,blizzard,998,0.3500053286552429
ea_llm_self_adaptive_api_1319_run5_20260723_025430.json,1319,3,l_mutation,,support frameworks,biological structures,skeleton,362,362,True,support,43307,0.03603193908929825,support,43307,0.03603193908929825
ea_llm_self_adaptive_api_1319_run5_20260723_025430.json,1319,3,l_mutation,,water control systems,natural elements,water,536,536,True,dam,1493,0.4388006627559662,dam,1493,0.4388006627559662
ea_llm_self_adaptive_api_1319_run5_20260723_025430.json,1319,3,crossover,0,aquatic meats,meat types,fish,138,138,True,aquatic,1159,0.432481974363327,fish,138,1.0
ea_llm_self_adaptive_api_1319_run5_20260723_025430.json,1319,3,crossover,1,aquatic meats,fish habitats,reef,183,183,True,aquatic,1159,0.3069479465484619,fish,138,0.36290687322616577
ea_llm_self_adaptive_api_1319_run5_20260723_025430.json,1319,4,m_mutation,,crustacean anatomy,aquatic meats,crab,78,78,True,claw,507,0.3567357063293457,claw,507,0.3567357063293457
ea_llm_self_adaptive_api_1319_run5_20260723_025430.json,1319,4,l_mutation,,animal habitats,meat types,fish,138,138,True,habitat,238,0.427018940448761,habitat,238,0.427018940448761
ea_llm_self_adaptive_api_1319_run5_20260723_025430.json,1319,4,l_mutation,,outdoor environments,seasons,winter,254,254,True,landscape,29597,0.2467368245124817,wildlife,248,0.15727125108242035
ea_llm_self_adaptive_api_1319_run5_20260723_025430.json,1319,4,s_mutation,,reef organisms,reef structures,coral,261,261,True,polyp,22506,0.25188037753105164,anemone,153,0.22864802181720734
ea_llm_self_adaptive_api_1319_run5_20260723_025430.json,1319,4,ml_mutation,,natural formations,temperature extremes,ice,305,305,True,glacier,51,0.391084223985672,iceberg,23,0.2575676441192627
ea_llm_self_adaptive_api_1319_run5_20260723_025430.json,1319,4,crossover,0,aquatic formations,natural formations,iceberg,23,23,True,reef,183,0.17318636178970337,reef,183,0.17318636178970337
ea_llm_self_adaptive_api_1319_run5_20260723_025430.json,1319,4,crossover,1,aquatic formations,aquatic meats,crab,78,78,True,reef,183,0.20323224365711212,reef,183,0.20323224365711212
ea_llm_self_adaptive_api_1319_run5_20260723_025430.json,1319,5,ml_mutation,,formation processes,natural formations,iceberg,23,23,True,erosion,15724,0.042688868939876556,weathering,14012,0.08021597564220428
ea_llm_self_adaptive_api_1319_run5_20260723_025430.json,1319,5,l_mutation,,surface textures,reef organisms,urchin,54,54,True,texture,38129,0.19354355335235596,surface,5117,0.1366642266511917
ea_llm_self_adaptive_api_1319_run5_20260723_025430.json,1319,5,ml_mutation,,coastal features,aquatic meats,crab,78,78,True,coast,488,0.14346148073673248,coast,488,0.14346148073673248
ea_llm_self_adaptive_api_1319_run5_20260723_025430.json,1319,5,s_mutation,,seafood types,meat types,fish,138,138,True,cod,1418,0.509101927280426,tuna,262,0.6304336786270142
ea_llm_self_adaptive_api_1319_run5_20260723_025430.json,1319,5,m_mutation,,habitat features,animal habitats,habitat,238,238,True,modification,43822,0.34990209341049194,feature,35214,0.18028652667999268
ea_llm_self_adaptive_api_1319_run5_20260723_025430.json,1319,5,crossover,0,marine features,natural formations,iceberg,23,23,True,iceberg,23,1.0,iceberg,23,1.0
ea_llm_self_adaptive_api_1319_run5_20260723_025430.json,1319,5,crossover,1,marine features,reef organisms,urchin,54,54,True,iceberg,23,0.1663874238729477,iceberg,23,0.1663874238729477
ea_llm_self_adaptive_api_1319_run5_20260723_025430.json,1319,6,m_mutation,,beach recreation,coastal features,beach,16,16,True,swim,374,0.3537687659263611,swim,374,0.3537687659263611
ea_llm_self_adaptive_api_1319_run5_20260723_025430.json,1319,6,ml_mutation,,ice-related phenomena,natural formations,iceberg,23,23,True,crust,6769,0.19129297137260437,sleet,6017,0.15571682155132294
ea_llm_self_adaptive_api_1319_run5_20260723_025430.json,1319,6,l_mutation,,extreme environments,marine features,iceberg,23,23,True,extreme,26946,0.09713883697986603,environment,25161,-0.08991578966379166
ea_llm_self_adaptive_api_1319_run5_20260723_025430.json,1319,6,m_mutation,,invertebrates with tentacles,aquatic meats,octopus,46,46,True,tentacle,2103,0.3302850127220154,invertebrate,899,0.1430073380470276
ea_llm_self_adaptive_api_1319_run5_20260723_025430.json,1319,6,s_mutation,,bivalve types,seafood types,mollusk,123,123,True,bivalve,447,0.5826348066329956,clam,187,0.27623212337493896
ea_llm_self_adaptive_api_1319_run5_20260723_025430.json,1319,6,crossover,0,coastal_formations,coastal features,beach,16,16,True,cliff,4137,0.280398964881897,fjord,340,0.07884758710861206
ea_llm_self_adaptive_api_1319_run5_20260723_025430.json,1319,6,crossover,1,coastal_formations,natural formations,iceberg,23,23,True,cliff,4137,0.04953605681657791,fjord,340,0.17273588478565216
ea_llm_self_adaptive_api_1319_run5_20260723_025430.json,1319,7,ml_mutation,,coastal descriptors,coastal features,beach,16,16,True,shallow,1281,0.22229845821857452,shallow,1281,0.22229845821857452
ea_llm_self_adaptive_api_1319_run5_20260723_025430.json,1319,7,ml_mutation,,marine predators,aquatic meats,shark,22,22,True,whale,2,0.6499470472335815,whale,2,0.6499470472335815
ea_llm_self_adaptive_api_1319_run5_20260723_025430.json,1319,7,l_mutation,,cold environments,natural formations,iceberg,23,23,True,frozen,5985,0.1027052029967308,arctic,34,0.20417991280555725
ea_llm_self_adaptive_api_1319_run5_20260723_025430.json,1319,7,ml_mutation,,cryosphere features,marine features,iceberg,23,23,True,glacier,51,0.26154571771621704,glacier,51,0.26154571771621704
ea_llm_self_adaptive_api_1319_run5_20260723_025430.json,1319,7,m_mutation,,biological terms related to mollusk anatomy,seafood types,mollusk,123,123,True,mantle,3121,0.09604305028915405,organism,2680,0.10677312314510345
ea_llm_self_adaptive_api_1319_run5_20260723_025430.json,1319,7,crossover,0,coastal_predators,marine predators,whale,2,2,True,shore,1297,0.2996324896812439,beach,16,0.1941859871149063
ea_llm_self_adaptive_api_1319_run5_20260723_025430.json,1319,7,crossover,1,coastal_predators,coastal features,beach,16,16,True,shore,1297,0.4710938334465027,beach,16,1.0
ea_llm_self_adaptive_api_1327_run1_20260803_160743.json,1327,1,ml_mutation,,academic terminology,schoolsubjects,history,5,5,True,chronology,368,0.33816367387771606,era,1,0.4432941973209381
ea_llm_self_adaptive_api_1327_run2_20260803_170815.json,1327,1,ml_mutation,,measurement of length,time,year,20,20,True,meter,10192,0.1416824460029602,inch,6006,0.14523223042488098
ea_llm_self_adaptive_api_1327_run2_20260803_170815.json,1327,1,l_mutation,,creative expressions,professions,artist,138,138,True,medium,926,0.09772677719593048,theme,262,0.21013404428958893
ea_llm_self_adaptive_api_1327_run2_20260803_170815.json,1327,1,s_mutation,,vocal works,music,song,176,176,True,track,654,0.45752882957458496,track,654,0.45752882957458496
ea_llm_self_adaptive_api_1327_run2_20260803_170815.json,1327,1,l_mutation,,leisure,sports,game,290,290,True,leisure,3495,0.10589829087257385,play,324,0.7279163002967834
ea_llm_self_adaptive_api_1327_run2_20260803_170815.json,1327,1,m_mutation,,geological features,nature,earth,839,839,True,rock,225,0.3283340036869049,rock,225,0.3283340036869049
ea_llm_self_adaptive_api_1327_run2_20260803_170815.json,1327,1,crossover,0,temporal_professions,time,year,20,20,True,shift,596,0.21036289632320404,term,160,0.45311951637268066
ea_llm_self_adaptive_api_1327_run2_20260803_170815.json,1327,1,crossover,1,temporal_professions,professions,artist,138,138,True,shift,596,0.02939838543534279,term,160,0.10439617186784744
ea_llm_self_adaptive_api_1327_run2_20260803_170815.json,1327,2,m_mutation,,historical epochs,time,century,4,4,True,era,1,0.43604689836502075,era,1,0.43604689836502075
ea_llm_self_adaptive_api_1327_run3_20260803_173302.json,1327,1,m_mutation,,celestial cycles,time,year,20,20,True,orbit,8956,0.15320183336734772,cycle,836,0.32728177309036255
ea_llm_self_adaptive_api_1327_run3_20260803_173302.json,1327,1,m_mutation,,creative influence,professions,artist,138,138,True,creativity,1577,0.21638475358486176,inspiration,1035,0.37950626015663147
ea_llm_self_adaptive_api_1327_run3_20260803_173302.json,1327,1,l_mutation,,dimensions,numbers,three,163,163,True,space,1205,0.29059067368507385,space,1205,0.29059067368507385
ea_llm_self_adaptive_api_1327_run3_20260803_173302.json,1327,1,s_mutation,,competitions,sports,game,290,290,True,match,1606,0.6027252674102783,match,1606,0.6027252674102783
ea_llm_self_adaptive_api_1327_run3_20260803_173302.json,1327,1,ml_mutation,,relationships,emotions,love,712,712,True,trust,8713,0.2844618260860443,friendship,2513,0.49184998869895935
ea_llm_self_adaptive_api_1327_run3_20260803_173302.json,1327,1,crossover,0,professional_time,time,year,20,20,True,work,245,0.43544822931289673,work,245,0.43544822931289673
ea_llm_self_adaptive_api_1327_run3_20260803_173302.json,1327,1,crossover,1,professional_time,professions,artist,138,138,True,work,245,0.4166835844516754,work,245,0.4166835844516754
ea_llm_self_adaptive_api_1327_run3_20260803_173302.json,1327,2,ml_mutation,,groupings,time,decade,3,3,True,dozen,1521,0.36322128772735596,dozen,1521,0.36322128772735596
ea_llm_self_adaptive_api_1327_run3_20260803_173302.json,1327,2,s_mutation,,enduring influence,creative influence,legacy,34,34,True,heritage,114,0.3661566376686096,tradition,51,0.3629072308540344
ea_llm_self_adaptive_api_1327_run3_20260803_173302.json,1327,2,s_mutation,,creative roles,professions,artist,138,138,True,creator,3284,0.3548339605331421,designer,1682,0.5122966766357422
ea_llm_self_adaptive_api_1327_run3_20260803_173302.json,1327,2,m_mutation,,triadic_terms,numbers,three,163,163,True,trio,1841,0.2849135994911194,trio,1841,0.2849135994911194
ea_llm_self_adaptive_api_1327_run3_20260803_173302.json,1327,2,ml_mutation,,entertainment,sports,game,290,290,True,entertain,3282,0.1483028084039688,entertain,3282,0.1483028084039688
ea_llm_self_adaptive_api_1327_run3_20260803_173302.json,1327,2,crossover,0,temporal_impact,time,decade,3,3,True,legacy,34,0.34976184368133545,legacy,34,0.34976184368133545
ea_llm_self_adaptive_api_1327_run3_20260803_173302.json,1327,2,crossover,1,temporal_impact,creative influence,legacy,34,34,True,legacy,34,1.0,legacy,34,1.0
ea_llm_self_adaptive_api_1327_run4_20260803_173929.json,1327,1,s_mutation,,long-term time measurement,time,year,20,20,True,decade,3,0.6400027871131897,era,1,0.30285078287124634
ea_llm_self_adaptive_api_1327_run5_20260803_181102.json,1327,1,l_mutation,,natural cycles,time,year,20,20,True,cycle,836,0.32728177309036255,season,52,0.5833425521850586
ea_llm_self_adaptive_api_1327_run5_20260803_181102.json,1327,1,ml_mutation,,existence,animals,life,106,106,True,being,,0.4039888381958008,existence,496,0.4751027226448059
ea_llm_self_adaptive_api_1327_run5_20260803_181102.json,1327,1,l_mutation,,expression,music,song,176,176,True,expression,3186,0.17107346653938293,symbol,1454,0.18242856860160828
ea_llm_self_adaptive_api_1327_run5_20260803_181102.json,1327,1,s_mutation,,competitive activities,sports,game,290,290,True,contest,6476,0.3749755918979645,league,193,0.4989847242832184
ea_llm_self_adaptive_api_1327_run5_20260803_181102.json,1327,1,ml_mutation,,movement,travel,journey,404,404,True,march,2771,0.23462533950805664,move,911,0.22826746106147766
ea_llm_self_adaptive_api_1327_run5_20260803_181102.json,1327,1,crossover,0,natural_time_cycles,time,year,20,20,True,cycle,836,0.32728177309036255,season,52,0.5833425521850586
ea_llm_self_adaptive_api_1327_run5_20260803_181102.json,1327,1,crossover,1,natural_time_cycles,natural cycles,season,52,52,True,cycle,836,0.2763078808784485,season,52,1.0
ea_llm_self_adaptive_api_1335_run1_20260803_153531.json,1335,1,ml_mutation,,writing tools,school,pen,80,80,True,ink,4828,0.45545992255210876,pencil,146,0.4678822159767151
ea_llm_self_adaptive_api_1335_run1_20260803_153531.json,1335,1,m_mutation,,functional roles of tools,technology,tool,124,124,True,function,422,0.33887219429016113,function,422,0.33887219429016113
ea_llm_self_adaptive_api_1335_run1_20260803_153531.json,1335,1,s_mutation,,hand components,body parts,hand,157,157,True,fist,18242,0.42502090334892273,wrist,319,0.44394758343696594
ea_llm_self_adaptive_api_1335_run1_20260803_153531.json,1335,1,s_mutation,,maritime transport,transportation,ship,251,251,True,vessel,1752,0.8462036848068237,vessel,1752,0.8462036848068237
ea_llm_self_adaptive_api_1335_run1_20260803_153531.json,1335,1,l_mutation,,natural flows,weather,wind,534,534,True,current,1691,0.20644281804561615,pulse,1168,0.17482402920722961
ea_llm_self_adaptive_api_1335_run1_20260803_153531.json,1335,1,crossover,0,educational technology,school,pen,80,80,True,device,539,0.2065419703722,tool,124,0.20335979759693146
ea_llm_self_adaptive_api_1335_run1_20260803_153531.json,1335,1,crossover,1,educational technology,technology,tool,124,124,True,device,539,0.45565247535705566,tool,124,0.9999998807907104
ea_llm_self_adaptive_api_1335_run1_20260803_153531.json,1335,2,l_mutation,,natural formations,technology,instrument,56,56,True,stone,3433,0.1252335160970688,stone,3433,0.1252335160970688
ea_llm_self_adaptive_api_1335_run1_20260803_153531.json,1335,2,ml_mutation,,office,school,pen,80,80,True,chair,1919,0.2218085080385208,keyboard,1286,0.26637354493141174
ea_llm_self_adaptive_api_1335_run1_20260803_153531.json,1335,2,ml_mutation,,educational tools,writing tools,pencil,146,146,True,ruler,35,0.027210593223571777,compass,1,0.19079053401947021
ea_llm_self_adaptive_api_1335_run2_20260803_175422.json,1335,1,ml_mutation,,tools,body_parts,hand,157,157,True,tool,124,0.3815676271915436,tool,124,0.3815676271915436
ea_llm_self_adaptive_api_1335_run2_20260803_175422.json,1335,1,l_mutation,,abstractions,technology,system,203,203,True,concept,1150,0.42470186948776245,principle,549,0.3178783655166626
ea_llm_self_adaptive_api_1335_run2_20260803_175422.json,1335,1,s_mutation,,vessels,transportation,ship,251,251,True,ferry,6073,0.5256812572479248,yacht,1576,0.5084810853004456
ea_llm_self_adaptive_api_1335_run2_20260803_175422.json,1335,1,l_mutation,,aquatic_environments,food,fish,393,393,True,water,975,0.4559081494808197,water,975,0.4559081494808197
ea_llm_self_adaptive_api_1335_run2_20260803_175422.json,1335,1,m_mutation,,optical properties,materials,glass,448,448,True,lens,992,0.2466202676296234,lens,992,0.2466202676296234
ea_llm_self_adaptive_api_1335_run2_20260803_175422.json,1335,1,crossover,0,tool_body_parts,tools,tool,124,124,True,hand,157,0.3815676271915436,hand,157,0.3815676271915436
ea_llm_self_adaptive_api_1335_run2_20260803_175422.json,1335,1,crossover,1,tool_body_parts,body_parts,hand,157,157,True,hand,157,1.0000001192092896,hand,157,1.0000001192092896
ea_llm_self_adaptive_api_1335_run2_20260803_175422.json,1335,2,m_mutation,,methods,tools,tool,124,124,True,means,797,0.4091152846813202,aid,419,0.23196449875831604
ea_llm_self_adaptive_api_1335_run2_20260803_175422.json,1335,2,l_mutation,,creative_processes,body_parts,hand,157,157,True,craft,260,0.2476380467414856,craft,260,0.2476380467414856
ea_llm_self_adaptive_api_1335_run2_20260803_175422.json,1335,2,m_mutation,,biological organization,technology,system,203,203,True,organism,41370,0.16751833260059357,structure,2232,0.45694974064826965
ea_llm_self_adaptive_api_1335_run2_20260803_175422.json,1335,2,ml_mutation,,structures,transportation,ship,251,251,True,bridge,3373,0.24863196909427643,dome,286,0.07814600318670273
ea_llm_self_adaptive_api_1335_run2_20260803_175422.json,1335,2,s_mutation,,leather types,materials,leather,256,256,True,suede,14785,0.5770230889320374,hide,1098,0.19272148609161377
ea_llm_self_adaptive_api_1335_run2_20260803_175422.json,1335,2,crossover,0,assistive_tools_for_body_parts,tools,tool,124,124,True,glove,2160,0.18260639905929565,crutch,1927,0.24158896505832672
ea_llm_self_adaptive_api_1335_run2_20260803_175422.json,1335,2,crossover,1,assistive_tools_for_body_parts,body_parts,hand,157,157,True,glove,2160,0.37764212489128113,crutch,1927,0.08592723309993744
ea_llm_self_adaptive_api_1335_run2_20260803_175422.json,1335,3,l_mutation,,experiments,technology,instrument,56,56,True,experiment,4456,0.270688533782959,test,1112,0.19927065074443817
ea_llm_self_adaptive_api_1335_run2_20260803_175422.json,1335,3,ml_mutation,,body parts,tools,tool,124,124,True,shoulder,7172,0.06313720345497131,wrist,319,0.12370973825454712
ea_llm_self_adaptive_api_1335_run2_20260803_175422.json,1335,3,m_mutation,,manual_actions,body_parts,hand,157,157,True,touch,492,0.49801555275917053,touch,492,0.49801555275917053
ea_llm_self_adaptive_api_1335_run2_20260803_175422.json,1335,3,l_mutation,,exploration,transportation,ship,251,251,True,search,2225,0.3053569197654724,explore,1706,0.1367475539445877
ea_llm_self_adaptive_api_1335_run2_20260803_175422.json,1335,3,m_mutation,,tactile sensations,materials,leather,256,256,True,smooth,6998,0.20889927446842194,smooth,6998,0.20889927446842194
ea_llm_self_adaptive_api_1335_run2_20260803_175422.json,1335,3,crossover,0,technical_tools,technology,instrument,56,56,True,device,539,0.41700834035873413,tool,124,0.482859343290329
ea_llm_self_adaptive_api_1335_run2_20260803_175422.json,1335,3,crossover,1,technical_tools,tools,tool,124,124,True,device,539,0.45565247535705566,tool,124,0.9999998807907104
ea_llm_self_adaptive_api_1335_run2_20260803_175422.json,1335,4,m_mutation,,mapping,exploration,survey,36,36,True,map,20,0.3224010169506073,map,20,0.3224010169506073
ea_llm_self_adaptive_api_1335_run2_20260803_175422.json,1335,4,s_mutation,,precision tools,technology,instrument,56,56,True,mechanism,2365,0.36699002981185913,gear,77,0.21360939741134644
ea_llm_self_adaptive_api_1335_run2_20260803_175422.json,1335,4,m_mutation,,construction processes,tools,tool,124,124,True,construct,3089,0.26395970582962036,repair,2110,0.23494189977645874
ea_llm_self_adaptive_api_1335_run2_20260803_175422.json,1335,4,s_mutation,,hand_components,body_parts,hand,157,157,True,fist,18242,0.42502090334892273,palm,1961,0.34160375595092773
ea_llm_self_adaptive_api_1335_run2_20260803_175422.json,1335,4,m_mutation,,shipping actions,transportation,ship,251,251,True,dispatch,5285,0.21078187227249146,dispatch,5285,0.21078187227249146
ea_llm_self_adaptive_api_1335_run2_20260803_175422.json,1335,4,crossover,0,Exploratory Mapping,mapping,map,20,20,True,survey,36,0.3224010169506073,survey,36,0.3224010169506073
ea_llm_self_adaptive_api_1335_run2_20260803_175422.json,1335,4,crossover,1,Exploratory Mapping,exploration,survey,36,36,True,survey,36,1.0,survey,36,1.0
ea_llm_self_adaptive_api_1335_run2_20260803_175422.json,1335,5,l_mutation,,natural formations,precision tools,gauge,13,13,True,formation,5497,0.1150507852435112,element,851,0.15616293251514435
ea_llm_self_adaptive_api_1335_run2_20260803_175422.json,1335,5,m_mutation,,navigation,mapping,map,20,20,True,guide,53,0.3416031002998352,guide,53,0.3416031002998352
ea_llm_self_adaptive_api_1335_run2_20260803_175422.json,1335,5,m_mutation,,data gathering,exploration,survey,36,36,True,report,4712,0.5401339530944824,measure,74,0.29057958722114563
ea_llm_self_adaptive_api_1335_run2_20260803_175422.json,1335,5,l_mutation,,social systems,technology,instrument,56,56,True,community,5833,0.15056677162647247,group,2053,0.15712414681911469
ea_llm_self_adaptive_api_1335_run2_20260803_175422.json,1335,5,l_mutation,,gestural manipulation,body_parts,hand,157,157,True,gesture,1888,0.34976309537887573,motion,443,0.3095783293247223
ea_llm_self_adaptive_api_1335_run2_20260803_175422.json,1335,5,crossover,0,surveying_tools,precision tools,gauge,13,13,True,level,1339,0.22712959349155426,gauge,13,0.9999999403953552
ea_llm_self_adaptive_api_1335_run2_20260803_175422.json,1335,5,crossover,1,surveying_tools,mapping,map,20,20,True,level,1339,0.14648839831352234,gauge,13,0.18312767148017883
ea_llm_self_adaptive_api_1335_run3_20260803_185819.json,1335,1,m_mutation,,enclosures,common_objects,pen,80,80,True,cage,11309,0.1827305555343628,coop,7327,0.03422108292579651
ea_llm_self_adaptive_api_1335_run3_20260803_185819.json,1335,1,m_mutation,,sharpness and cutting edges,tools,knife,109,109,True,blade,1316,0.5478628277778625,point,73,0.20355044305324554
ea_llm_self_adaptive_api_1335_run3_20260803_185819.json,1335,1,l_mutation,,mythology,planets,saturn,119,119,True,myth,18507,0.09736943989992142,god,2427,0.1626015305519104
ea_llm_self_adaptive_api_1335_run3_20260803_185819.json,1335,1,s_mutation,,hand parts,body_parts,hand,157,157,True,palm,1961,0.34160375595092773,wrist,319,0.44394758343696594
ea_llm_self_adaptive_api_1335_run3_20260803_185819.json,1335,1,ml_mutation,,ocean terms,transportation,ship,251,251,True,port,6797,0.5303916335105896,coast,2594,0.4978305995464325
ea_llm_self_adaptive_api_1335_run3_20260803_185819.json,1335,1,crossover,0,sharp_object_parts,sharpness and cutting edges,point,73,73,True,edge,500,0.4909774661064148,point,73,1.0
ea_llm_self_adaptive_api_1335_run3_20260803_185819.json,1335,1,crossover,1,sharp_object_parts,common_objects,pen,80,80,True,edge,500,0.22475673258304596,point,73,0.17757073044776917
ea_llm_self_adaptive_api_1335_run3_20260803_185819.json,1335,2,ml_mutation,,reflective_surfaces,common_objects,mirror,39,39,True,window,879,0.3891749978065491,screen,705,0.38291698694229126
ea_llm_self_adaptive_api_1335_run3_20260803_185819.json,1335,2,s_mutation,,sharp protrusions,sharpness and cutting edges,point,73,73,True,spike,18344,0.13086995482444763,spike,18344,0.13086995482444763
ea_llm_self_adaptive_api_1335_run3_20260803_185819.json,1335,2,s_mutation,,cutting tools,tools,knife,109,109,True,scissors,481,0.5437909364700317,scissors,481,0.5437909364700317
ea_llm_self_adaptive_api_1335_run3_20260803_185819.json,1335,2,m_mutation,,celestial rings,planets,saturn,119,119,True,ring,439,0.2095802277326584,circle,151,0.1785462647676468
ea_llm_self_adaptive_api_1335_run3_20260803_185819.json,1335,2,ml_mutation,,body_descriptors,body_parts,hand,157,157,True,smooth,6998,0.25335395336151123,curved,790,0.18974396586418152
ea_llm_self_adaptive_api_1335_run3_20260803_185819.json,1335,2,crossover,0,edged_common_objects,common_objects,mirror,39,39,True,blade,1316,0.3439366817474365,glass,448,0.37405291199684143
ea_llm_self_adaptive_api_1335_run3_20260803_185819.json,1335,2,crossover,1,edged_common_objects,sharpness and cutting edges,point,73,73,True,blade,1316,0.17221219837665558,glass,448,0.09203735738992691
ea_llm_self_adaptive_api_1335_run3_20260803_185819.json,1335,3,ml_mutation,,decorative_elements,common_objects,mirror,39,39,True,ornament,1082,0.21302974224090576,ornament,1082,0.21302974224090576
ea_llm_self_adaptive_api_1335_run3_20260803_185819.json,1335,3,s_mutation,,precision tips and apex features,sharpness and cutting edges,point,73,73,True,nub,31600,-0.043185945600271225,taper,1585,0.08953941613435745
ea_llm_self_adaptive_api_1335_run3_20260803_185819.json,1335,3,m_mutation,,sharpness and cutting,tools,knife,109,109,True,handle,551,0.23491375148296356,handle,551,0.23491375148296356
ea_llm_self_adaptive_api_1335_run3_20260803_185819.json,1335,3,ml_mutation,,celestial objects,planets,saturn,119,119,True,comet,2470,0.3560217022895813,asteroid,1815,0.2970379590988159
ea_llm_self_adaptive_api_1335_run3_20260803_185819.json,1335,3,m_mutation,,signaling_devices,reflective_surfaces,reflector,125,125,True,beacon,58,0.28704631328582764,indicator,22,0.10255316644906998
ea_llm_self_adaptive_api_1335_run3_20260803_185819.json,1335,3,crossover,0,functional_common_items,signaling_devices,indicator,22,22,True,lamp,85,0.24859794974327087,mirror,39,0.19539624452590942
ea_llm_self_adaptive_api_1335_run3_20260803_185819.json,1335,3,crossover,1,functional_common_items,common_objects,mirror,39,39,True,lamp,85,0.2962045669555664,mirror,39,1.0000001192092896
ea_llm_self_adaptive_api_1335_run3_20260803_185819.json,1335,4,ml_mutation,,directional_terms,signaling_devices,indicator,22,22,True,pointer,939,0.15565969049930573,symbol,344,0.25308918952941895
ea_llm_self_adaptive_api_1335_run3_20260803_185819.json,1335,4,l_mutation,,cosmic realms,planets,celestial,26,26,True,cosmos,5319,0.2784704864025116,cosmos,5319,0.2784704864025116
ea_llm_self_adaptive_api_1335_run3_20260803_185819.json,1335,4,ml_mutation,,surface characteristics,common_objects,mirror,39,39,True,sheen,30883,0.09689866006374359,polish,740,0.039629850536584854
ea_llm_self_adaptive_api_1335_run3_20260803_185819.json,1335,4,m_mutation,,symbolic groupings,celestial objects,constellation,57,57,True,pattern,1179,0.13362082839012146,design,594,0.12614130973815918
ea_llm_self_adaptive_api_1335_run3_20260803_185819.json,1335,4,s_mutation,,precision cutting tools,tools,knife,109,109,True,dagger,745,0.4376697838306427,dagger,745,0.4376697838306427
ea_llm_self_adaptive_api_1335_run3_20260803_185819.json,1335,4,crossover,0,celestial_signaling,signaling_devices,indicator,22,22,True,signal,444,0.39100074768066406,guide,53,0.22824007272720337
ea_llm_self_adaptive_api_1335_run3_20260803_185819.json,1335,4,crossover,1,celestial_signaling,planets,celestial,26,26,True,signal,444,0.11977074295282364,guide,53,0.14915640652179718
ea_llm_self_adaptive_api_1335_run4_20260803_191631.json,1335,1,s_mutation,,directional guides,travel_places,map,20,20,True,chart,68,0.2389218956232071,guide,53,0.3416031002998352
ea_llm_self_adaptive_api_1335_run4_20260803_191631.json,1335,1,s_mutation,,textual_resources,education_learning,book,122,122,True,text,2741,0.43314507603645325,manual,106,0.2545737028121948
ea_llm_self_adaptive_api_1335_run4_20260803_191631.json,1335,1,l_mutation,,creative_workspaces,music_art,craft,260,260,True,studio,8424,0.18582783639431,maker,2546,0.19582009315490723
ea_llm_self_adaptive_api_1335_run4_20260803_191631.json,1335,1,ml_mutation,,technology,daily_life,phone,951,951,True,charger,1018,0.17620031535625458,screen,705,0.348794162273407
ea_llm_self_adaptive_api_1335_run4_20260803_191631.json,1335,1,s_mutation,,liquid_beverages,food_drink,water,975,975,True,juice,33393,0.35586652159690857,fluid,5896,0.36276954412460327
ea_llm_self_adaptive_api_1335_run4_20260803_191631.json,1335,1,crossover,0,trip_planning,travel_places,map,20,20,True,map,20,1.0,map,20,1.0
ea_llm_self_adaptive_api_1335_run4_20260803_191631.json,1335,1,crossover,1,trip_planning,directional guides,guide,53,53,True,map,20,0.3416031002998352,map,20,0.3416031002998352
ea_llm_self_adaptive_api_1335_run5_20260803_192702.json,1335,1,l_mutation,,visual_reflections,objects,mirror,39,39,True,glint,14312,0.1987677365541458,glint,14312,0.1987677365541458
ea_llm_self_adaptive_api_1335_run5_20260803_192702.json,1335,1,ml_mutation,,body_movements,body_parts,hand,157,157,True,motion,443,0.3095783293247223,motion,443,0.3095783293247223
ea_llm_self_adaptive_api_1335_run5_20260803_192702.json,1335,1,l_mutation,,navigation,transportation,ship,251,251,True,navigate,426,0.1801261156797409,chart,68,0.09182282537221909
ea_llm_self_adaptive_api_1335_run5_20260803_192702.json,1335,1,s_mutation,,earth materials,elements,earth,297,297,True,ground,1557,0.3803967237472534,land,801,0.34561216831207275
ea_llm_self_adaptive_api_1335_run5_20260803_192702.json,1335,1,ml_mutation,,common usage categories,technology,device,539,539,True,tool,124,0.45565247535705566,tool,124,0.45565247535705566
ea_llm_self_adaptive_api_1335_run5_20260803_192702.json,1335,1,crossover,0,spatial_navigation,objects,mirror,39,39,True,map,20,0.20745620131492615,compass,1,0.3251074254512787
ea_llm_self_adaptive_api_1335_run5_20260803_192702.json,1335,1,crossover,1,spatial_navigation,navigation,chart,68,68,True,map,20,0.2389218956232071,compass,1,0.11276932060718536
ea_llm_self_adaptive_api_1352_run1_20260722_182747.json,1352,1,ml_mutation,,royal associations,colors,purple,65,65,True,crown,590,0.19436949491500854,crown,590,0.19436949491500854
ea_llm_self_adaptive_api_1352_run1_20260722_182747.json,1352,1,m_mutation,,botanical parts of peaches,foods,peach,191,191,True,blossom,399,0.5477861166000366,blossom,399,0.5477861166000366
ea_llm_self_adaptive_api_1352_run1_20260722_182747.json,1352,1,s_mutation,,polygon types,shapes,hexagon,577,577,True,pentagon,4480,0.029751509428024292,octagon,117,0.40579578280448914
ea_llm_self_adaptive_api_1352_run1_20260722_182747.json,1352,1,s_mutation,,eye components,bodyparts,eye,847,847,True,iris,334,0.253207266330719,iris,334,0.253207266330719
ea_llm_self_adaptive_api_1352_run1_20260722_182747.json,1352,1,l_mutation,,synthetic materials,elements,metal,862,862,True,plastic,28943,0.5278967022895813,glass,349,0.46762168407440186
ea_llm_self_adaptive_api_1352_run1_20260722_182747.json,1352,1,crossover,0,color_polygons,colors,purple,65,65,True,color,198,0.4947431981563568,color,198,0.4947431981563568
ea_llm_self_adaptive_api_1352_run1_20260722_182747.json,1352,1,crossover,1,color_polygons,polygon types,octagon,117,117,True,color,198,-0.017065057530999184,color,198,-0.017065057530999184
ea_llm_self_adaptive_api_1352_run1_20260722_182747.json,1352,2,l_mutation,,geological materials,botanical parts of peaches,stone,54,54,True,clay,4512,0.3882956802845001,ore,713,0.2147958129644394
ea_llm_self_adaptive_api_1352_run1_20260722_182747.json,1352,2,ml_mutation,,visual descriptors,colors,purple,65,65,True,depth,8542,0.054387181997299194,texture,1036,0.2433476597070694
ea_llm_self_adaptive_api_1352_run1_20260722_182747.json,1352,2,ml_mutation,,geometric terms,polygon types,octagon,117,117,True,angle,18206,0.11506933718919754,side,6126,0.06547998636960983
ea_llm_self_adaptive_api_1352_run1_20260722_182747.json,1352,2,ml_mutation,,botanical terminology,foods,peach,191,191,True,tree,3561,0.33794283866882324,leaf,344,0.24052292108535767
ea_llm_self_adaptive_api_1352_run1_20260722_182747.json,1352,2,l_mutation,,emotional_states,color_polygons,color,198,198,True,emotion,26378,0.2208162099123001,mood,13185,0.20764368772506714
ea_llm_self_adaptive_api_1352_run1_20260722_182747.json,1352,2,crossover,0,peach_part_colors,botanical parts of peaches,stone,54,54,True,orange,450,0.1069878414273262,yellow,92,0.20351168513298035
ea_llm_self_adaptive_api_1352_run1_20260722_182747.json,1352,2,crossover,1,peach_part_colors,colors,purple,65,65,True,orange,450,0.457668662071228,yellow,92,0.6170438528060913
ea_llm_self_adaptive_api_1352_run1_20260722_182747.json,1352,3,l_mutation,,chemical compounds,geological materials,quartz,32,32,True,compound,33465,0.14994283020496368,element,3798,0.12181377410888672
ea_llm_self_adaptive_api_1352_run1_20260722_182747.json,1352,3,s_mutation,,hard peach components,botanical parts of peaches,stone,54,54,True,hard,5191,0.2626899182796478,shell,1253,0.24781015515327454
ea_llm_self_adaptive_api_1352_run1_20260722_182747.json,1352,3,l_mutation,,natural habitats,foods,pear,62,62,True,soil,30199,0.08745134621858597,habitat,13677,0.14289872348308563
ea_llm_self_adaptive_api_1352_run1_20260722_182747.json,1352,3,s_mutation,,shades of purple,colors,purple,65,65,True,lavender,76,0.5065414309501648,lavender,76,0.5065414309501648
ea_llm_self_adaptive_api_1352_run1_20260722_182747.json,1352,3,ml_mutation,,geometric properties,polygon types,octagon,117,117,True,line,1857,-0.09333153069019318,edge,461,0.050996098667383194
ea_llm_self_adaptive_api_1352_run1_20260722_182747.json,1352,3,crossover,0,components,geological materials,quartz,32,32,True,core,1362,0.12199031561613083,stone,54,0.22649581730365753
ea_llm_self_adaptive_api_1352_run1_20260722_182747.json,1352,3,crossover,1,components,botanical parts of peaches,stone,54,54,True,core,1362,0.13804051280021667,stone,54,1.0000001192092896
ea_llm_self_adaptive_api_1352_run1_20260722_182747.json,1352,4,s_mutation,,silica-containing materials,geological materials,quartz,32,32,True,silica,2783,0.5565162301063538,feldspar,254,0.6061384677886963
ea_llm_self_adaptive_api_1352_run1_20260722_182747.json,1352,4,l_mutation,,ordered structures,chemical compounds,crystal,42,42,True,ordered,13826,0.03036116622388363,lattice,3350,0.3927089273929596
ea_llm_self_adaptive_api_1352_run1_20260722_182747.json,1352,4,ml_mutation,,botanical terminology,botanical parts of peaches,stone,54,54,True,ovule,58597,-0.1203651875257492,ovule,58597,-0.1203651875257492
ea_llm_self_adaptive_api_1352_run1_20260722_182747.json,1352,4,m_mutation,,textures,foods,pear,62,62,True,texture,1036,0.25800707936286926,shape,220,0.21944481134414673
ea_llm_self_adaptive_api_1352_run1_20260722_182747.json,1352,4,m_mutation,,symbolism,colors,purple,65,65,True,velvet,415,0.4736495912075043,velvet,415,0.4736495912075043
ea_llm_self_adaptive_api_1352_run1_20260722_182747.json,1352,4,crossover,0,mineral substances,geological materials,quartz,32,32,True,quartz,32,1.0,quartz,32,1.0
ea_llm_self_adaptive_api_1352_run1_20260722_182747.json,1352,4,crossover,1,mineral substances,chemical compounds,crystal,42,42,True,quartz,32,0.4310101270675659,quartz,32,0.4310101270675659
ea_llm_self_adaptive_api_1352_run1_20260722_182747.json,1352,5,s_mutation,,precious silica minerals,silica-containing materials,opal,23,23,True,agate,16,0.29246461391448975,agate,16,0.29246461391448975
ea_llm_self_adaptive_api_1352_run1_20260722_182747.json,1352,5,s_mutation,,specific minerals,geological materials,quartz,32,32,True,flint,2337,0.23048202693462372,gem,48,0.22590790688991547
ea_llm_self_adaptive_api_1352_run1_20260722_182747.json,1352,5,ml_mutation,,material properties,chemical compounds,crystal,42,42,True,shape,220,0.2653982937335968,shape,220,0.2653982937335968
ea_llm_self_adaptive_api_1352_run1_20260722_182747.json,1352,5,ml_mutation,,botanical terminology,botanical parts of peaches,stone,54,54,True,petal,177,-0.05837539955973625,petal,177,-0.05837539955973625
ea_llm_self_adaptive_api_1352_run1_20260722_182747.json,1352,5,ml_mutation,,taste descriptors,foods,pear,62,62,True,sweet,3965,0.3323574364185333,sweet,3965,0.3323574364185333
ea_llm_self_adaptive_api_1352_run1_20260722_182747.json,1352,5,crossover,0,silica minerals,precious silica minerals,agate,16,16,True,silica,2783,0.19941890239715576,stone,54,0.2196328490972519
ea_llm_self_adaptive_api_1352_run1_20260722_182747.json,1352,5,crossover,1,silica minerals,silica-containing materials,opal,23,23,True,silica,2783,0.19312341511249542,stone,54,0.06844563037157059
ea_llm_self_adaptive_api_1352_run1_20260722_182747.json,1352,6,m_mutation,,gemstone properties,specific minerals,topaz,5,5,True,hardness,841,0.10089937597513199,color,198,0.11110317707061768
ea_llm_self_adaptive_api_1352_run1_20260722_182747.json,1352,6,l_mutation,,ceremonial materials,precious silica minerals,chalcedony,10,10,True,ceremonial,6690,0.05939190834760666,ornamental,1568,0.17692942917346954
ea_llm_self_adaptive_api_1352_run1_20260722_182747.json,1352,6,l_mutation,,sedimentary features,silica-containing materials,opal,23,23,True,sediment,6283,0.09145093709230423,formation,4295,0.05047802999615669
ea_llm_self_adaptive_api_1352_run1_20260722_182747.json,1352,6,ml_mutation,,material characteristics,geological materials,quartz,32,32,True,grain,2864,0.08226339519023895,luster,132,0.08455929160118103
ea_llm_self_adaptive_api_1352_run1_20260722_182747.json,1352,6,ml_mutation,,material properties,chemical compounds,crystal,42,42,True,luster,132,0.05981879681348801,luster,132,0.05981879681348801
ea_llm_self_adaptive_api_1352_run1_20260722_182747.json,1352,6,crossover,0,Silica Gemstones,specific minerals,topaz,5,5,True,gem,48,0.28934159874916077,gem,48,0.28934159874916077
ea_llm_self_adaptive_api_1352_run1_20260722_182747.json,1352,6,crossover,1,Silica Gemstones,precious silica minerals,chalcedony,10,10,True,gem,48,0.1035936251282692,gem,48,0.1035936251282692
ea_llm_self_adaptive_api_1352_run1_20260722_182747.json,1352,7,ml_mutation,,mineral forms,specific minerals,topaz,5,5,True,form,6258,-0.08026468753814697,shape,220,0.010319868102669716
ea_llm_self_adaptive_api_1352_run1_20260722_182747.json,1352,7,m_mutation,,surface characteristics and visual properties of minerals and materials,precious silica minerals,chalcedony,10,10,True,coral,167,0.10193199664354324,coral,167,0.10193199664354324
ea_llm_self_adaptive_api_1352_run1_20260722_182747.json,1352,7,s_mutation,,precious stones,ceremonial materials,lapis,12,12,True,stone,54,0.18500693142414093,sapphire,8,0.36685532331466675
ea_llm_self_adaptive_api_1352_run1_20260722_182747.json,1352,7,ml_mutation,,mineral descriptors,silica-containing materials,opal,23,23,True,sheen,6163,0.09028176963329315,pattern,1422,0.01479343418031931
ea_llm_self_adaptive_api_1352_run1_20260722_182747.json,1352,7,ml_mutation,,mineral characteristics,geological materials,hematite,31,31,True,luster,132,0.0377691276371479,luster,132,0.0377691276371479
ea_llm_self_adaptive_api_1352_run1_20260722_182747.json,1352,7,crossover,0,precious minerals,specific minerals,topaz,5,5,True,gem,48,0.28934159874916077,sapphire,8,0.49992185831069946
ea_llm_self_adaptive_api_1352_run1_20260722_182747.json,1352,7,crossover,1,precious minerals,precious stones,sapphire,8,8,True,gem,48,0.4201701879501343,sapphire,8,1.0
ea_llm_self_adaptive_api_1352_run2_20260722_195659.json,1352,1,ml_mutation,,visual descriptors,colors,purple,65,65,True,vibrant,589,0.23318828642368317,vibrant,589,0.23318828642368317
ea_llm_self_adaptive_api_1352_run2_20260722_195659.json,1352,1,l_mutation,,symbolism,nature,flower,170,170,True,symbol,2643,0.1797623485326767,symbol,2643,0.1797623485326767
ea_llm_self_adaptive_api_1352_run2_20260722_195659.json,1352,1,s_mutation,,group,music,band,264,264,True,ensemble,12397,0.42893245816230774,formation,4295,0.30089184641838074
ea_llm_self_adaptive_api_1352_run2_20260722_195659.json,1352,1,l_mutation,,geographical features,food,apple,1412,1412,True,river,3053,0.14383329451084137,river,3053,0.14383329451084137
ea_llm_self_adaptive_api_1352_run2_20260722_195659.json,1352,1,m_mutation,,movement-related actions,animals,snake,1423,1423,True,coil,2751,0.1890762895345688,coil,2751,0.1890762895345688
ea_llm_self_adaptive_api_1352_run2_20260722_195659.json,1352,1,crossover,0,nature_colors,colors,purple,65,65,True,green,235,0.5501326322555542,blue,110,0.6105007529258728
ea_llm_self_adaptive_api_1352_run2_20260722_195659.json,1352,1,crossover,1,nature_colors,nature,flower,170,170,True,green,235,0.2838975489139557,blue,110,0.2837211787700653
ea_llm_self_adaptive_api_1352_run2_20260722_195659.json,1352,2,m_mutation,,connotations of power and royalty,colors,purple,65,65,True,crown,590,0.19436949491500854,crown,590,0.19436949491500854
ea_llm_self_adaptive_api_1352_run2_20260722_195659.json,1352,2,l_mutation,,scent,nature,flower,170,170,True,scent,409,0.2768486738204956,scent,409,0.2768486738204956
ea_llm_self_adaptive_api_1352_run2_20260722_195659.json,1352,2,m_mutation,,emotional atmospheres,visual descriptors,hue,179,179,True,mood,13185,0.14380133152008057,ambiance,9589,0.13472166657447815
ea_llm_self_adaptive_api_1352_run2_20260722_195659.json,1352,2,ml_mutation,,social groups,music,band,264,264,True,group,17208,0.4060710072517395,team,13747,0.2644384801387787
ea_llm_self_adaptive_api_1352_run2_20260722_195659.json,1352,2,s_mutation,,tight grouping,group,cluster,279,279,True,clump,8378,0.24759162962436676,clump,8378,0.24759162962436676
ea_llm_self_adaptive_api_1352_run2_20260722_195659.json,1352,2,crossover,0,natural_colors,colors,purple,65,65,True,green,235,0.5501326322555542,blue,110,0.6105007529258728
ea_llm_self_adaptive_api_1352_run2_20260722_195659.json,1352,2,crossover,1,natural_colors,nature,flower,170,170,True,green,235,0.2838975489139557,blue,110,0.2837211787700653
ea_llm_self_adaptive_api_1352_run2_20260722_195659.json,1352,3,l_mutation,,textures,colors,purple,65,65,True,velvet,415,0.4736495912075043,velvet,415,0.4736495912075043
ea_llm_self_adaptive_api_1352_run2_20260722_195659.json,1352,3,ml_mutation,,connotations of value and wealth,connotations of power and royalty,gold,68,68,True,wealth,8362,0.23284807801246643,treasure,937,0.32091712951660156
ea_llm_self_adaptive_api_1352_run2_20260722_195659.json,1352,3,m_mutation,,plant development stages,nature,flower,170,170,True,germinate,18132,0.1523638516664505,bloom,285,0.40634259581565857
ea_llm_self_adaptive_api_1352_run2_20260722_195659.json,1352,3,l_mutation,,optical phenomena,visual descriptors,hue,179,179,True,refraction,2199,0.1193019226193428,reflection,539,0.19851736724376678
ea_llm_self_adaptive_api_1352_run2_20260722_195659.json,1352,3,m_mutation,,physical bands,music,band,264,264,True,strip,,0.14585626125335693,cord,1472,0.06212971732020378
ea_llm_self_adaptive_api_1352_run2_20260722_195659.json,1352,3,crossover,0,royal_colors,colors,purple,65,65,True,gold,68,0.321384459733963,purple,65,1.0000001192092896
ea_llm_self_adaptive_api_1352_run2_20260722_195659.json,1352,3,crossover,1,royal_colors,connotations of power and royalty,gold,68,68,True,gold,68,0.9999999403953552,purple,65,0.321384459733963
ea_llm_self_adaptive_api_1352_run2_20260722_195659.json,1352,4,m_mutation,,physical properties of stone,nature,stone,54,54,True,hardness,841,0.06621208041906357,hardness,841,0.06621208041906357
ea_llm_self_adaptive_api_1352_run2_20260722_195659.json,1352,4,s_mutation,,shades of purple,colors,purple,65,65,True,indigo,300,0.3204217255115509,indigo,300,0.3204217255115509
ea_llm_self_adaptive_api_1352_run2_20260722_195659.json,1352,4,m_mutation,,physical properties of metallic substances,connotations of power and royalty,gold,68,68,True,luster,132,0.1562696248292923,luster,132,0.1562696248292923
ea_llm_self_adaptive_api_1352_run2_20260722_195659.json,1352,4,s_mutation,,hue properties,visual descriptors,hue,179,179,True,chroma,4696,0.3486427664756775,color,198,0.40079987049102783
ea_llm_self_adaptive_api_1352_run2_20260722_195659.json,1352,4,m_mutation,,binding methods,music,band,264,264,True,bind,45642,0.00955899152904749,knot,342,0.054590385407209396
ea_llm_self_adaptive_api_1352_run2_20260722_195659.json,1352,4,crossover,0,Nature Colors,nature,stone,54,54,True,green,235,0.2782987058162689,blue,110,0.20715057849884033
ea_llm_self_adaptive_api_1352_run2_20260722_195659.json,1352,4,crossover,1,Nature Colors,colors,purple,65,65,True,green,235,0.5501326322555542,blue,110,0.6105007529258728
ea_llm_self_adaptive_api_1352_run2_20260722_195659.json,1352,5,l_mutation,,architectural elements,nature,stone,54,54,True,pillar,1427,0.33712103962898254,arch,747,0.39562171697616577
ea_llm_self_adaptive_api_1352_run2_20260722_195659.json,1352,5,m_mutation,,natural objects with purple hue,colors,purple,65,65,True,plum,647,0.29632458090782166,silk,543,0.4297332167625427
ea_llm_self_adaptive_api_1352_run2_20260722_195659.json,1352,5,m_mutation,,material properties of gold,connotations of power and royalty,gold,68,68,True,ductile,33528,0.00020525978470686823,metallic,516,0.34959593415260315
ea_llm_self_adaptive_api_1352_run2_20260722_195659.json,1352,5,l_mutation,,rotational mechanisms,binding methods,clasp,123,123,True,orbit,6413,0.06763661652803421,orbit,6413,0.06763661652803421
ea_llm_self_adaptive_api_1352_run2_20260722_195659.json,1352,5,l_mutation,,artisan methods in material shaping,physical properties of metallic substances,luster,132,132,True,craft,290,-0.06092146039009094,craft,290,-0.06092146039009094
ea_llm_self_adaptive_api_1352_run2_20260722_195659.json,1352,5,crossover,0,natural_colors,nature,stone,54,54,True,blue,110,0.20715057849884033,blue,110,0.20715057849884033
ea_llm_self_adaptive_api_1352_run2_20260722_195659.json,1352,5,crossover,1,natural_colors,colors,purple,65,65,True,blue,110,0.6105007529258728,blue,110,0.6105007529258728
ea_llm_self_adaptive_api_1352_run2_20260722_195659.json,1352,6,ml_mutation,,materials,nature,stone,54,54,True,glass,349,0.4437278211116791,copper,288,0.2624281346797943
ea_llm_self_adaptive_api_1352_run2_20260722_195659.json,1352,6,ml_mutation,,connotations of rarity,connotations of power and royalty,gold,68,68,True,precious,136,0.440132200717926,precious,136,0.440132200717926
ea_llm_self_adaptive_api_1352_run2_20260722_195659.json,1352,6,m_mutation,,scent-related terms associated with lilac,natural objects with purple hue,lilac,71,71,True,perfume,470,0.23852801322937012,floral,348,0.3853970170021057
ea_llm_self_adaptive_api_1352_run2_20260722_195659.json,1352,6,s_mutation,,fastening mechanisms,binding methods,clasp,123,123,True,fastener,39671,0.11213415116071701,catch,16665,0.004942141938954592
ea_llm_self_adaptive_api_1352_run2_20260722_195659.json,1352,6,l_mutation,,optical medium interactions,physical properties of metallic substances,luster,132,132,True,medium,2433,0.07373838871717453,radiance,601,0.2543913424015045
ea_llm_self_adaptive_api_1352_run2_20260722_195659.json,1352,6,crossover,0,royal_nature_symbols,nature,stone,54,54,True,crown,590,0.16553117334842682,stone,54,1.0000001192092896
ea_llm_self_adaptive_api_1352_run2_20260722_195659.json,1352,6,crossover,1,royal_nature_symbols,connotations of power and royalty,gold,68,68,True,crown,590,0.4052109718322754,stone,54,0.19655896723270416
ea_llm_self_adaptive_api_1352_run3_20260722_204210.json,1352,1,m_mutation,,royalty_and_noble_associations,colors,purple,65,65,True,royal,1111,0.18120403587818146,noble,863,0.11192374676465988
ea_llm_self_adaptive_api_1352_run3_20260722_204210.json,1352,1,m_mutation,,Foot functions,body,foot,1021,1021,True,shoe,7829,0.32120758295059204,shoe,7829,0.32120758295059204
ea_llm_self_adaptive_api_1352_run3_20260722_204210.json,1352,1,l_mutation,,space,nature,sky,1189,1189,True,space,5102,0.31002405285835266,space,5102,0.31002405285835266
ea_llm_self_adaptive_api_1352_run3_20260722_204210.json,1352,1,s_mutation,,other fruits,food,apple,1412,1412,True,pear,62,0.41169774532318115,pear,62,0.41169774532318115
ea_llm_self_adaptive_api_1352_run3_20260722_204210.json,1352,1,ml_mutation,,symbols,animals,snake,1423,1423,True,python,2168,0.32409387826919556,dragon,1193,0.45099592208862305
ea_llm_self_adaptive_api_1352_run3_20260722_204210.json,1352,1,crossover,0,fruit_colors,other fruits,pear,62,62,True,grape,670,0.41933178901672363,peach,191,0.6201128959655762
ea_llm_self_adaptive_api_1352_run3_20260722_204210.json,1352,1,crossover,1,fruit_colors,colors,purple,65,65,True,grape,670,0.2696215510368347,peach,191,0.28542786836624146
ea_llm_self_adaptive_api_1352_run3_20260722_204210.json,1352,2,ml_mutation,,fruit descriptors,other fruits,pear,62,62,True,sweet,3965,0.3323574364185333,juicy,1666,0.2997584939002991
ea_llm_self_adaptive_api_1352_run3_20260722_204210.json,1352,2,s_mutation,,shades_of_purple,colors,purple,65,65,True,violet,85,0.5163955092430115,lavender,76,0.5065414309501648
ea_llm_self_adaptive_api_1352_run3_20260722_204210.json,1352,2,s_mutation,,floral elements,nature,flower,170,170,True,bloom,285,0.40634259581565857,petal,177,0.4091944396495819
ea_llm_self_adaptive_api_1352_run3_20260722_204210.json,1352,2,m_mutation,,emotional resonance,body,heart,378,378,True,love,2629,0.3775087893009186,love,2629,0.3775087893009186
ea_llm_self_adaptive_api_1352_run3_20260722_204210.json,1352,2,ml_mutation,,social_status_concepts,royalty_and_noble_associations,noble,863,863,True,title,30668,0.2213832437992096,heritage,13059,0.2446364015340805
ea_llm_self_adaptive_api_1352_run3_20260722_204210.json,1352,2,crossover,0,fruit_colors,other fruits,pear,62,62,True,orange,450,0.21069106459617615,peach,191,0.6201128959655762
ea_llm_self_adaptive_api_1352_run3_20260722_204210.json,1352,2,crossover,1,fruit_colors,colors,purple,65,65,True,orange,450,0.457668662071228,peach,191,0.28542786836624146
ea_llm_self_adaptive_api_1352_run4_20260722_224638.json,1352,1,s_mutation,,shades of purple,colors,purple,65,65,True,violet,85,0.5163955092430115,lavender,76,0.5065414309501648
ea_llm_self_adaptive_api_1352_run4_20260722_224638.json,1352,1,s_mutation,,musical ensembles,music,band,264,264,True,orchestra,27661,0.45207932591438293,trio,3770,0.531938374042511
ea_llm_self_adaptive_api_1352_run4_20260722_224638.json,1352,1,l_mutation,,tools and methods,art,craft,290,290,True,tool,2837,0.23568317294120789,tool,2837,0.23568317294120789
ea_llm_self_adaptive_api_1352_run4_20260722_224638.json,1352,1,ml_mutation,,botanical terms,food,apple,1412,1412,True,fruit,4158,0.4375605881214142,herb,2550,0.13623051345348358
ea_llm_self_adaptive_api_1352_run4_20260722_224638.json,1352,1,s_mutation,,offspring,family,child,2560,2560,True,offspring,27989,0.3772973418235779,heir,27948,0.2684582769870758
ea_llm_self_adaptive_api_1352_run4_20260722_224638.json,1352,1,crossover,0,purple shades,colors,purple,65,65,True,purple,65,1.0000001192092896,purple,65,1.0000001192092896
ea_llm_self_adaptive_api_1352_run4_20260722_224638.json,1352,1,crossover,1,purple shades,shades of purple,lavender,76,76,True,purple,65,0.5065414309501648,purple,65,0.5065414309501648
ea_llm_self_adaptive_api_1352_run4_20260722_224638.json,1352,2,m_mutation,,royal associations,colors,purple,65,65,True,royalty,14118,0.031941551715135574,noble,863,0.11192374676465988
ea_llm_self_adaptive_api_1352_run4_20260722_224638.json,1352,2,m_mutation,,symbolic meanings of purple,purple shades,purple,65,65,True,royal,1111,0.18120403587818146,mystic,195,0.14989177882671356
ea_llm_self_adaptive_api_1352_run4_20260722_224638.json,1352,2,s_mutation,,flower parts and stages,botanical terms,flower,170,170,True,petal,177,0.4091944396495819,petal,177,0.4091944396495819
ea_llm_self_adaptive_api_1352_run4_20260722_224638.json,1352,2,ml_mutation,,Manual Skills,art,carve,192,192,True,chisel,1613,0.20819395780563354,shape,220,0.24206800758838654
ea_llm_self_adaptive_api_1352_run4_20260722_224638.json,1352,2,s_mutation,,ensembles,music,band,264,264,True,ensemble,12397,0.42893245816230774,section,4500,0.1592448651790619
ea_llm_self_adaptive_api_1352_run4_20260722_224638.json,1352,2,crossover,0,Purple Shades,colors,purple,65,65,True,shade,605,0.3856062591075897,hue,179,0.37617939710617065
ea_llm_self_adaptive_api_1352_run4_20260722_224638.json,1352,2,crossover,1,Purple Shades,purple shades,purple,65,65,True,shade,605,0.3856062591075897,hue,179,0.37617939710617065
ea_llm_self_adaptive_api_1352_run4_20260722_224638.json,1352,3,m_mutation,,symbolism,colors,purple,65,65,True,symbol,2643,0.24930080771446228,symbol,2643,0.24930080771446228
ea_llm_self_adaptive_api_1352_run4_20260722_224638.json,1352,3,ml_mutation,,color descriptors,purple shades,purple,65,65,True,rose,129,0.1633162796497345,rose,129,0.1633162796497345
ea_llm_self_adaptive_api_1352_run4_20260722_224638.json,1352,3,m_mutation,,decorative motifs in art,botanical terms,flower,170,170,True,motif,1201,0.28696516156196594,motif,1201,0.28696516156196594
ea_llm_self_adaptive_api_1352_run4_20260722_224638.json,1352,3,ml_mutation,,Botanical Art Methods,flower parts and stages,petal,177,177,True,render,43488,0.051961999386548996,etch,603,0.16829515993595123
ea_llm_self_adaptive_api_1352_run4_20260722_224638.json,1352,3,ml_mutation,,symbolic meanings of celestial phenomena,symbolic meanings of purple,mystic,195,195,True,aurora,1712,0.0803551897406578,aurora,1712,0.0803551897406578
ea_llm_self_adaptive_api_1352_run4_20260722_224638.json,1352,3,crossover,0,color_shades,colors,purple,65,65,True,purple,65,1.0000001192092896,purple,65,1.0000001192092896
ea_llm_self_adaptive_api_1352_run4_20260722_224638.json,1352,3,crossover,1,color_shades,purple shades,purple,65,65,True,purple,65,1.0000001192092896,purple,65,1.0000001192092896
ea_llm_self_adaptive_api_1352_run4_20260722_224638.json,1352,4,l_mutation,,surface qualities,colors,purple,65,65,True,luster,132,0.0002634621341712773,luster,132,0.0002634621341712773
ea_llm_self_adaptive_api_1352_run4_20260722_224638.json,1352,4,m_mutation,,Intense Purple Descriptors,purple shades,purple,65,65,True,vibrant,589,0.23318828642368317,vibrant,589,0.23318828642368317
ea_llm_self_adaptive_api_1352_run4_20260722_224638.json,1352,4,ml_mutation,,flower names,color descriptors,rose,129,129,True,tulip,531,0.06000690162181854,lily,294,0.15843415260314941
ea_llm_self_adaptive_api_1352_run4_20260722_224638.json,1352,4,ml_mutation,,plant descriptors,botanical terms,flower,170,170,True,color,198,0.27980130910873413,color,198,0.27980130910873413
ea_llm_self_adaptive_api_1352_run4_20260722_224638.json,1352,4,m_mutation,,aesthetic aspects of petals,flower parts and stages,petal,177,177,True,texture,1036,0.21246439218521118,texture,1036,0.21246439218521118
ea_llm_self_adaptive_api_1352_run4_20260722_224638.json,1352,4,crossover,0,purple_hues,colors,purple,65,65,True,violet,85,0.5163955092430115,purple,65,1.0000001192092896
ea_llm_self_adaptive_api_1352_run4_20260722_224638.json,1352,4,crossover,1,purple_hues,purple shades,purple,65,65,True,violet,85,0.5163955092430115,purple,65,1.0000001192092896
ea_llm_self_adaptive_api_1352_run5_20260723_010249.json,1352,1,l_mutation,,materials,colors,blue,110,110,True,wood,2372,0.23235848546028137,glass,349,0.32411858439445496
ea_llm_self_adaptive_api_1352_run5_20260723_010249.json,1352,1,ml_mutation,,geometric features,shapes,circle,585,585,True,curve,1408,0.2798446714878082,edge,461,0.32219552993774414
ea_llm_self_adaptive_api_1352_run5_20260723_010249.json,1352,1,l_mutation,,visual scenes,bodyparts,eye,847,847,True,scene,62195,0.2449301928281784,sight,18888,0.4743977189064026
ea_llm_self_adaptive_api_1352_run5_20260723_010249.json,1352,1,s_mutation,,atmospheric,nature,sky,1189,1189,True,air,26991,0.360315203666687,atmosphere,22960,0.2512643039226532
ea_llm_self_adaptive_api_1352_run5_20260723_010249.json,1352,1,ml_mutation,,flavor descriptors,food,apple,1412,1412,True,sweet,3965,0.32279857993125916,sweet,3965,0.32279857993125916
ea_llm_self_adaptive_api_1352_run5_20260723_010249.json,1352,1,crossover,0,color_material_terms,colors,blue,110,110,True,paint,1593,0.3703865706920624,dye,190,0.288086473941803
ea_llm_self_adaptive_api_1352_run5_20260723_010249.json,1352,1,crossover,1,color_material_terms,materials,glass,349,349,True,paint,1593,0.43362247943878174,dye,190,0.17517220973968506
ea_llm_self_adaptive_api_1352_run5_20260723_010249.json,1352,2,m_mutation,,cultural symbolism,colors,purple,65,65,True,royalty,14118,0.031941551715135574,nobility,7968,0.02707466296851635
ea_llm_self_adaptive_api_1352_run5_20260723_010249.json,1352,2,l_mutation,,surface_alteration_methods,color_material_terms,dye,190,190,True,coating,45956,0.32719168066978455,treatment,7889,0.13584667444229126
ea_llm_self_adaptive_api_1352_run5_20260723_010249.json,1352,2,s_mutation,,geometric forms,geometric features,shape,220,220,True,form,6258,0.4683137536048889,outline,2767,0.3830775320529938
ea_llm_self_adaptive_api_1352_run5_20260723_010249.json,1352,2,l_mutation,,acoustic properties,materials,glass,349,349,True,sound,21550,0.256380558013916,tone,333,0.11275048553943634
ea_llm_self_adaptive_api_1352_run5_20260723_010249.json,1352,2,ml_mutation,,symbols,shapes,circle,585,585,True,symbol,2643,0.27108535170555115,symbol,2643,0.27108535170555115
ea_llm_self_adaptive_api_1352_run5_20260723_010249.json,1352,2,crossover,0,color_material_terms,colors,purple,65,65,True,pigment,620,0.3004409372806549,dye,190,0.295097678899765
ea_llm_self_adaptive_api_1352_run5_20260723_010249.json,1352,2,crossover,1,color_material_terms,color_material_terms,dye,190,190,True,pigment,620,0.507972002029419,dye,190,1.0
ea_llm_self_adaptive_api_1352_run5_20260723_010249.json,1352,3,l_mutation,,terrain types,materials,stone,54,54,True,mountain,2954,0.28548064827919006,mountain,2954,0.28548064827919006
ea_llm_self_adaptive_api_1352_run5_20260723_010249.json,1352,3,m_mutation,,symbolic meanings,colors,purple,65,65,True,significance,17930,0.01612948440015316,meaning,5255,0.20593507587909698
ea_llm_self_adaptive_api_1352_run5_20260723_010249.json,1352,3,m_mutation,,application_methods,color_material_terms,dye,190,190,True,soak,16446,0.15421073138713837,brush,1062,0.14913910627365112
ea_llm_self_adaptive_api_1352_run5_20260723_010249.json,1352,3,l_mutation,,functional contexts,geometric features,shape,220,220,True,context,52304,0.3255869746208191,function,44549,0.372372031211853
ea_llm_self_adaptive_api_1352_run5_20260723_010249.json,1352,3,l_mutation,,emotional aspects,acoustic properties,tone,333,333,True,emotion,26378,0.35610684752464294,feeling,23982,0.3502886891365051
ea_llm_self_adaptive_api_1352_run5_20260723_010249.json,1352,3,crossover,0,color_materials,materials,stone,54,54,True,plastic,28943,0.2605428397655487,metal,862,0.3937288224697113
ea_llm_self_adaptive_api_1352_run5_20260723_010249.json,1352,3,crossover,1,color_materials,colors,purple,65,65,True,plastic,28943,0.2676224708557129,metal,862,0.22146275639533997
ea_llm_self_adaptive_api_1352_run5_20260723_010249.json,1352,4,m_mutation,,cultural artifacts,materials,stone,54,54,True,monument,6534,0.4311003088951111,sculpture,654,0.39736729860305786
ea_llm_self_adaptive_api_1352_run5_20260723_010249.json,1352,4,l_mutation,,celestial events,colors,purple,65,65,True,comet,9724,0.12544848024845123,nebula,2396,0.204814150929451
ea_llm_self_adaptive_api_1352_run5_20260723_010249.json,1352,4,l_mutation,,biological_interactions,color_material_terms,dye,190,190,True,biological,57408,0.16975922882556915,process,38691,0.158369779586792
ea_llm_self_adaptive_api_1352_run5_20260723_010249.json,1352,4,s_mutation,,contour details,geometric features,shape,220,220,True,profile,50552,0.3245253264904022,silhouette,4521,0.28837376832962036
ea_llm_self_adaptive_api_1352_run5_20260723_010249.json,1352,4,ml_mutation,,musical attributes,acoustic properties,tone,333,333,True,pitch,36349,0.3638545870780945,melody,6464,0.39472174644470215
ea_llm_self_adaptive_api_1352_run5_20260723_010249.json,1352,4,crossover,0,color_material,materials,stone,54,54,True,hue,179,0.06619007885456085,hue,179,0.06619007885456085
ea_llm_self_adaptive_api_1352_run5_20260723_010249.json,1352,4,crossover,1,color_material,colors,purple,65,65,True,hue,179,0.37617939710617065,hue,179,0.37617939710617065
ea_llm_self_adaptive_api_1352_run5_20260723_010249.json,1352,5,ml_mutation,,material descriptors,materials,stone,54,54,True,hard,5191,0.2626899182796478,hard,5191,0.2626899182796478
ea_llm_self_adaptive_api_1352_run5_20260723_010249.json,1352,5,l_mutation,,temporal light phenomena,colors,purple,65,65,True,sunrise,3528,0.11555860191583633,sunrise,3528,0.11555860191583633
ea_llm_self_adaptive_api_1352_run5_20260723_010249.json,1352,5,ml_mutation,,surface finishes,color_material_terms,dye,190,190,True,finish,2495,0.12459700554609299,polish,183,0.017683139070868492
ea_llm_self_adaptive_api_1352_run5_20260723_010249.json,1352,5,s_mutation,,geometric configurations,geometric features,shape,220,220,True,model,15646,0.34678536653518677,design,1460,0.4401479959487915
ea_llm_self_adaptive_api_1352_run5_20260723_010249.json,1352,5,m_mutation,,communicative cues,acoustic properties,tone,333,333,True,manner,32536,0.43985113501548767,style,3170,0.41031745076179504
ea_llm_self_adaptive_api_1352_run5_20260723_010249.json,1352,5,crossover,0,material_color_attributes,materials,stone,54,54,True,hue,179,0.06619007885456085,luster,132,-0.004187580663710833
ea_llm_self_adaptive_api_1352_run5_20260723_010249.json,1352,5,crossover,1,material_color_attributes,colors,purple,65,65,True,hue,179,0.37617939710617065,luster,132,0.0002634621341712773
ea_llm_self_adaptive_api_1352_run5_20260723_010249.json,1352,6,m_mutation,,geological contexts,materials,quartz,32,32,True,crystal,42,0.4310101270675659,crystal,42,0.4310101270675659
ea_llm_self_adaptive_api_1352_run5_20260723_010249.json,1352,6,ml_mutation,,emotions,colors,purple,65,65,True,calm,3236,-0.04892617464065552,serenity,2009,0.08079814165830612
ea_llm_self_adaptive_api_1352_run5_20260723_010249.json,1352,6,l_mutation,,dynamic visual rhythms,temporal light phenomena,shimmer,90,90,True,glint,527,0.331981897354126,glint,527,0.331981897354126
ea_llm_self_adaptive_api_1352_run5_20260723_010249.json,1352,6,m_mutation,,refinement processes,surface finishes,polish,183,183,True,honed,2534,-0.008153846487402916,honed,2534,-0.008153846487402916
ea_llm_self_adaptive_api_1352_run5_20260723_010249.json,1352,6,s_mutation,,dye_related_terms,color_material_terms,dye,190,190,True,colorant,13236,0.2558715343475342,ink,4554,0.33015504479408264
ea_llm_self_adaptive_api_1352_run5_20260723_010249.json,1352,6,crossover,0,geological_materials,materials,quartz,32,32,True,clay,4512,0.2463286966085434,quartz,32,1.0
ea_llm_self_adaptive_api_1352_run5_20260723_010249.json,1352,6,crossover,1,geological_materials,geological contexts,crystal,42,42,True,clay,4512,0.17819635570049286,quartz,32,0.4310101270675659
ea_llm_self_adaptive_api_1352_run5_20260723_010249.json,1352,7,ml_mutation,,surface_finishing_terms,color_material_terms,lapis,12,12,True,wax,6077,0.024017758667469025,wax,6077,0.024017758667469025
ea_llm_self_adaptive_api_1352_run5_20260723_010249.json,1352,7,ml_mutation,,physical properties,materials,quartz,32,32,True,opacity,6793,0.16189293563365936,opacity,6793,0.16189293563365936
ea_llm_self_adaptive_api_1352_run5_20260723_010249.json,1352,7,l_mutation,,celestial phenomena,geological contexts,crystal,42,42,True,celestial,1935,0.24778105318546295,radiance,601,0.10752776265144348
ea_llm_self_adaptive_api_1352_run5_20260723_010249.json,1352,7,ml_mutation,,emotions,colors,purple,65,65,True,tranquility,3047,-0.007430067751556635,tranquility,3047,-0.007430067751556635
ea_llm_self_adaptive_api_1352_run5_20260723_010249.json,1352,7,m_mutation,,surface qualities producing shimmer,temporal light phenomena,shimmer,90,90,True,sheen,6163,0.1950848251581192,glint,527,0.331981897354126
ea_llm_self_adaptive_api_1352_run5_20260723_010249.json,1352,7,crossover,0,stone_and_color_terms,color_material_terms,lapis,12,12,True,granite,375,0.2128862738609314,marble,340,0.26484158635139465
ea_llm_self_adaptive_api_1352_run5_20260723_010249.json,1352,7,crossover,1,stone_and_color_terms,materials,quartz,32,32,True,granite,375,0.3951246738433838,marble,340,0.28517913818359375
ea_llm_self_adaptive_api_1352_run5_20260723_010249.json,1352,8,l_mutation,,cultural_symbols,color_material_terms,lapis,12,12,True,symbol,2643,0.014525534585118294,charm,142,0.013773960061371326
ea_llm_self_adaptive_api_1352_run5_20260723_010249.json,1352,8,m_mutation,,optical properties,materials,quartz,32,32,True,prism,441,0.15379558503627777,prism,441,0.15379558503627777
ea_llm_self_adaptive_api_1352_run5_20260723_010249.json,1352,8,ml_mutation,,material characteristics,geological contexts,crystal,42,42,True,color,198,0.29154881834983826,color,198,0.29154881834983826
ea_llm_self_adaptive_api_1352_run5_20260723_010249.json,1352,8,m_mutation,,royal symbolism,colors,purple,65,65,True,monarch,5602,0.11757579445838928,crown,590,0.19436949491500854
ea_llm_self_adaptive_api_1352_run5_20260723_010249.json,1352,8,s_mutation,,surface qualities producing dazzle,surface qualities producing shimmer,sparkle,70,70,True,dazzle,150,0.43699559569358826,dazzle,150,0.43699559569358826
ea_llm_self_adaptive_api_1352_run5_20260723_010249.json,1352,8,crossover,0,color_defined_stone_materials,color_material_terms,lapis,12,12,True,granite,375,0.2128862738609314,onyx,21,0.3410382568836212
ea_llm_self_adaptive_api_1352_run5_20260723_010249.json,1352,8,crossover,1,color_defined_stone_materials,materials,quartz,32,32,True,granite,375,0.3951246738433838,onyx,21,0.27661120891571045
ea_llm_self_adaptive_api_1352_run5_20260723_010249.json,1352,9,ml_mutation,,gemstone_terms,color_material_terms,sapphire,8,8,True,emerald,11,0.5366512537002563,emerald,11,0.5366512537002563
ea_llm_self_adaptive_api_1352_run5_20260723_010249.json,1352,9,l_mutation,,natural transformations,materials,quartz,32,32,True,vapor,20238,0.24416817724704742,melt,2194,0.2148618996143341
ea_llm_self_adaptive_api_1352_run5_20260723_010249.json,1352,9,s_mutation,,crystalline characteristics,geological contexts,crystal,42,42,True,gem,48,0.26686570048332214,facet,9,0.02707008644938469
ea_llm_self_adaptive_api_1352_run5_20260723_010249.json,1352,9,m_mutation,,heraldic symbols,colors,purple,65,65,True,emblem,5189,0.3029368817806244,crest,3791,0.2633461356163025
ea_llm_self_adaptive_api_1352_run5_20260723_010249.json,1352,9,m_mutation,,emotional states associated with sparkle,surface qualities producing shimmer,sparkle,70,70,True,joy,18543,0.2038756012916565,happiness,8241,0.12345138192176819
ea_llm_self_adaptive_api_1352_run5_20260723_010249.json,1352,9,crossover,0,Crystalline Materials,color_material_terms,sapphire,8,8,True,jade,53,0.3734053373336792,sapphire,8,1.0
ea_llm_self_adaptive_api_1352_run5_20260723_010249.json,1352,9,crossover,1,Crystalline Materials,crystalline characteristics,facet,9,9,True,jade,53,0.02650020457804203,sapphire,8,0.1089276671409607
ea_llm_self_adaptive_api_1364_run1_20260722_184759.json,1364,1,ml_mutation,,cultural aspects,places,city,46,46,True,culture,596,0.29398855566978455,heritage,127,0.2691829204559326
ea_llm_self_adaptive_api_1364_run1_20260722_184759.json,1364,1,m_mutation,,sculptural forms,nature,stone,243,243,True,statue,63,0.42607536911964417,monument,6,0.4311003088951111
ea_llm_self_adaptive_api_1364_run1_20260722_184759.json,1364,1,s_mutation,,color tones,colors,hue,874,874,True,tone,10812,0.2701185941696167,shade,3729,0.2953821122646332
ea_llm_self_adaptive_api_1364_run1_20260722_184759.json,1364,1,s_mutation,,rail transport,transportation,train,981,981,True,rail,4971,0.6359272003173828,rail,4971,0.6359272003173828
ea_llm_self_adaptive_api_1364_run1_20260722_184759.json,1364,1,l_mutation,,social interactions,education,school,1141,1141,True,exchange,4079,0.15498614311218262,community,3532,0.4327501058578491
ea_llm_self_adaptive_api_1364_run1_20260722_184759.json,1364,1,crossover,0,monumental places,sculptural forms,monument,6,6,True,monument,6,1.0,monument,6,1.0
ea_llm_self_adaptive_api_1364_run1_20260722_184759.json,1364,1,crossover,1,monumental places,places,city,46,46,True,monument,6,0.23384541273117065,monument,6,0.23384541273117065
ea_llm_self_adaptive_api_1364_run1_20260722_184759.json,1364,2,l_mutation,,enduring legacies,sculptural forms,monument,6,6,True,endurance,16468,0.03819755092263222,longevity,7465,0.027984287589788437
ea_llm_self_adaptive_api_1364_run1_20260722_184759.json,1364,2,ml_mutation,,geographical terminology,places,city,46,46,True,region,1908,0.3767753839492798,region,1908,0.3767753839492798
ea_llm_self_adaptive_api_1364_run1_20260722_184759.json,1364,2,ml_mutation,,values,cultural aspects,heritage,127,127,True,principles,16231,0.2035166621208191,morals,8742,0.04681628197431564
ea_llm_self_adaptive_api_1364_run1_20260722_184759.json,1364,2,ml_mutation,,terrain features,nature,desert,202,202,True,arid,13023,0.6131030321121216,dune,332,0.30536505579948425
ea_llm_self_adaptive_api_1364_run1_20260722_184759.json,1364,2,l_mutation,,perceptual modalities,colors,hue,874,874,True,sound,5291,0.07391612976789474,touch,5178,0.12543824315071106
ea_llm_self_adaptive_api_1364_run1_20260722_184759.json,1364,2,crossover,0,monumental places,sculptural forms,monument,6,6,True,monument,6,1.0,monument,6,1.0
ea_llm_self_adaptive_api_1364_run1_20260722_184759.json,1364,2,crossover,1,monumental places,places,city,46,46,True,monument,6,0.23384541273117065,monument,6,0.23384541273117065
ea_llm_self_adaptive_api_1364_run1_20260722_184759.json,1364,3,l_mutation,,symbolic echoes,sculptural forms,monument,6,6,True,echo,1723,0.0890207514166832,echo,1723,0.0890207514166832
ea_llm_self_adaptive_api_1364_run1_20260722_184759.json,1364,3,s_mutation,,urban centers,places,city,46,46,True,metropolis,316,0.4484303593635559,town,72,0.6428943276405334
ea_llm_self_adaptive_api_1364_run1_20260722_184759.json,1364,3,l_mutation,,lineage,cultural aspects,heritage,127,127,True,lineage,6599,0.23553301393985748,medium,3125,0.10632725059986115
ea_llm_self_adaptive_api_1364_run1_20260722_184759.json,1364,3,s_mutation,,arid,nature,desert,202,202,True,sand,519,0.40884193778038025,sand,519,0.40884193778038025
ea_llm_self_adaptive_api_1364_run1_20260722_184759.json,1364,3,ml_mutation,,symbolic representations,enduring legacies,relic,222,222,True,symbol,3107,0.3151082694530487,symbol,3107,0.3151082694530487
ea_llm_self_adaptive_api_1364_run1_20260722_184759.json,1364,3,crossover,0,sculptural_places,sculptural forms,monument,6,6,True,landmark,50,0.3969675600528717,monument,6,1.0
ea_llm_self_adaptive_api_1364_run1_20260722_184759.json,1364,3,crossover,1,sculptural_places,places,city,46,46,True,landmark,50,0.2555510401725769,monument,6,0.23384541273117065
ea_llm_self_adaptive_api_1364_run1_20260722_184759.json,1364,4,s_mutation,,monumental markers,sculptural forms,monument,6,6,True,memorial,1257,0.6253046989440918,memorial,1257,0.6253046989440918
ea_llm_self_adaptive_api_1364_run1_20260722_184759.json,1364,4,l_mutation,,economic systems,places,city,46,46,True,economy,7006,0.21382078528404236,trade,3241,0.2166600525379181
ea_llm_self_adaptive_api_1364_run1_20260722_184759.json,1364,4,ml_mutation,,administrative divisions,urban centers,town,72,72,True,province,478,0.4475664496421814,province,478,0.4475664496421814
ea_llm_self_adaptive_api_1364_run1_20260722_184759.json,1364,4,m_mutation,,physical remnants of heritage,cultural aspects,heritage,127,127,True,monument,6,0.4276186525821686,monument,6,0.4276186525821686
ea_llm_self_adaptive_api_1364_run1_20260722_184759.json,1364,4,m_mutation,,solitude,nature,desert,202,202,True,solitude,1909,0.19873908162117004,solitude,1909,0.19873908162117004
ea_llm_self_adaptive_api_1364_run1_20260722_184759.json,1364,4,crossover,0,sculptural_remnants,sculptural forms,monument,6,6,True,monument,6,1.0,monument,6,1.0
ea_llm_self_adaptive_api_1364_run1_20260722_184759.json,1364,4,crossover,1,sculptural_remnants,physical remnants of heritage,monument,6,6,True,monument,6,1.0,monument,6,1.0
ea_llm_self_adaptive_api_1364_run1_20260722_184759.json,1364,5,s_mutation,,monumental structures,sculptural forms,monument,6,6,True,tomb,9,0.5247743129730225,tomb,9,0.5247743129730225
ea_llm_self_adaptive_api_1364_run1_20260722_184759.json,1364,5,s_mutation,,monumental markers,physical remnants of heritage,monument,6,6,True,mausoleum,48,0.5534095168113708,mausoleum,48,0.5534095168113708
ea_llm_self_adaptive_api_1364_run1_20260722_184759.json,1364,5,ml_mutation,,settlement_types,places,city,46,46,True,village,86,0.4300272464752197,village,86,0.4300272464752197
ea_llm_self_adaptive_api_1364_run1_20260722_184759.json,1364,5,ml_mutation,,ceremonial structures,monumental markers,mausoleum,48,48,True,shrine,36,0.49961838126182556,temple,7,0.38132092356681824
ea_llm_self_adaptive_api_1364_run1_20260722_184759.json,1364,5,ml_mutation,,administrative terms,urban centers,town,72,72,True,jurisdiction,7407,0.19876030087471008,authority,1862,0.22484177350997925
ea_llm_self_adaptive_api_1364_run1_20260722_184759.json,1364,5,crossover,0,Enduring Sculptural Remnants,sculptural forms,monument,6,6,True,monument,6,1.0,monument,6,1.0
ea_llm_self_adaptive_api_1364_run1_20260722_184759.json,1364,5,crossover,1,Enduring Sculptural Remnants,physical remnants of heritage,monument,6,6,True,monument,6,1.0,monument,6,1.0
ea_llm_self_adaptive_api_1364_run1_20260722_184759.json,1364,6,m_mutation,,commemorative purpose,sculptural forms,monument,6,6,True,legacy,1701,0.28927648067474365,past,601,0.11749961227178574
ea_llm_self_adaptive_api_1364_run1_20260722_184759.json,1364,6,l_mutation,,cultural narratives,physical remnants of heritage,monument,6,6,True,story,1843,0.16975925862789154,tale,1138,0.08839470148086548
ea_llm_self_adaptive_api_1364_run1_20260722_184759.json,1364,6,l_mutation,,spiritual concepts,ceremonial structures,temple,7,7,True,faith,3864,0.21511849761009216,faith,3864,0.21511849761009216
ea_llm_self_adaptive_api_1364_run1_20260722_184759.json,1364,6,ml_mutation,,symbolic objects,monumental structures,tomb,9,9,True,emblem,8518,0.18135589361190796,symbol,3107,0.15307337045669556
ea_llm_self_adaptive_api_1364_run1_20260722_184759.json,1364,6,ml_mutation,,cultural institutions,places,museum,11,11,True,monument,6,0.42326441407203674,monument,6,0.42326441407203674
ea_llm_self_adaptive_api_1364_run1_20260722_184759.json,1364,6,crossover,0,Enduring Sculptural Remnants,sculptural forms,monument,6,6,True,monument,6,1.0,monument,6,1.0
ea_llm_self_adaptive_api_1364_run1_20260722_184759.json,1364,6,crossover,1,Enduring Sculptural Remnants,physical remnants of heritage,monument,6,6,True,monument,6,1.0,monument,6,1.0
ea_llm_self_adaptive_api_1364_run1_20260722_184759.json,1364,7,ml_mutation,,symbols,sculptural forms,monument,6,6,True,symbol,3107,0.3425259590148926,symbol,3107,0.3425259590148926
ea_llm_self_adaptive_api_1364_run1_20260722_184759.json,1364,7,m_mutation,,symbolic representations of identity,physical remnants of heritage,monument,6,6,True,symbol,3107,0.3425259590148926,symbol,3107,0.3425259590148926
ea_llm_self_adaptive_api_1364_run1_20260722_184759.json,1364,7,s_mutation,,cultural memorials,cultural institutions,monument,6,6,True,memorial,1257,0.6253046989440918,memorial,1257,0.6253046989440918
ea_llm_self_adaptive_api_1364_run1_20260722_184759.json,1364,7,ml_mutation,,symbols of faith,ceremonial structures,temple,7,7,True,symbol,3107,0.21217112243175507,symbol,3107,0.21217112243175507
ea_llm_self_adaptive_api_1364_run1_20260722_184759.json,1364,7,ml_mutation,,burial practices,monumental structures,tomb,9,9,True,coffin,6728,0.461158812046051,grave,2097,0.4844672679901123
ea_llm_self_adaptive_api_1364_run1_20260722_184759.json,1364,7,crossover,0,Heritage Sculptural Remnants,sculptural forms,monument,6,6,True,monument,6,1.0,monument,6,1.0
ea_llm_self_adaptive_api_1364_run1_20260722_184759.json,1364,7,crossover,1,Heritage Sculptural Remnants,physical remnants of heritage,monument,6,6,True,monument,6,1.0,monument,6,1.0
ea_llm_self_adaptive_api_1364_run1_20260722_184759.json,1364,8,m_mutation,,commemorative significance,sculptural forms,monument,6,6,True,legacy,1701,0.28927648067474365,legacy,1701,0.28927648067474365
ea_llm_self_adaptive_api_1364_run1_20260722_184759.json,1364,8,m_mutation,,symbolic acts of commemoration,physical remnants of heritage,monument,6,6,True,commemoration,6304,0.42048969864845276,representation,4474,0.04616038501262665
ea_llm_self_adaptive_api_1364_run1_20260722_184759.json,1364,8,l_mutation,,symbolic concepts,cultural institutions,monument,6,6,True,idea,4711,0.1329617202281952,idea,4711,0.1329617202281952
ea_llm_self_adaptive_api_1364_run1_20260722_184759.json,1364,8,l_mutation,,environmental features,ceremonial structures,temple,7,7,True,environment,7382,0.02758472040295601,feature,779,0.18667903542518616
ea_llm_self_adaptive_api_1364_run1_20260722_184759.json,1364,8,m_mutation,,burial practices,monumental structures,tomb,9,9,True,shroud,7010,0.28622275590896606,remains,692,0.31659379601478577
ea_llm_self_adaptive_api_1364_run1_20260722_184759.json,1364,8,crossover,0,heritage_sculptures,sculptural forms,monument,6,6,True,monument,6,1.0,monument,6,1.0
ea_llm_self_adaptive_api_1364_run1_20260722_184759.json,1364,8,crossover,1,heritage_sculptures,physical remnants of heritage,monument,6,6,True,monument,6,1.0,monument,6,1.0
ea_llm_self_adaptive_api_1364_run1_20260722_184759.json,1364,9,ml_mutation,,building types,cultural institutions,mansion,2,2,True,house,14,0.5243033766746521,palace,1,0.5095865726470947
ea_llm_self_adaptive_api_1364_run2_20260722_205531.json,1364,1,ml_mutation,,construction materials,nature,stone,243,243,True,brick,647,0.608161449432373,brick,647,0.608161449432373
ea_llm_self_adaptive_api_1364_run2_20260722_205531.json,1364,1,l_mutation,,spatial measurements,shapes,square,271,271,True,area,960,0.4461642801761627,area,960,0.4461642801761627
ea_llm_self_adaptive_api_1364_run2_20260722_205531.json,1364,1,s_mutation,,darkness,time,night,317,317,True,darkness,2811,0.44282957911491394,evening,816,0.7619043588638306
ea_llm_self_adaptive_api_1364_run2_20260722_205531.json,1364,1,l_mutation,,mechanical systems,transportation,train,981,981,True,gear,17899,0.2243201732635498,gear,17899,0.2243201732635498
ea_llm_self_adaptive_api_1364_run2_20260722_205531.json,1364,1,m_mutation,,support_structures,daily_activities,rest,1105,1105,True,support,4940,0.35651126503944397,support,4940,0.35651126503944397
ea_llm_self_adaptive_api_1364_run2_20260722_205531.json,1364,1,crossover,0,natural_geometric_forms,nature,stone,243,243,True,stone,243,1.0000001192092896,stone,243,1.0000001192092896
ea_llm_self_adaptive_api_1364_run2_20260722_205531.json,1364,1,crossover,1,natural_geometric_forms,shapes,square,271,271,True,stone,243,0.29551175236701965,stone,243,0.29551175236701965
ea_llm_self_adaptive_api_1364_run2_20260722_205531.json,1364,2,m_mutation,,construction,nature,stone,243,243,True,base,3875,0.20855315029621124,pillar,269,0.33712103962898254
ea_llm_self_adaptive_api_1364_run2_20260722_205531.json,1364,2,l_mutation,,natural_textures,natural_geometric_forms,stone,243,243,True,texture,12138,0.12946918606758118,texture,12138,0.12946918606758118
ea_llm_self_adaptive_api_1364_run2_20260722_205531.json,1364,2,m_mutation,,cultural_symbols,support_structures,pillar,269,269,True,symbol,3107,0.3104674816131592,symbol,3107,0.3104674816131592
ea_llm_self_adaptive_api_1364_run2_20260722_205531.json,1364,2,ml_mutation,,celestial phenomena,time,night,317,317,True,moon,919,0.2740187644958496,moon,919,0.2740187644958496
ea_llm_self_adaptive_api_1364_run2_20260722_205531.json,1364,2,s_mutation,,locomotion_routines,daily_activities,walk,367,367,True,amble,10122,0.2552834153175354,stroll,217,0.5388272404670715
ea_llm_self_adaptive_api_1364_run2_20260722_205531.json,1364,2,crossover,0,natural_movement,locomotion_routines,stroll,217,217,True,walk,367,0.5388272404670715,walk,367,0.5388272404670715
ea_llm_self_adaptive_api_1364_run2_20260722_205531.json,1364,2,crossover,1,natural_movement,nature,stone,243,243,True,walk,367,0.23721016943454742,walk,367,0.23721016943454742
ea_llm_self_adaptive_api_1364_run2_20260722_205531.json,1364,3,l_mutation,,urban environments,locomotion_routines,stroll,217,217,True,urban,1914,0.0273143257945776,city,46,0.11020708829164505
ea_llm_self_adaptive_api_1364_run2_20260722_205531.json,1364,3,ml_mutation,,building materials,nature,stone,243,243,True,clay,2878,0.3882956802845001,marble,149,0.5828350782394409
ea_llm_self_adaptive_api_1364_run2_20260722_205531.json,1364,3,m_mutation,,stone_properties,natural_geometric_forms,stone,243,243,True,grit,27064,0.14289797842502594,cliff,991,0.33984658122062683
ea_llm_self_adaptive_api_1364_run2_20260722_205531.json,1364,3,l_mutation,,equilibrium_concepts,support_structures,pillar,269,269,True,balance,10529,0.11344974488019943,stability,9968,0.29241541028022766
ea_llm_self_adaptive_api_1364_run2_20260722_205531.json,1364,3,m_mutation,,metaphorical_support,construction,pillar,269,269,True,anchor,9319,0.08433890342712402,anchor,9319,0.08433890342712402
ea_llm_self_adaptive_api_1364_run2_20260722_205531.json,1364,3,crossover,0,urban_construction_materials,urban environments,city,46,46,True,stone,243,0.20742660760879517,stone,243,0.20742660760879517
ea_llm_self_adaptive_api_1364_run2_20260722_205531.json,1364,3,crossover,1,urban_construction_materials,building materials,marble,149,149,True,stone,243,0.5828350782394409,stone,243,0.5828350782394409
ea_llm_self_adaptive_api_1364_run2_20260722_205531.json,1364,4,m_mutation,,governance structures,urban environments,city,46,46,True,municipal,1561,0.5102598667144775,council,1483,0.3576255440711975
ea_llm_self_adaptive_api_1364_run2_20260722_205531.json,1364,4,s_mutation,,types of stone,building materials,marble,149,149,True,limestone,1524,0.6164907217025757,sandstone,590,0.5699305534362793
ea_llm_self_adaptive_api_1364_run2_20260722_205531.json,1364,4,m_mutation,,leisurely_activities,locomotion_routines,stroll,217,217,True,browse,8184,0.3684057295322418,laze,6133,0.14512498676776886
ea_llm_self_adaptive_api_1364_run2_20260722_205531.json,1364,4,s_mutation,,minerals,nature,stone,243,243,True,rock,1471,0.4523449242115021,rock,1471,0.4523449242115021
ea_llm_self_adaptive_api_1364_run2_20260722_205531.json,1364,4,m_mutation,,stone_processing_methods,natural_geometric_forms,stone,243,243,True,quarry,3594,0.42821431159973145,quarry,3594,0.42821431159973145
ea_llm_self_adaptive_api_1364_run2_20260722_205531.json,1364,4,crossover,0,construction,urban environments,city,46,46,True,glass,1562,0.2106182873249054,glass,1562,0.2106182873249054
ea_llm_self_adaptive_api_1364_run2_20260722_205531.json,1364,4,crossover,1,construction,building materials,marble,149,149,True,glass,1562,0.4648454487323761,glass,1562,0.4648454487323761
ea_llm_self_adaptive_api_1364_run2_20260722_205531.json,1364,5,l_mutation,,cultural expressions,urban environments,city,46,46,True,culture,596,0.29398855566978455,art,576,0.30697378516197205
ea_llm_self_adaptive_api_1364_run2_20260722_205531.json,1364,5,m_mutation,,sculptural elements,building materials,marble,149,149,True,sculpture,136,0.5019341111183167,sculpture,136,0.5019341111183167
ea_llm_self_adaptive_api_1364_run2_20260722_205531.json,1364,5,m_mutation,,leisure_activities,locomotion_routines,stroll,217,217,True,leisure,364,0.2404857724905014,promenade,279,0.47940897941589355
ea_llm_self_adaptive_api_1364_run2_20260722_205531.json,1364,5,l_mutation,,industrial_processes,nature,stone,243,243,True,forge,3997,0.0657733604311943,mill,1739,0.33238133788108826
ea_llm_self_adaptive_api_1364_run2_20260722_205531.json,1364,5,l_mutation,,material_resilience,natural_geometric_forms,stone,243,243,True,durability,18215,-0.0189395509660244,solidity,15267,-0.05218685790896416
ea_llm_self_adaptive_api_1364_run2_20260722_205531.json,1364,5,crossover,0,urban_art,urban environments,city,46,46,True,monument,6,0.23384541273117065,monument,6,0.23384541273117065
ea_llm_self_adaptive_api_1364_run2_20260722_205531.json,1364,5,crossover,1,urban_art,sculptural elements,sculpture,136,136,True,monument,6,0.490385502576828,monument,6,0.490385502576828
ea_llm_self_adaptive_api_1364_run2_20260722_205531.json,1364,6,ml_mutation,,cultural_symbols,urban_art,monument,6,6,True,icon,6620,0.29507410526275635,totem,3556,0.17981575429439545
ea_llm_self_adaptive_api_1364_run2_20260722_205531.json,1364,6,ml_mutation,,architectural_elements,natural_geometric_forms,pyramid,31,31,True,spire,224,0.29304444789886475,tower,38,0.3407121002674103
ea_llm_self_adaptive_api_1364_run2_20260722_205531.json,1364,6,m_mutation,,Residential and Governance Aspects of Cities,urban environments,city,46,46,True,resident,2926,0.3484455347061157,resident,2926,0.3484455347061157
ea_llm_self_adaptive_api_1364_run2_20260722_205531.json,1364,6,s_mutation,,cultural legacy,cultural expressions,heritage,127,127,True,legacy,1701,0.3661566376686096,legacy,1701,0.3661566376686096
ea_llm_self_adaptive_api_1364_run2_20260722_205531.json,1364,6,l_mutation,,dynamic processes in artistic creation,sculptural elements,sculpture,136,136,True,melt,5613,0.11856143921613693,melt,5613,0.11856143921613693
ea_llm_self_adaptive_api_1364_run2_20260722_205531.json,1364,6,crossover,0,urban_geometric_forms,urban_art,monument,6,6,True,monument,6,1.0,monument,6,1.0
ea_llm_self_adaptive_api_1364_run2_20260722_205531.json,1364,6,crossover,1,urban_geometric_forms,natural_geometric_forms,pyramid,31,31,True,monument,6,0.26832181215286255,monument,6,0.26832181215286255
ea_llm_self_adaptive_api_1364_run2_20260722_205531.json,1364,7,ml_mutation,,urban_structures,urban_art,monument,6,6,True,building,20,0.3695025146007538,building,20,0.3695025146007538
ea_llm_self_adaptive_api_1364_run2_20260722_205531.json,1364,7,s_mutation,,urban_monumental_forms,urban_geometric_forms,monument,6,6,True,statue,63,0.6759470701217651,statue,63,0.6759470701217651
ea_llm_self_adaptive_api_1364_run2_20260722_205531.json,1364,7,ml_mutation,,landmarks,architectural_elements,tower,38,38,True,lighthouse,762,0.43632540106773376,observatory,732,0.2285991907119751
ea_llm_self_adaptive_api_1364_run2_20260722_205531.json,1364,7,l_mutation,,social interactions,urban environments,city,46,46,True,social,4558,0.23628608882427216,social,4558,0.23628608882427216
ea_llm_self_adaptive_api_1364_run2_20260722_205531.json,1364,7,ml_mutation,,conservation,cultural expressions,heritage,127,127,True,monument,6,0.4276186525821686,monument,6,0.4276186525821686
ea_llm_self_adaptive_api_1364_run2_20260722_205531.json,1364,7,crossover,0,urban_geometric_art,urban_art,monument,6,6,True,monument,6,1.0,monument,6,1.0
ea_llm_self_adaptive_api_1364_run2_20260722_205531.json,1364,7,crossover,1,urban_geometric_art,urban_geometric_forms,monument,6,6,True,monument,6,1.0,monument,6,1.0
ea_llm_self_adaptive_api_1364_run2_20260722_205531.json,1364,8,l_mutation,,natural landforms,urban_art,monument,6,6,True,mountain,383,0.2599860727787018,hill,257,0.31375357508659363
ea_llm_self_adaptive_api_1364_run2_20260722_205531.json,1364,8,s_mutation,,monumental_structures,urban_geometric_forms,monument,6,6,True,memorial,1257,0.6253046989440918,obelisk,558,0.5687103271484375
ea_llm_self_adaptive_api_1364_run2_20260722_205531.json,1364,8,ml_mutation,,cultural symbols,conservation,monument,6,6,True,symbol,3107,0.3425259590148926,memorial,1257,0.6253046989440918
ea_llm_self_adaptive_api_1364_run2_20260722_205531.json,1364,8,m_mutation,,anatomical regions,cultural expressions,temple,7,7,True,skull,4177,0.14555580914020538,skull,4177,0.14555580914020538
ea_llm_self_adaptive_api_1364_run2_20260722_205531.json,1364,8,s_mutation,,urban_edifices,urban_structures,building,20,20,True,edifice,126,0.4669141173362732,residence,22,0.4746549725532532
ea_llm_self_adaptive_api_1364_run2_20260722_205531.json,1364,8,crossover,0,urban_geometric_art,urban_art,monument,6,6,True,monument,6,1.0,monument,6,1.0
ea_llm_self_adaptive_api_1364_run2_20260722_205531.json,1364,8,crossover,1,urban_geometric_art,urban_geometric_forms,monument,6,6,True,monument,6,1.0,monument,6,1.0
ea_llm_self_adaptive_api_1364_run2_20260722_205531.json,1364,9,ml_mutation,,types_of_structures,urban_art,monument,6,6,True,dome,189,0.331804096698761,dome,189,0.331804096698761
ea_llm_self_adaptive_api_1364_run2_20260722_205531.json,1364,9,l_mutation,,cultural_identity,urban_geometric_forms,monument,6,6,True,identity,8808,0.10695083439350128,memory,1403,0.28159967064857483
ea_llm_self_adaptive_api_1364_run2_20260722_205531.json,1364,9,ml_mutation,,cultural features,conservation,monument,6,6,True,feature,779,0.19414326548576355,feature,779,0.19414326548576355
ea_llm_self_adaptive_api_1364_run2_20260722_205531.json,1364,9,m_mutation,,architectural elements,cultural expressions,temple,7,7,True,stone,243,0.4352676570415497,stone,243,0.4352676570415497
ea_llm_self_adaptive_api_1364_run2_20260722_205531.json,1364,9,l_mutation,,human_activities,urban_structures,building,20,20,True,activity,2078,0.3205491602420807,activity,2078,0.3205491602420807
ea_llm_self_adaptive_api_1364_run2_20260722_205531.json,1364,9,crossover,0,geometric_art,urban_art,monument,6,6,True,monument,6,1.0,monument,6,1.0
ea_llm_self_adaptive_api_1364_run2_20260722_205531.json,1364,9,crossover,1,geometric_art,urban_geometric_forms,monument,6,6,True,monument,6,1.0,monument,6,1.0
ea_llm_self_adaptive_api_1364_run2_20260722_205531.json,1364,10,ml_mutation,,cultural_landmarks,urban_art,monument,6,6,True,heritage,127,0.4276186525821686,landmark,50,0.3969675600528717
ea_llm_self_adaptive_api_1364_run2_20260722_205531.json,1364,10,ml_mutation,,commemorative_structures,urban_geometric_forms,monument,6,6,True,memorial,1257,0.6253046989440918,obelisk,558,0.5687103271484375
ea_llm_self_adaptive_api_1364_run2_20260722_205531.json,1364,10,l_mutation,,narrative,conservation,monument,6,6,True,memory,1403,0.28159967064857483,past,601,0.11749961227178574
ea_llm_self_adaptive_api_1364_run2_20260722_205531.json,1364,10,s_mutation,,religious sites,cultural expressions,temple,7,7,True,sanctuary,195,0.414521187543869,shrine,36,0.5389166474342346
ea_llm_self_adaptive_api_1364_run2_20260722_205531.json,1364,10,l_mutation,,urban_movement,urban_structures,building,20,20,True,movement,6105,0.24465309083461761,flow,4547,0.1723247915506363
ea_llm_self_adaptive_api_1364_run2_20260722_205531.json,1364,10,crossover,0,geometric_urban_art,urban_art,monument,6,6,True,monument,6,1.0,monument,6,1.0
ea_llm_self_adaptive_api_1364_run2_20260722_205531.json,1364,10,crossover,1,geometric_urban_art,urban_geometric_forms,monument,6,6,True,monument,6,1.0,monument,6,1.0
ea_llm_self_adaptive_api_1364_run2_20260722_205531.json,1364,11,ml_mutation,,architectural_elements,urban_art,monument,6,6,True,tower,38,0.3986489176750183,tower,38,0.3986489176750183
ea_llm_self_adaptive_api_1364_run2_20260722_205531.json,1364,11,l_mutation,,symbolic_narratives,urban_geometric_forms,monument,6,6,True,symbol,3107,0.3425259590148926,story,1843,0.16975925862789154
ea_llm_self_adaptive_api_1364_run2_20260722_205531.json,1364,11,s_mutation,,monumental structures,conservation,monument,6,6,True,memorial,1257,0.6253046989440918,statue,63,0.6759470701217651
ea_llm_self_adaptive_api_1364_run2_20260722_205531.json,1364,11,l_mutation,,spiritual practices,cultural expressions,temple,7,7,True,belief,8694,0.18321476876735687,sacred,280,0.4858522117137909
ea_llm_self_adaptive_api_1364_run2_20260722_205531.json,1364,11,s_mutation,,historic_remnants,cultural_landmarks,ruin,8,8,True,remnant,549,0.19589534401893616,remnant,549,0.19589534401893616
ea_llm_self_adaptive_api_1364_run2_20260722_205531.json,1364,11,crossover,0,geometric_art,urban_art,monument,6,6,True,cube,5602,0.09900306910276413,monument,6,1.0
ea_llm_self_adaptive_api_1364_run2_20260722_205531.json,1364,11,crossover,1,geometric_art,urban_geometric_forms,monument,6,6,True,cube,5602,0.09900306910276413,monument,6,1.0
ea_llm_self_adaptive_api_1364_run3_20260722_210932.json,1364,1,m_mutation,,stone in architecture,materials,stone,243,243,True,monument,6,0.4311003088951111,monument,6,0.4311003088951111
ea_llm_self_adaptive_api_1364_run3_20260722_210932.json,1364,1,m_mutation,,grid systems,shapes,square,271,271,True,matrix,16341,0.242181196808815,array,2778,0.18446406722068787
ea_llm_self_adaptive_api_1364_run3_20260722_210932.json,1364,1,l_mutation,,relief,nature,mountain,383,383,True,contour,31144,0.02775050327181816,elevation,8492,0.41738051176071167
ea_llm_self_adaptive_api_1364_run3_20260722_210932.json,1364,1,s_mutation,,rail systems,transportation,train,981,981,True,rail,4971,0.6359272003173828,subway,2323,0.5458870530128479
ea_llm_self_adaptive_api_1364_run3_20260722_210932.json,1364,1,ml_mutation,,water-related actions,sports,swim,1083,1083,True,float,2357,0.3117716908454895,float,2357,0.3117716908454895
ea_llm_self_adaptive_api_1364_run3_20260722_210932.json,1364,1,crossover,0,architectural_materials,stone in architecture,monument,6,6,True,stone,243,0.4311003088951111,stone,243,0.4311003088951111
ea_llm_self_adaptive_api_1364_run3_20260722_210932.json,1364,1,crossover,1,architectural_materials,materials,stone,243,243,True,stone,243,1.0000001192092896,stone,243,1.0000001192092896
ea_llm_self_adaptive_api_1364_run3_20260722_210932.json,1364,2,ml_mutation,,cultural symbols,stone in architecture,monument,6,6,True,symbol,3107,0.3425259590148926,landmark,50,0.3969675600528717
ea_llm_self_adaptive_api_1364_run3_20260722_210932.json,1364,2,s_mutation,,types of stone,materials,stone,243,243,True,granite,1699,0.589667797088623,marble,149,0.5828350782394409
ea_llm_self_adaptive_api_1364_run3_20260722_210932.json,1364,2,s_mutation,,quadrilaterals,shapes,square,271,271,True,rectangle,29499,0.34478268027305603,rhombus,16479,0.0891391709446907
ea_llm_self_adaptive_api_1364_run3_20260722_210932.json,1364,2,m_mutation,,endurance,nature,mountain,383,383,True,endurance,16468,0.12703539431095123,height,2167,0.2363780289888382
ea_llm_self_adaptive_api_1364_run3_20260722_210932.json,1364,2,ml_mutation,,subterranean spaces,rail systems,underground,757,757,True,cave,123,0.46014678478240967,cave,123,0.46014678478240967
ea_llm_self_adaptive_api_1364_run3_20260722_210932.json,1364,2,crossover,0,cultural_architectural_symbols,stone in architecture,monument,6,6,True,monument,6,1.0,monument,6,1.0
ea_llm_self_adaptive_api_1364_run3_20260722_210932.json,1364,2,crossover,1,cultural_architectural_symbols,cultural symbols,landmark,50,50,True,monument,6,0.3969675600528717,monument,6,0.3969675600528717
ea_llm_self_adaptive_api_1364_run4_20260722_215044.json,1364,1,s_mutation,,box shapes,shapes,square,271,271,True,box,3121,0.16772034764289856,tile,2439,0.1916510909795761
ea_llm_self_adaptive_api_1364_run4_20260722_215044.json,1364,1,s_mutation,,cultural traditions,holidays,festival,351,351,True,ritual,2215,0.28302904963493347,tradition,538,0.3543007969856262
ea_llm_self_adaptive_api_1364_run4_20260722_215044.json,1364,1,l_mutation,,outdoor environments,nature,mountain,383,383,True,trail,907,0.4456479251384735,trail,907,0.4456479251384735
ea_llm_self_adaptive_api_1364_run4_20260722_215044.json,1364,1,ml_mutation,,collective animal terms,animals,horse,800,800,True,herd,4975,0.39487341046333313,school,1141,0.1224357932806015
ea_llm_self_adaptive_api_1364_run4_20260722_215044.json,1364,1,s_mutation,,rail transit,transportation,train,981,981,True,metro,3332,0.4272347092628479,metro,3332,0.4272347092628479
ea_llm_self_adaptive_api_1364_run4_20260722_215044.json,1364,1,crossover,0,festive_shapes,shapes,square,271,271,True,festival,351,0.20883356034755707,square,271,1.0
ea_llm_self_adaptive_api_1364_run4_20260722_215044.json,1364,1,crossover,1,festive_shapes,holidays,festival,351,351,True,festival,351,1.0,square,271,0.20883356034755707
ea_llm_self_adaptive_api_1364_run4_20260722_215044.json,1364,2,m_mutation,,vehicle parking locations,outdoor environments,park,122,122,True,garage,3250,0.28358983993530273,lot,1409,0.2872765064239502
ea_llm_self_adaptive_api_1364_run4_20260722_215044.json,1364,2,m_mutation,,construction materials,nature,stone,243,243,True,brick,647,0.608161449432373,brick,647,0.608161449432373
ea_llm_self_adaptive_api_1364_run4_20260722_215044.json,1364,2,s_mutation,,geometric edges,shapes,square,271,271,True,edge,5013,0.26325830817222595,corner,2175,0.3781799376010895
ea_llm_self_adaptive_api_1364_run4_20260722_215044.json,1364,2,ml_mutation,,commemorative events,holidays,festival,351,351,True,anniversary,4279,0.41176313161849976,memorial,1257,0.2749880850315094
ea_llm_self_adaptive_api_1364_run4_20260722_215044.json,1364,2,s_mutation,,railway infrastructure,rail transit,railway,418,418,True,track,2570,0.2865307033061981,line,1188,0.5163148641586304
ea_llm_self_adaptive_api_1364_run4_20260722_215044.json,1364,2,crossover,0,natural outdoor spaces,outdoor environments,park,122,122,True,trail,907,0.3957800567150116,river,805,0.3590691387653351
ea_llm_self_adaptive_api_1364_run4_20260722_215044.json,1364,2,crossover,1,natural outdoor spaces,nature,stone,243,243,True,trail,907,0.1686854511499405,river,805,0.24738018214702606
ea_llm_self_adaptive_api_1364_run4_20260722_215044.json,1364,3,m_mutation,,Cultivation Practices,outdoor environments,garden,10,10,True,cultivate,7259,0.22291648387908936,design,2084,0.2800045311450958
ea_llm_self_adaptive_api_1364_run4_20260722_215044.json,1364,3,ml_mutation,,construction materials,nature,stone,243,243,True,steel,6041,0.3790891468524933,wood,1286,0.5374108552932739
ea_llm_self_adaptive_api_1364_run4_20260722_215044.json,1364,3,m_mutation,,mathematical concepts,shapes,square,271,271,True,root,8857,0.21715441346168518,root,8857,0.21715441346168518
ea_llm_self_adaptive_api_1364_run4_20260722_215044.json,1364,3,ml_mutation,,heritage,holidays,festival,351,351,True,heritage,127,0.3263433575630188,heritage,127,0.3263433575630188
ea_llm_self_adaptive_api_1364_run4_20260722_215044.json,1364,3,ml_mutation,,transportation networks,rail transit,railway,418,418,True,network,6143,0.28687232732772827,map,1642,0.10955794155597687
ea_llm_self_adaptive_api_1364_run4_20260722_215044.json,1364,3,crossover,0,heritage_outdoors,outdoor environments,garden,10,10,True,site,437,0.3108717203140259,monument,6,0.3192257285118103
ea_llm_self_adaptive_api_1364_run4_20260722_215044.json,1364,3,crossover,1,heritage_outdoors,heritage,heritage,127,127,True,site,437,0.4131373465061188,monument,6,0.4276186525821686
ea_llm_self_adaptive_api_1364_run4_20260722_215044.json,1364,4,l_mutation,,mythological narratives,heritage_outdoors,castle,3,3,True,myth,4120,0.10987897962331772,tale,1138,0.21990174055099487
ea_llm_self_adaptive_api_1364_run4_20260722_215044.json,1364,4,m_mutation,,cultivated spaces,outdoor environments,garden,10,10,True,orchard,887,0.4182923138141632,orchard,887,0.4182923138141632
ea_llm_self_adaptive_api_1364_run4_20260722_215044.json,1364,4,ml_mutation,,materials,nature,stone,243,243,True,tile,2439,0.3493049442768097,glass,1562,0.4437278211116791
ea_llm_self_adaptive_api_1364_run4_20260722_215044.json,1364,4,ml_mutation,,symbols,shapes,square,271,271,True,symbol,3107,0.18861910700798035,symbol,3107,0.18861910700798035
ea_llm_self_adaptive_api_1364_run4_20260722_215044.json,1364,4,m_mutation,,public spectacles,holidays,festival,351,351,True,spectacle,438,0.2614334523677826,spectacle,438,0.2614334523677826
ea_llm_self_adaptive_api_1364_run4_20260722_215044.json,1364,4,crossover,0,heritage_outdoor,heritage_outdoors,castle,3,3,True,heritage,127,0.24127471446990967,heritage,127,0.24127471446990967
ea_llm_self_adaptive_api_1364_run4_20260722_215044.json,1364,4,crossover,1,heritage_outdoor,outdoor environments,garden,10,10,True,heritage,127,0.25426754355430603,heritage,127,0.25426754355430603
ea_llm_self_adaptive_api_1364_run4_20260722_215044.json,1364,5,s_mutation,,fortified_heritage,heritage_outdoors,castle,3,3,True,palace,1,0.4844643473625183,palace,1,0.4844643473625183
ea_llm_self_adaptive_api_1364_run5_20260722_232301.json,1364,1,l_mutation,,urban environments,shapes,square,271,271,True,plaza,85,0.49416568875312805,plaza,85,0.49416568875312805
ea_llm_self_adaptive_api_1364_run5_20260722_232301.json,1364,1,ml_mutation,,light conditions,time of day,night,317,317,True,darkness,2811,0.44282957911491394,moonlight,1704,0.21434283256530762
ea_llm_self_adaptive_api_1364_run5_20260722_232301.json,1364,1,l_mutation,,outdoor environments,nature,mountain,383,383,True,field,2303,0.2228340208530426,beach,168,0.2625412940979004
ea_llm_self_adaptive_api_1364_run5_20260722_232301.json,1364,1,s_mutation,,historical studies,school subjects,history,491,491,True,past,601,0.450512170791626,heritage,127,0.4244951605796814
ea_llm_self_adaptive_api_1364_run5_20260722_232301.json,1364,1,ml_mutation,,weather conditions,seasons,summer,974,974,True,sunny,2188,0.35820579528808594,sunny,2188,0.35820579528808594
ea_llm_self_adaptive_api_1364_run5_20260722_232301.json,1364,1,crossover,0,historical_urban_legacies,urban environments,plaza,85,85,True,heritage,127,0.18223613500595093,heritage,127,0.18223613500595093
ea_llm_self_adaptive_api_1364_run5_20260722_232301.json,1364,1,crossover,1,historical_urban_legacies,historical studies,heritage,127,127,True,heritage,127,1.0,heritage,127,1.0
ea_llm_self_adaptive_api_1364_run5_20260722_232301.json,1364,2,m_mutation,,social gathering hubs,urban environments,plaza,85,85,True,forum,2871,0.15512847900390625,forum,2871,0.15512847900390625
ea_llm_self_adaptive_api_1364_run5_20260722_232301.json,1364,2,l_mutation,,cultural identity,historical studies,heritage,127,127,True,memory,1403,0.2097412496805191,memory,1403,0.2097412496805191
ea_llm_self_adaptive_api_1364_run5_20260722_232301.json,1364,2,s_mutation,,coastal areas,outdoor environments,beach,168,168,True,coast,1187,0.43855220079421997,dune,332,0.25105559825897217
ea_llm_self_adaptive_api_1364_run5_20260722_232301.json,1364,2,l_mutation,,construction materials,nature,stone,243,243,True,concrete,5636,0.45489266514778137,brick,647,0.608161449432373
ea_llm_self_adaptive_api_1364_run5_20260722_232301.json,1364,2,ml_mutation,,geometric properties,shapes,square,271,271,True,angle,13412,0.1704125851392746,edge,5013,0.26325830817222595
ea_llm_self_adaptive_api_1364_run5_20260722_232301.json,1364,2,crossover,0,Historical Urban Landmarks,urban environments,plaza,85,85,True,heritage,127,0.18223613500595093,heritage,127,0.18223613500595093
ea_llm_self_adaptive_api_1364_run5_20260722_232301.json,1364,2,crossover,1,Historical Urban Landmarks,historical studies,heritage,127,127,True,heritage,127,1.0,heritage,127,1.0
ea_llm_self_adaptive_api_1364_run5_20260722_232301.json,1364,3,l_mutation,,open natural expanses,urban environments,plaza,85,85,True,commons,5140,0.045085906982421875,vista,1144,0.23067496716976166
ea_llm_self_adaptive_api_1364_run5_20260722_232301.json,1364,3,m_mutation,,legal aspects of heritage,historical studies,heritage,127,127,True,custody,8177,0.010931232944130898,heir,1838,0.09752663969993591
ea_llm_self_adaptive_api_1364_run5_20260722_232301.json,1364,3,m_mutation,,legal proceedings venues,social gathering hubs,venue,166,166,True,hearing,9396,0.23969507217407227,tribunal,7285,0.1338057667016983
ea_llm_self_adaptive_api_1364_run5_20260722_232301.json,1364,3,l_mutation,,tidal environments,outdoor environments,beach,168,168,True,tide,9532,0.23309431970119476,current,4723,0.09342873096466064
ea_llm_self_adaptive_api_1364_run5_20260722_232301.json,1364,3,l_mutation,,inland water bodies,coastal areas,lagoon,205,205,True,delta,10756,0.19244179129600525,reservoir,5726,0.4008552134037018
ea_llm_self_adaptive_api_1364_run5_20260722_232301.json,1364,3,crossover,0,historical urban areas,urban environments,plaza,85,85,True,district,594,0.17540030181407928,heritage,127,0.18223613500595093
ea_llm_self_adaptive_api_1364_run5_20260722_232301.json,1364,3,crossover,1,historical urban areas,historical studies,heritage,127,127,True,district,594,0.19259624183177948,heritage,127,1.0
ea_llm_self_adaptive_api_1364_run5_20260722_232301.json,1364,4,m_mutation,,Cultivation Practices,outdoor environments,garden,10,10,True,cultivate,7259,0.22291648387908936,care,5180,0.19757933914661407
ea_llm_self_adaptive_api_1364_run5_20260722_232301.json,1364,4,l_mutation,,spiritual gathering spaces,social gathering hubs,hall,15,15,True,sanctuary,195,0.22830839455127716,temple,7,0.30553925037384033
ea_llm_self_adaptive_api_1364_run5_20260722_232301.json,1364,4,l_mutation,,architectural spaces,urban environments,plaza,85,85,True,monument,6,0.4121924936771393,monument,6,0.4121924936771393
ea_llm_self_adaptive_api_1364_run5_20260722_232301.json,1364,4,s_mutation,,inlet features,coastal areas,lagoon,205,205,True,inlet,14506,0.42882540822029114,creek,4584,0.36622482538223267
ea_llm_self_adaptive_api_1364_run5_20260722_232301.json,1364,4,ml_mutation,,materials,nature,stone,243,243,True,clay,2878,0.3882956802845001,marble,149,0.5828350782394409
ea_llm_self_adaptive_api_1364_run5_20260722_232301.json,1364,4,crossover,0,spiritual_architecture,architectural spaces,monument,6,6,True,abbey,171,0.24765923619270325,cloister,154,0.1950720101594925
ea_llm_self_adaptive_api_1364_run5_20260722_232301.json,1364,4,crossover,1,spiritual_architecture,spiritual gathering spaces,temple,7,7,True,abbey,171,0.27902883291244507,cloister,154,0.22859494388103485
ea_llm_self_adaptive_api_1364_run5_20260722_232301.json,1364,5,ml_mutation,,societal symbols,architectural spaces,monument,6,6,True,symbol,3107,0.3425259590148926,symbol,3107,0.3425259590148926
ea_llm_self_adaptive_api_1364_run5_20260722_232301.json,1364,5,l_mutation,,mystical realms,spiritual gathering spaces,temple,7,7,True,aura,3232,0.10893590748310089,aura,3232,0.10893590748310089
ea_llm_self_adaptive_api_1364_run5_20260722_232301.json,1364,5,ml_mutation,,horticultural terms,outdoor environments,garden,10,10,True,bed,2050,0.3054763376712799,row,1296,0.2028992921113968
ea_llm_self_adaptive_api_1364_run5_20260722_232301.json,1364,5,s_mutation,,formal gathering spaces,social gathering hubs,hall,15,15,True,auditorium,415,0.5654412508010864,auditorium,415,0.5654412508010864
ea_llm_self_adaptive_api_1364_run5_20260722_232301.json,1364,5,m_mutation,,cultural_symbols,spiritual_architecture,mosque,33,33,True,symbol,3107,0.1926267445087433,symbol,3107,0.1926267445087433
ea_llm_self_adaptive_api_1364_run5_20260722_232301.json,1364,5,crossover,0,sacred_architecture,architectural spaces,monument,6,6,True,sanctuary,195,0.3458538055419922,temple,7,0.3657456636428833
ea_llm_self_adaptive_api_1364_run5_20260722_232301.json,1364,5,crossover,1,sacred_architecture,spiritual gathering spaces,temple,7,7,True,sanctuary,195,0.414521187543869,temple,7,1.0000001192092896
ea_llm_self_adaptive_api_1364_run5_20260722_232301.json,1364,6,m_mutation,,symbols of remembrance,architectural spaces,monument,6,6,True,marker,8918,0.39487871527671814,legacy,1701,0.28927648067474365
ea_llm_self_adaptive_api_1364_run5_20260722_232301.json,1364,6,ml_mutation,,architectural elements,spiritual gathering spaces,temple,7,7,True,column,993,0.1233113557100296,dome,189,0.31678393483161926
ea_llm_self_adaptive_api_1364_run5_20260722_232301.json,1364,6,l_mutation,,agricultural practices,outdoor environments,garden,10,10,True,harvest,8758,0.2259690910577774,water,2237,0.27790123224258423
ea_llm_self_adaptive_api_1364_run5_20260722_232301.json,1364,6,m_mutation,,architectural pathways,social gathering hubs,hall,15,15,True,corridor,1011,0.13520753383636475,corridor,1011,0.13520753383636475
ea_llm_self_adaptive_api_1364_run5_20260722_232301.json,1364,6,s_mutation,,sacred_spaces,spiritual_architecture,mosque,33,33,True,sanctuary,195,0.3221708834171295,shrine,36,0.5632947087287903
ea_llm_self_adaptive_api_1364_run5_20260722_232301.json,1364,6,crossover,0,spiritual_architectural_spaces,architectural spaces,monument,6,6,True,sanctuary,195,0.3458538055419922,temple,7,0.3657456636428833
ea_llm_self_adaptive_api_1364_run5_20260722_232301.json,1364,6,crossover,1,spiritual_architectural_spaces,spiritual gathering spaces,temple,7,7,True,sanctuary,195,0.414521187543869,temple,7,1.0000001192092896
ea_llm_self_adaptive_api_1364_run5_20260722_232301.json,1364,7,ml_mutation,,cultural heritage,architectural spaces,monument,6,6,True,heritage,127,0.4276186525821686,landmark,50,0.3969675600528717
ea_llm_self_adaptive_api_1364_run5_20260722_232301.json,1364,7,ml_mutation,,sacred objects,spiritual gathering spaces,temple,7,7,True,relic,222,0.28890588879585266,statue,63,0.44256576895713806
ea_llm_self_adaptive_api_1364_run5_20260722_232301.json,1364,7,l_mutation,,botanical elements,outdoor environments,garden,10,10,True,herb,17910,0.30813467502593994,bloom,7786,0.3215172290802002
ea_llm_self_adaptive_api_1364_run5_20260722_232301.json,1364,7,ml_mutation,,social activity types,social gathering hubs,hall,15,15,True,meeting,2284,0.2828492820262909,party,1514,0.19170862436294556
ea_llm_self_adaptive_api_1364_run5_20260722_232301.json,1364,7,m_mutation,,construction_materials,spiritual_architecture,mosque,33,33,True,stone,243,0.2585051953792572,stone,243,0.2585051953792572
ea_llm_self_adaptive_api_1364_run5_20260722_232301.json,1364,7,crossover,0,spiritual architectural spaces,architectural spaces,monument,6,6,True,apse,9926,0.17426373064517975,sanctuary,195,0.3458538055419922
ea_llm_self_adaptive_api_1364_run5_20260722_232301.json,1364,7,crossover,1,spiritual architectural spaces,spiritual gathering spaces,temple,7,7,True,apse,9926,0.15480917692184448,sanctuary,195,0.414521187543869
ea_llm_self_adaptive_api_1364_run5_20260722_232301.json,1364,8,l_mutation,,cultural artifacts,architectural spaces,monument,6,6,True,artifact,600,0.2144785225391388,artifact,600,0.2144785225391388
ea_llm_self_adaptive_api_1364_run5_20260722_232301.json,1364,8,m_mutation,,anatomical regions of the head,spiritual gathering spaces,temple,7,7,True,skull,4177,0.14555580914020538,skull,4177,0.14555580914020538
ea_llm_self_adaptive_api_1364_run5_20260722_232301.json,1364,8,ml_mutation,,landscaping features,outdoor environments,garden,10,10,True,lawn,767,0.510353147983551,lawn,767,0.510353147983551
ea_llm_self_adaptive_api_1364_run5_20260722_232301.json,1364,8,m_mutation,,architectural elements of buildings,social gathering hubs,hall,15,15,True,room,79,0.5343823432922363,room,79,0.5343823432922363
ea_llm_self_adaptive_api_1364_run5_20260722_232301.json,1364,8,s_mutation,,sacred_spatial_architecture,spiritual_architecture,mosque,33,33,True,sanctuary,195,0.3221708834171295,shrine,36,0.5632947087287903
ea_llm_self_adaptive_api_1364_run5_20260722_232301.json,1364,8,crossover,0,religious architectural spaces,architectural spaces,monument,6,6,True,temple,7,0.3657456636428833,temple,7,0.3657456636428833
ea_llm_self_adaptive_api_1364_run5_20260722_232301.json,1364,8,crossover,1,religious architectural spaces,spiritual gathering spaces,temple,7,7,True,temple,7,1.0000001192092896,temple,7,1.0000001192092896
ea_llm_self_adaptive_api_1364_run5_20260722_232301.json,1364,9,ml_mutation,,cultural symbols,architectural spaces,monument,6,6,True,memorial,1257,0.6253046989440918,memorial,1257,0.6253046989440918
ea_llm_self_adaptive_api_1364_run5_20260722_232301.json,1364,9,l_mutation,,natural_formations,outdoor environments,garden,10,10,True,mound,1068,0.23423223197460175,cave,123,0.19189167022705078
ea_llm_self_adaptive_api_1364_run5_20260722_232301.json,1364,9,s_mutation,,entryway social spaces,social gathering hubs,hall,15,15,True,lobby,1063,0.31836530566215515,terrace,397,0.29909297823905945
ea_llm_self_adaptive_api_1364_run5_20260722_232301.json,1364,9,m_mutation,,cultural_symbols,spiritual_architecture,mosque,33,33,True,symbol,3107,0.1926267445087433,tradition,538,0.147735133767128
ea_llm_self_adaptive_api_1364_run5_20260722_232301.json,1364,9,m_mutation,,defensive structures,urban environments,tower,38,38,True,castle,3,0.4952999949455261,castle,3,0.4952999949455261
ea_llm_self_adaptive_api_1364_run5_20260722_232301.json,1364,9,crossover,0,fortified architectural elements,defensive structures,castle,3,3,True,gate,82,0.37194523215293884,tower,38,0.4952999949455261
ea_llm_self_adaptive_api_1364_run5_20260722_232301.json,1364,9,crossover,1,fortified architectural elements,architectural spaces,monument,6,6,True,gate,82,0.2546338438987732,tower,38,0.3986489176750183
ea_llm_self_adaptive_api_1365_run1_20260724_172056.json,1365,1,ml_mutation,,plant parts,food,vegetable,58,58,True,leaf,457,0.30257633328437805,root,358,0.2513270378112793
ea_llm_self_adaptive_api_1365_run1_20260724_172056.json,1365,1,m_mutation,,growth stages,colors,green,62,62,True,fresh,572,0.3105912506580353,fresh,572,0.3105912506580353
ea_llm_self_adaptive_api_1365_run1_20260724_172056.json,1365,1,s_mutation,,meal preparation,daily activities,cook,93,93,True,prepare,5308,0.3215583562850952,chop,75,0.28751131892204285
ea_llm_self_adaptive_api_1365_run1_20260724_172056.json,1365,1,s_mutation,,eye components,body parts,eye,1283,1283,True,pupil,59082,0.228414386510849,iris,685,0.253207266330719
ea_llm_self_adaptive_api_1365_run1_20260724_172056.json,1365,1,l_mutation,,industrial materials,nature,stone,1431,1431,True,concrete,5262,0.45489266514778137,concrete,5262,0.45489266514778137
ea_llm_self_adaptive_api_1365_run1_20260724_172056.json,1365,1,crossover,0,food colors,food,vegetable,58,58,True,apple,70,0.26106080412864685,green,62,0.2839203178882599
ea_llm_self_adaptive_api_1365_run1_20260724_172056.json,1365,1,crossover,1,food colors,colors,green,62,62,True,apple,70,0.22390268743038177,green,62,1.0
ea_llm_self_adaptive_api_1365_run1_20260724_172056.json,1365,2,l_mutation,,numerical concepts,meal preparation,dice,44,44,True,number,18293,0.08115073293447495,count,18116,0.16727450489997864
ea_llm_self_adaptive_api_1365_run1_20260724_172056.json,1365,2,ml_mutation,,plant descriptors,food,vegetable,58,58,True,texture,4499,0.26847413182258606,flavor,1168,0.37326914072036743
ea_llm_self_adaptive_api_1365_run1_20260724_172056.json,1365,2,ml_mutation,,optical properties,colors,green,62,62,True,refraction,29403,-0.041143499314785004,refraction,29403,-0.041143499314785004
ea_llm_self_adaptive_api_1365_run1_20260724_172056.json,1365,2,ml_mutation,,cooking verbs,daily activities,cook,93,93,True,bake,290,0.41398656368255615,roast,96,0.42367351055145264
ea_llm_self_adaptive_api_1365_run1_20260724_172056.json,1365,2,l_mutation,,natural habitats,plant parts,seed,145,145,True,habitat,69344,0.15450038015842438,niche,28329,0.03491934761404991
ea_llm_self_adaptive_api_1365_run1_20260724_172056.json,1365,2,crossover,0,food_processing,meal preparation,dice,44,44,True,chop,75,0.3258092999458313,dice,44,1.0
ea_llm_self_adaptive_api_1365_run1_20260724_172056.json,1365,2,crossover,1,food_processing,food,vegetable,58,58,True,chop,75,0.3148953318595886,dice,44,0.10142630338668823
ea_llm_self_adaptive_api_1365_run1_20260724_172056.json,1365,3,l_mutation,,material alteration,meal preparation,mash,30,30,True,squish,1888,0.15683522820472717,smash,504,0.2188054323196411
ea_llm_self_adaptive_api_1365_run1_20260724_172056.json,1365,3,s_mutation,,legumes_and_tubers,food,vegetable,58,58,True,legume,319,0.20558542013168335,tuber,157,0.23241277039051056
ea_llm_self_adaptive_api_1365_run1_20260724_172056.json,1365,3,l_mutation,,mechanical actions,cooking verbs,mince,90,90,True,press,14732,0.022757411003112793,turn,4150,0.008425184525549412
ea_llm_self_adaptive_api_1365_run1_20260724_172056.json,1365,3,s_mutation,,cooking routines,daily activities,cook,93,93,True,slice,60,0.27853232622146606,peel,49,0.35945138335227966
ea_llm_self_adaptive_api_1365_run1_20260724_172056.json,1365,3,ml_mutation,,botanical processes,plant parts,seed,145,145,True,germinate,461,0.27671748399734497,sprout,16,0.17760036885738373
ea_llm_self_adaptive_api_1365_run1_20260724_172056.json,1365,3,crossover,0,botanical_culinary_processes,botanical processes,sprout,16,16,True,prepare,5308,0.08419736474752426,sprout,16,1.0
ea_llm_self_adaptive_api_1365_run1_20260724_172056.json,1365,3,crossover,1,botanical_culinary_processes,meal preparation,mash,30,30,True,prepare,5308,0.025916168466210365,sprout,16,0.1596682071685791
ea_llm_self_adaptive_api_1365_run1_20260724_172056.json,1365,4,s_mutation,,early plant growth stages,botanical processes,sprout,16,16,True,emerge,29522,0.1984296441078186,shoot,847,0.05568096041679382
ea_llm_self_adaptive_api_1365_run1_20260724_172056.json,1365,4,l_mutation,,textile processing,meal preparation,mash,30,30,True,weave,25817,0.13290336728096008,braid,1205,0.11564728617668152
ea_llm_self_adaptive_api_1365_run1_20260724_172056.json,1365,4,ml_mutation,,personal care routines,cooking routines,peel,49,49,True,exfoliate,10786,0.1316538155078888,scrub,724,0.2352972775697708
ea_llm_self_adaptive_api_1365_run1_20260724_172056.json,1365,4,m_mutation,,nutritional_components,food,vegetable,58,58,True,fiber,21497,0.2915132939815521,sprout,16,0.2202189862728119
ea_llm_self_adaptive_api_1365_run1_20260724_172056.json,1365,4,m_mutation,,food textures,cooking verbs,puree,83,83,True,smooth,11504,0.3803945481777191,creamy,403,0.514660656452179
ea_llm_self_adaptive_api_1365_run1_20260724_172056.json,1365,4,crossover,0,botanical_nutrition,botanical processes,sprout,16,16,True,sprout,16,1.0,sprout,16,1.0
ea_llm_self_adaptive_api_1365_run1_20260724_172056.json,1365,4,crossover,1,botanical_nutrition,nutritional_components,sprout,16,16,True,sprout,16,1.0,sprout,16,1.0
ea_llm_self_adaptive_api_1365_run1_20260724_172056.json,1365,5,s_mutation,,early growth stages,botanical processes,sprout,16,16,True,emerge,29522,0.1984296441078186,rise,12156,0.09962807595729828
ea_llm_self_adaptive_api_1365_run1_20260724_172056.json,1365,5,s_mutation,,plant_growth_stages,nutritional_components,sprout,16,16,True,shoot,847,0.05568096041679382,seedling,352,0.37554866075515747
ea_llm_self_adaptive_api_1365_run1_20260724_172056.json,1365,5,ml_mutation,,texturizing actions,meal preparation,mash,30,30,True,crush,460,0.13514752686023712,crush,460,0.13514752686023712
ea_llm_self_adaptive_api_1365_run1_20260724_172056.json,1365,5,ml_mutation,,food descriptors,cooking routines,peel,49,49,True,tart,,0.321142315864563,sour,288,0.27461177110671997
ea_llm_self_adaptive_api_1365_run1_20260724_172056.json,1365,5,ml_mutation,,plant characteristics,food,vegetable,58,58,True,form,25579,0.11225638538599014,form,25579,0.11225638538599014
ea_llm_self_adaptive_api_1365_run1_20260724_172056.json,1365,5,crossover,0,nutritional_growth,botanical processes,sprout,16,16,True,sprout,16,1.0,sprout,16,1.0
ea_llm_self_adaptive_api_1365_run1_20260724_172056.json,1365,5,crossover,1,nutritional_growth,nutritional_components,sprout,16,16,True,sprout,16,1.0,sprout,16,1.0
ea_llm_self_adaptive_api_1365_run1_20260724_172056.json,1365,6,m_mutation,,initiation processes,botanical processes,sprout,16,16,True,initiate,78793,0.004264864604920149,begin,32775,0.1519443243741989
ea_llm_self_adaptive_api_1365_run1_20260724_172056.json,1365,6,l_mutation,,cultural symbolism,nutritional_components,sprout,16,16,True,symbol,32368,-0.058667346835136414,myth,14197,-0.004962568636983633
ea_llm_self_adaptive_api_1365_run1_20260724_172056.json,1365,6,l_mutation,,tactile interaction,meal preparation,mash,30,30,True,touch,22987,0.10432369261980057,grip,16089,-0.0144070228561759
ea_llm_self_adaptive_api_1365_run1_20260724_172056.json,1365,6,ml_mutation,,kitchen tools,cooking routines,peel,49,49,True,spoon,783,0.40631014108657837,spoon,783,0.40631014108657837
ea_llm_self_adaptive_api_1365_run1_20260724_172056.json,1365,6,ml_mutation,,botanical terms,food,vegetable,58,58,True,crop,423,0.3773524761199951,crop,423,0.3773524761199951
ea_llm_self_adaptive_api_1365_run1_20260724_172056.json,1365,6,crossover,0,plant_growth_nutrition,botanical processes,sprout,16,16,True,sprout,16,1.0,sprout,16,1.0
ea_llm_self_adaptive_api_1365_run1_20260724_172056.json,1365,6,crossover,1,plant_growth_nutrition,nutritional_components,sprout,16,16,True,sprout,16,1.0,sprout,16,1.0
ea_llm_self_adaptive_api_1365_run1_20260724_172056.json,1365,7,ml_mutation,,plant care methods,botanical processes,sprout,16,16,True,care,26634,-0.07069425284862518,water,1136,0.036014530807733536
ea_llm_self_adaptive_api_1365_run1_20260724_172056.json,1365,7,m_mutation,,plant_development_stages,nutritional_components,sprout,16,16,True,germ,1724,0.05603330582380295,shoot,847,0.05568096041679382
ea_llm_self_adaptive_api_1365_run1_20260724_172056.json,1365,7,s_mutation,,food mashing,meal preparation,mash,30,30,True,smash,504,0.2188054323196411,smash,504,0.2188054323196411
ea_llm_self_adaptive_api_1365_run1_20260724_172056.json,1365,7,ml_mutation,,plant care,cooking routines,peel,49,49,True,prune,261,0.2156383991241455,prune,261,0.2156383991241455
ea_llm_self_adaptive_api_1365_run1_20260724_172056.json,1365,7,ml_mutation,,plant parts,food,vegetable,58,58,True,leaf,457,0.30257633328437805,seed,145,0.2970639765262604
ea_llm_self_adaptive_api_1365_run1_20260724_172056.json,1365,7,crossover,0,botanical_nutritional_intersection,botanical processes,sprout,16,16,True,fiber,21497,0.09951099753379822,sprout,16,1.0
ea_llm_self_adaptive_api_1365_run1_20260724_172056.json,1365,7,crossover,1,botanical_nutritional_intersection,nutritional_components,sprout,16,16,True,fiber,21497,0.09951099753379822,sprout,16,1.0
ea_llm_self_adaptive_api_1365_run1_20260724_172056.json,1365,8,m_mutation,,sudden emergences,botanical processes,sprout,16,16,True,arise,43704,0.22008833289146423,burst,9935,0.05639380216598511
ea_llm_self_adaptive_api_1365_run1_20260724_172056.json,1365,8,m_mutation,,material deformation,meal preparation,mash,30,30,True,compress,12208,0.17915648221969604,squish,1888,0.15683522820472717
ea_llm_self_adaptive_api_1365_run1_20260724_172056.json,1365,8,l_mutation,,surface finishing,cooking routines,peel,49,49,True,sand,20897,0.08108338713645935,wax,6373,0.20664814114570618
ea_llm_self_adaptive_api_1365_run1_20260724_172056.json,1365,8,l_mutation,,natural elements,food,vegetable,58,58,True,sunlight,15427,0.15869875252246857,water,1136,0.291135311126709
ea_llm_self_adaptive_api_1365_run1_20260724_172056.json,1365,8,m_mutation,,textural terms related to smoothness,cooking verbs,puree,83,83,True,mixture,1705,0.5166236162185669,mixture,1705,0.5166236162185669
ea_llm_self_adaptive_api_1365_run1_20260724_172056.json,1365,8,crossover,0,botanical meal processes,botanical processes,sprout,16,16,True,prepare,5308,0.08419736474752426,cultivate,985,0.18223994970321655
ea_llm_self_adaptive_api_1365_run1_20260724_172056.json,1365,8,crossover,1,botanical meal processes,meal preparation,mash,30,30,True,prepare,5308,0.025916168466210365,cultivate,985,0.038905855268239975
ea_llm_self_adaptive_api_1365_run1_20260724_172056.json,1365,9,ml_mutation,,Environmental Factors,botanical processes,sprout,16,16,True,soil,2402,0.14288806915283203,water,1136,0.036014530807733536
ea_llm_self_adaptive_api_1365_run1_20260724_172056.json,1365,9,m_mutation,,texture modification through physical force,meal preparation,mash,30,30,True,flatten,2703,0.1982005536556244,pulp,1378,0.2517760992050171
ea_llm_self_adaptive_api_1365_run1_20260724_172056.json,1365,9,ml_mutation,,surface preparation techniques,cooking routines,peel,49,49,True,sanding,20897,0.20378606021404266,smoothing,11504,0.0032157758250832558
ea_llm_self_adaptive_api_1365_run1_20260724_172056.json,1365,9,m_mutation,,botanical structures,food,vegetable,58,58,True,stem,452,0.21145154535770416,tuber,157,0.23241277039051056
ea_llm_self_adaptive_api_1365_run1_20260724_172056.json,1365,9,m_mutation,,industrial processing techniques for smooth consistency,cooking verbs,puree,83,83,True,refine,21150,0.12000100314617157,liquify,1651,0.16277889907360077
ea_llm_self_adaptive_api_1365_run1_20260724_172056.json,1365,9,crossover,0,botanical meal prep,botanical processes,sprout,16,16,True,prepare,5308,0.08419736474752426,cultivate,985,0.18223994970321655
ea_llm_self_adaptive_api_1365_run1_20260724_172056.json,1365,9,crossover,1,botanical meal prep,meal preparation,mash,30,30,True,prepare,5308,0.025916168466210365,cultivate,985,0.038905855268239975
ea_llm_self_adaptive_api_1365_run1_20260724_172056.json,1365,10,l_mutation,,natural structures,botanical processes,sprout,16,16,True,form,25579,0.034416742622852325,shape,4585,0.08409665524959564
ea_llm_self_adaptive_api_1365_run1_20260724_172056.json,1365,10,s_mutation,,food mashing,meal preparation,mash,30,30,True,smash,504,0.2188054323196411,puree,83,0.39105045795440674
ea_llm_self_adaptive_api_1365_run1_20260724_172056.json,1365,10,ml_mutation,,plant parts,food,lentil,40,40,True,sheath,5552,0.21264611184597015,seed,145,0.09727727621793747
ea_llm_self_adaptive_api_1365_run1_20260724_172056.json,1365,10,s_mutation,,food surface preparation,cooking routines,peel,49,49,True,scrape,987,0.3247494697570801,scrape,987,0.3247494697570801
ea_llm_self_adaptive_api_1365_run1_20260724_172056.json,1365,10,l_mutation,,material properties,cooking verbs,puree,83,83,True,smooth,11504,0.3803945481777191,soft,4999,0.19994644820690155
ea_llm_self_adaptive_api_1365_run1_20260724_172056.json,1365,10,crossover,0,Botanical and Culinary Processes,botanical processes,sprout,16,16,True,sieve,12950,0.06945016980171204,cultivate,985,0.18223994970321655
ea_llm_self_adaptive_api_1365_run1_20260724_172056.json,1365,10,crossover,1,Botanical and Culinary Processes,meal preparation,mash,30,30,True,sieve,12950,0.27854233980178833,cultivate,985,0.038905855268239975
ea_llm_self_adaptive_api_1365_run1_20260724_172056.json,1365,11,l_mutation,,natural formations,botanical processes,sprout,16,16,True,formation,41151,-0.041179560124874115,formation,41151,-0.041179560124874115
ea_llm_self_adaptive_api_1365_run1_20260724_172056.json,1365,11,s_mutation,,legumes,food,lentil,40,40,True,pea,39,0.5041574239730835,pea,39,0.5041574239730835
ea_llm_self_adaptive_api_1365_run1_20260724_172056.json,1365,11,l_mutation,,surface treatments,cooking routines,peel,49,49,True,scuff,25319,0.0011224598856642842,grind,2328,0.17250095307826996
ea_llm_self_adaptive_api_1365_run1_20260724_172056.json,1365,11,s_mutation,,texture smoothing verbs,cooking verbs,puree,83,83,True,homogenize,21337,0.05988480895757675,crush,460,0.0655527114868164
ea_llm_self_adaptive_api_1365_run1_20260724_172056.json,1365,11,m_mutation,,cooking techniques,daily activities,cook,93,93,True,mix,2452,0.30007147789001465,slice,60,0.27853232622146606
ea_llm_self_adaptive_api_1365_run1_20260724_172056.json,1365,11,crossover,0,legume_growth_processes,botanical processes,sprout,16,16,True,grow,788,0.3277105689048767,grow,788,0.3277105689048767
ea_llm_self_adaptive_api_1365_run1_20260724_172056.json,1365,11,crossover,1,legume_growth_processes,legumes,pea,39,39,True,grow,788,0.15745976567268372,grow,788,0.15745976567268372
ea_llm_self_adaptive_api_1365_run1_20260724_172056.json,1365,12,s_mutation,,plant emergence,botanical processes,sprout,16,16,True,shoot,847,0.05568096041679382,shoot,847,0.05568096041679382
ea_llm_self_adaptive_api_1365_run1_20260724_172056.json,1365,12,m_mutation,,plant structures related to pea harvesting,legumes,pea,39,39,True,pod,995,0.3113602101802826,shell,711,0.1781284064054489
ea_llm_self_adaptive_api_1365_run1_20260724_172056.json,1365,12,l_mutation,,transportation methods,food,lentil,40,40,True,transport,23608,-0.08407726138830185,transport,23608,-0.08407726138830185
ea_llm_self_adaptive_api_1365_run1_20260724_172056.json,1365,12,s_mutation,,surface preparation,cooking routines,peel,49,49,True,shave,1163,0.2066020667552948,zest,577,0.4151756465435028
ea_llm_self_adaptive_api_1365_run1_20260724_172056.json,1365,12,s_mutation,,Food Blending Techniques,cooking verbs,puree,83,83,True,liquefy,1090,0.22319309413433075,liquefy,1090,0.22319309413433075
ea_llm_self_adaptive_api_1365_run1_20260724_172056.json,1365,12,crossover,0,legume_processes,botanical processes,sprout,16,16,True,cultivate,985,0.18223994970321655,legume,319,0.1944633573293686
ea_llm_self_adaptive_api_1365_run1_20260724_172056.json,1365,12,crossover,1,legume_processes,legumes,pea,39,39,True,cultivate,985,0.23631250858306885,legume,319,0.3382412791252136
ea_llm_self_adaptive_api_1365_run1_20260724_172056.json,1365,13,m_mutation,,Encouraging growth and development,botanical processes,sprout,16,16,True,foster,71629,-0.04680895805358887,encourage,56150,0.06635565310716629
ea_llm_self_adaptive_api_1365_run1_20260724_172056.json,1365,13,s_mutation,,pea-like legumes,legumes,pea,39,39,True,fava,179,0.24840770661830902,fava,179,0.24840770661830902
ea_llm_self_adaptive_api_1365_run1_20260724_172056.json,1365,13,s_mutation,,seeds,food,lentil,40,40,True,seed,145,0.09727727621793747,seed,145,0.09727727621793747
ea_llm_self_adaptive_api_1365_run1_20260724_172056.json,1365,13,ml_mutation,,surface preparation,cooking routines,peel,49,49,True,strip,,0.08828398585319519,scrape,987,0.3247494697570801
ea_llm_self_adaptive_api_1365_run1_20260724_172056.json,1365,13,m_mutation,,textural adjectives describing smoothness,cooking verbs,puree,83,83,True,smooth,11504,0.3803945481777191,velvety,1800,0.37187549471855164
ea_llm_self_adaptive_api_1365_run1_20260724_172056.json,1365,13,crossover,0,legume cultivation,botanical processes,sprout,16,16,True,cultivate,985,0.18223994970321655,legume,319,0.1944633573293686
ea_llm_self_adaptive_api_1365_run1_20260724_172056.json,1365,13,crossover,1,legume cultivation,legumes,pea,39,39,True,cultivate,985,0.23631250858306885,legume,319,0.3382412791252136
ea_llm_self_adaptive_api_1365_run1_20260724_172056.json,1365,14,ml_mutation,,plant care actions,botanical processes,sprout,16,16,True,water,1136,0.036014530807733536,prune,261,0.30535516142845154
ea_llm_self_adaptive_api_1365_run1_20260724_172056.json,1365,14,s_mutation,,pea legumes,legumes,pea,39,39,True,lentil,40,0.5041574239730835,lentil,40,0.5041574239730835
ea_llm_self_adaptive_api_1365_run1_20260724_172056.json,1365,14,l_mutation,,economic systems,food,lentil,40,40,True,export,7761,-0.04500111937522888,export,7761,-0.04500111937522888
ea_llm_self_adaptive_api_1365_run1_20260724_172056.json,1365,14,m_mutation,,condiments,seeds,mustard,45,45,True,condiment,629,0.4315654933452606,spice,237,0.32728540897369385
ea_llm_self_adaptive_api_1365_run1_20260724_172056.json,1365,14,s_mutation,,surface preparation,cooking routines,peel,49,49,True,shave,1163,0.2066020667552948,scrape,987,0.3247494697570801
ea_llm_self_adaptive_api_1365_run1_20260724_172056.json,1365,14,crossover,0,legume_processes,botanical processes,sprout,16,16,True,legume,319,0.1944633573293686,legume,319,0.1944633573293686
ea_llm_self_adaptive_api_1365_run1_20260724_172056.json,1365,14,crossover,1,legume_processes,legumes,pea,39,39,True,legume,319,0.3382412791252136,legume,319,0.3382412791252136
ea_llm_self_adaptive_api_1365_run1_20260724_172056.json,1365,15,ml_mutation,,botanical terminology,botanical processes,sprout,16,16,True,stamen,8492,0.06704255193471909,pollen,1893,0.24143075942993164
ea_llm_self_adaptive_api_1365_run1_20260724_172056.json,1365,15,l_mutation,,material properties,food,squash,37,37,True,grit,371,-0.0037316048983484507,grit,371,-0.0037316048983484507
ea_llm_self_adaptive_api_1365_run1_20260724_172056.json,1365,15,m_mutation,,botanical parts of pea,legumes,pea,39,39,True,pod,995,0.3113602101802826,seed,145,0.19547416269779205
ea_llm_self_adaptive_api_1365_run1_20260724_172056.json,1365,15,l_mutation,,aromatic substances,seeds,mustard,45,45,True,aromatic,2326,0.3104921579360962,extract,1726,0.3111928105354309
ea_llm_self_adaptive_api_1365_run1_20260724_172056.json,1365,15,m_mutation,,surface alteration,cooking routines,peel,49,49,True,scrape,987,0.3247494697570801,scrape,987,0.3247494697570801
ea_llm_self_adaptive_api_1365_run1_20260724_172056.json,1365,15,crossover,0,food_preparation_processes,botanical processes,sprout,16,16,True,produce,3167,0.127297043800354,mash,30,0.1596682071685791
ea_llm_self_adaptive_api_1365_run1_20260724_172056.json,1365,15,crossover,1,food_preparation_processes,food,squash,37,37,True,produce,3167,0.07970718294382095,mash,30,0.19886451959609985
ea_llm_self_adaptive_api_1365_run1_20260724_172056.json,1365,16,m_mutation,,Catalysts for Germination,botanical processes,sprout,16,16,True,ignite,40610,0.129053995013237,kindle,5017,0.05655049532651901
ea_llm_self_adaptive_api_1365_run1_20260724_172056.json,1365,16,ml_mutation,,botanical terms related to cooking,seeds,mustard,45,45,True,pod,995,0.15211060643196106,leaf,457,0.22372905910015106
ea_llm_self_adaptive_api_1365_run1_20260724_172056.json,1365,16,l_mutation,,surface characteristics,cooking routines,peel,49,49,True,gloss,24817,0.13517065346240997,gloss,24817,0.13517065346240997
ea_llm_self_adaptive_api_1365_run1_20260724_172056.json,1365,16,l_mutation,,material transformations,cooking verbs,puree,83,83,True,alter,37417,-0.07343175262212753,modify,12542,0.06226441264152527
ea_llm_self_adaptive_api_1365_run1_20260724_172056.json,1365,16,m_mutation,,structural support in plants,plant structures related to pea harvesting,stalk,86,86,True,support,73181,-0.025774361565709114,shaft,39606,0.20285354554653168
ea_llm_self_adaptive_api_1365_run1_20260724_172056.json,1365,16,crossover,0,seed_processes,botanical processes,sprout,16,16,True,germinate,461,0.40933945775032043,germinate,461,0.40933945775032043
ea_llm_self_adaptive_api_1365_run1_20260724_172056.json,1365,16,crossover,1,seed_processes,seeds,mustard,45,45,True,germinate,461,0.09922027587890625,germinate,461,0.09922027587890625
ea_llm_self_adaptive_api_1365_run1_20260724_172056.json,1365,17,l_mutation,,environmental parameters,botanical processes,sprout,16,16,True,humidity,37484,0.04301374778151512,altitude,31445,-0.07672448456287384
ea_llm_self_adaptive_api_1365_run1_20260724_172056.json,1365,17,m_mutation,,condiments,seeds,mustard,45,45,True,condiment,629,0.4315654933452606,spice,237,0.32728540897369385
ea_llm_self_adaptive_api_1365_run1_20260724_172056.json,1365,17,ml_mutation,,surface treatments,cooking routines,peel,49,49,True,scrape,987,0.3247494697570801,scrape,987,0.3247494697570801
ea_llm_self_adaptive_api_1365_run1_20260724_172056.json,1365,17,l_mutation,,food texture descriptors,cooking verbs,puree,83,83,True,smooth,11504,0.3803945481777191,smooth,11504,0.3803945481777191
ea_llm_self_adaptive_api_1365_run1_20260724_172056.json,1365,17,m_mutation,,plant structural elements beyond pea harvesting,plant structures related to pea harvesting,stalk,86,86,True,spear,1224,0.20865462720394135,stem,452,0.29434993863105774
ea_llm_self_adaptive_api_1365_run1_20260724_172056.json,1365,17,crossover,0,seed_processes,botanical processes,sprout,16,16,True,germinate,461,0.40933945775032043,sprout,16,1.0
ea_llm_self_adaptive_api_1365_run1_20260724_172056.json,1365,17,crossover,1,seed_processes,seeds,mustard,45,45,True,germinate,461,0.09922027587890625,sprout,16,0.16518978774547577
ea_llm_self_adaptive_api_1365_run1_20260724_172056.json,1365,18,ml_mutation,,plant descriptors,botanical processes,sprout,16,16,True,texture,4499,0.14096972346305847,size,1254,0.02416148968040943
ea_llm_self_adaptive_api_1365_run1_20260724_172056.json,1365,18,ml_mutation,,spices,seeds,mustard,45,45,True,turmeric,311,0.44272273778915405,coriander,117,0.4735044836997986
ea_llm_self_adaptive_api_1365_run1_20260724_172056.json,1365,18,l_mutation,,surface preparation,cooking routines,peel,49,49,True,buff,37837,0.09363380819559097,wax,6373,0.20664814114570618
ea_llm_self_adaptive_api_1365_run1_20260724_172056.json,1365,18,s_mutation,,pungent condiments,condiments,horseradish,59,59,True,pepper,100,0.38781818747520447,mustard,45,0.5748869180679321
ea_llm_self_adaptive_api_1365_run1_20260724_172056.json,1365,18,ml_mutation,,Food Texture Terms,cooking verbs,puree,83,83,True,smooth,11504,0.3803945481777191,runny,1348,0.24804987013339996
ea_llm_self_adaptive_api_1365_run1_20260724_172056.json,1365,18,crossover,0,seed_processes,botanical processes,sprout,16,16,True,germinate,461,0.40933945775032043,sprout,16,1.0
ea_llm_self_adaptive_api_1365_run1_20260724_172056.json,1365,18,crossover,1,seed_processes,seeds,mustard,45,45,True,germinate,461,0.09922027587890625,sprout,16,0.16518978774547577
ea_llm_self_adaptive_api_1365_run1_20260724_172056.json,1365,19,l_mutation,,natural landscapes,botanical processes,sprout,16,16,True,land,15545,-0.010506010614335537,land,15545,-0.010506010614335537
ea_llm_self_adaptive_api_1365_run1_20260724_172056.json,1365,19,l_mutation,,aromatic substances,seeds,mustard,45,45,True,aroma,13717,0.3119772672653198,scent,3011,0.25195810198783875
ea_llm_self_adaptive_api_1365_run1_20260724_172056.json,1365,19,s_mutation,,sharp condiments,pungent condiments,mustard,45,45,True,capers,366,0.3519258499145508,sauerkraut,66,0.40553033351898193
ea_llm_self_adaptive_api_1365_run1_20260724_172056.json,1365,19,l_mutation,,surface treatments,cooking routines,peel,49,49,True,exfoliate,10786,0.1316538155078888,exfoliate,10786,0.1316538155078888
ea_llm_self_adaptive_api_1365_run1_20260724_172056.json,1365,19,l_mutation,,material states,cooking verbs,puree,83,83,True,liquid,20862,0.34831342101097107,solid,4878,0.09815099090337753
ea_llm_self_adaptive_api_1365_run1_20260724_172056.json,1365,19,crossover,0,seed_processes,botanical processes,sprout,16,16,True,seed,145,0.17760036885738373,sprout,16,1.0
ea_llm_self_adaptive_api_1365_run1_20260724_172056.json,1365,19,crossover,1,seed_processes,seeds,mustard,45,45,True,seed,145,0.21524274349212646,sprout,16,0.16518978774547577
ea_llm_self_adaptive_api_1365_run1_20260724_172056.json,1365,20,l_mutation,,chemical processes,botanical processes,sprout,16,16,True,chemical,20380,-0.06068907305598259,process,6251,-0.06944926083087921
ea_llm_self_adaptive_api_1365_run1_20260724_172056.json,1365,20,s_mutation,,sharp preserves,sharp condiments,pickles,32,32,True,cucumber,19,0.45369598269462585,cucumber,19,0.45369598269462585
ea_llm_self_adaptive_api_1365_run1_20260724_172056.json,1365,20,l_mutation,,plant-derived substances,seeds,mustard,45,45,True,resin,51657,0.12679752707481384,sap,6743,0.038496408611536026
ea_llm_self_adaptive_api_1365_run1_20260724_172056.json,1365,20,l_mutation,,liquid transformation,cooking verbs,puree,83,83,True,hydrate,7152,0.10958658158779144,melt,734,0.3631231486797333
ea_llm_self_adaptive_api_1365_run1_20260724_172056.json,1365,20,l_mutation,,industrial uses of plant byproducts,plant structures related to pea harvesting,stalk,86,86,True,material,73220,-0.011860843747854233,byproduct,26999,-0.0035679745487868786
ea_llm_self_adaptive_api_1365_run1_20260724_172056.json,1365,20,crossover,0,preservation_techniques,botanical processes,sprout,16,16,True,ferment,630,0.20924223959445953,ferment,630,0.20924223959445953
ea_llm_self_adaptive_api_1365_run1_20260724_172056.json,1365,20,crossover,1,preservation_techniques,sharp preserves,cucumber,19,19,True,ferment,630,0.16927315294742584,ferment,630,0.16927315294742584
ea_llm_self_adaptive_api_1365_run1_20260724_172056.json,1365,21,m_mutation,,Initiation of Processes,botanical processes,sprout,16,16,True,emerge,29522,0.1984296441078186,emerge,29522,0.1984296441078186
ea_llm_self_adaptive_api_1365_run1_20260724_172056.json,1365,21,s_mutation,,sharp preserved vegetables,sharp preserves,cucumber,19,19,True,radish,4,0.5613790154457092,radish,4,0.5613790154457092
ea_llm_self_adaptive_api_1365_run1_20260724_172056.json,1365,21,l_mutation,,storage environments,sharp condiments,pickles,32,32,True,jar,857,0.3917395770549774,jar,857,0.3917395770549774
ea_llm_self_adaptive_api_1365_run1_20260724_172056.json,1365,21,l_mutation,,food textures,cooking verbs,puree,83,83,True,texture,4499,0.3295600116252899,mushy,355,0.31826138496398926
ea_llm_self_adaptive_api_1365_run1_20260724_172056.json,1365,21,m_mutation,,structural components in non-plant contexts,plant structures related to pea harvesting,stalk,86,86,True,column,62815,0.031324710696935654,shaft,39606,0.20285354554653168
ea_llm_self_adaptive_api_1365_run1_20260724_172056.json,1365,21,crossover,0,vegetable preservation methods,sharp preserved vegetables,radish,4,4,True,brine,3012,0.1288461685180664,ferment,630,0.08023853600025177
ea_llm_self_adaptive_api_1365_run1_20260724_172056.json,1365,21,crossover,1,vegetable preservation methods,botanical processes,sprout,16,16,True,brine,3012,0.11106348037719727,ferment,630,0.20924223959445953
ea_llm_self_adaptive_api_1365_run1_20260724_172056.json,1365,22,ml_mutation,,sharp preserved fruits,sharp preserved vegetables,radish,4,4,True,lemon,212,0.3089969754219055,lemon,212,0.3089969754219055
ea_llm_self_adaptive_api_1365_run1_20260724_172056.json,1365,22,m_mutation,,celery structure,sharp preserves,celery,12,12,True,stalk,86,0.48576220870018005,stalk,86,0.48576220870018005
ea_llm_self_adaptive_api_1365_run1_20260724_172056.json,1365,22,l_mutation,,natural landscapes,botanical processes,sprout,16,16,True,landscape,8195,0.10549239069223404,landscape,8195,0.10549239069223404
ea_llm_self_adaptive_api_1365_run1_20260724_172056.json,1365,22,s_mutation,,pickled vegetables,sharp condiments,pickles,32,32,True,radish,4,0.32835403084754944,radish,4,0.32835403084754944
ea_llm_self_adaptive_api_1365_run1_20260724_172056.json,1365,22,ml_mutation,,food preparation outcomes,cooking verbs,puree,83,83,True,syrup,703,0.47175341844558716,syrup,703,0.47175341844558716
ea_llm_self_adaptive_api_1365_run1_20260724_172056.json,1365,22,crossover,0,preserved_pickled_vegetables,sharp preserved vegetables,radish,4,4,True,radish,4,1.0,radish,4,1.0
ea_llm_self_adaptive_api_1365_run1_20260724_172056.json,1365,22,crossover,1,preserved_pickled_vegetables,pickled vegetables,radish,4,4,True,radish,4,1.0,radish,4,1.0
ea_llm_self_adaptive_api_1365_run1_20260724_172056.json,1365,23,ml_mutation,,vegetable textures,sharp preserved vegetables,radish,4,4,True,crisp,594,0.17608365416526794,succulent,535,0.2706031799316406
ea_llm_self_adaptive_api_1365_run1_20260724_172056.json,1365,23,s_mutation,,root vegetables,pickled vegetables,radish,4,4,True,root,358,0.1764063835144043,turnip,1,0.5309839248657227
ea_llm_self_adaptive_api_1365_run2_20260803_180723.json,1365,1,ml_mutation,,plant parts,food,vegetable,58,58,True,leaf,457,0.30257633328437805,root,358,0.2513270378112793
ea_llm_self_adaptive_api_1365_run2_20260803_180723.json,1365,1,l_mutation,,materials,colors,green,62,62,True,glass,31622,0.2757355272769928,glass,31622,0.2757355272769928
ea_llm_self_adaptive_api_1365_run2_20260803_180723.json,1365,1,s_mutation,,bodies of water,nature,water,1136,1136,True,lake,39419,0.4847097098827362,lake,39419,0.4847097098827362
ea_llm_self_adaptive_api_1365_run2_20260803_180723.json,1365,1,l_mutation,,visual_elements,body_parts,eye,1283,1283,True,symbol,32368,0.13828209042549133,image,28887,0.35695886611938477
ea_llm_self_adaptive_api_1365_run2_20260803_180723.json,1365,1,m_mutation,,cold phenomena,weather,snow,2125,2125,True,frost,663,0.3684946894645691,frost,663,0.3684946894645691
ea_llm_self_adaptive_api_1365_run2_20260803_180723.json,1365,1,crossover,0,food_colors,food,vegetable,58,58,True,orange,128,0.25530239939689636,apple,70,0.26106080412864685
ea_llm_self_adaptive_api_1365_run2_20260803_180723.json,1365,1,crossover,1,food_colors,colors,green,62,62,True,orange,128,0.4806171655654907,apple,70,0.22390268743038177
ea_llm_self_adaptive_api_1365_run2_20260803_180723.json,1365,2,m_mutation,,plant anatomy,food,vegetable,58,58,True,peel,49,0.22632046043872833,peel,49,0.22632046043872833
ea_llm_self_adaptive_api_1365_run2_20260803_180723.json,1365,2,l_mutation,,optics,colors,green,62,62,True,lens,30205,0.02897469513118267,prism,10391,0.027817649766802788
ea_llm_self_adaptive_api_1365_run2_20260803_180723.json,1365,2,m_mutation,,project origins,plant parts,seed,145,145,True,begin,32775,0.12320096790790558,origin,29628,0.1257489025592804
ea_llm_self_adaptive_api_1365_run2_20260803_180723.json,1365,2,ml_mutation,,botanical terminology,nature,herb,340,340,True,latex,55017,0.00782904215157032,tannin,13664,0.03851089999079704
ea_llm_self_adaptive_api_1365_run2_20260803_180723.json,1365,2,s_mutation,,frozen deposits,cold phenomena,frost,663,663,True,rime,11822,0.07056442648172379,glaze,1579,0.1971254199743271
ea_llm_self_adaptive_api_1365_run2_20260803_180723.json,1365,2,crossover,0,plant_food_parts,plant anatomy,peel,49,49,True,core,444,0.19229035079479218,peel,49,0.9999999403953552
ea_llm_self_adaptive_api_1365_run2_20260803_180723.json,1365,2,crossover,1,plant_food_parts,food,vegetable,58,58,True,core,444,0.10990465432405472,peel,49,0.22632046043872833
ea_llm_self_adaptive_api_1365_run2_20260803_180723.json,1365,3,l_mutation,,surface characteristics,plant anatomy,peel,49,49,True,layer,4326,0.28312918543815613,layer,4326,0.28312918543815613
ea_llm_self_adaptive_api_1365_run2_20260803_180723.json,1365,3,ml_mutation,,plant characteristics,food,vegetable,58,58,True,texture,4499,0.26847413182258606,size,1254,0.1843997836112976
ea_llm_self_adaptive_api_1365_run2_20260803_180723.json,1365,3,m_mutation,,emotional associations with green,colors,green,62,62,True,envy,13937,0.13019771873950958,jealousy,9506,-0.07062659412622452
ea_llm_self_adaptive_api_1365_run2_20260803_180723.json,1365,3,l_mutation,,biological interactions,plant parts,seed,145,145,True,interaction,78170,0.013854576274752617,symbiosis,25488,-0.04013346508145332
ea_llm_self_adaptive_api_1365_run2_20260803_180723.json,1365,3,m_mutation,,plant as an action,nature,plant,336,336,True,implant,11838,0.10633211582899094,sow,284,0.01601787842810154
ea_llm_self_adaptive_api_1365_run2_20260803_180723.json,1365,3,crossover,0,edible_plant_parts,plant anatomy,peel,49,49,True,core,444,0.19229035079479218,peel,49,0.9999999403953552
ea_llm_self_adaptive_api_1365_run2_20260803_180723.json,1365,3,crossover,1,edible_plant_parts,food,vegetable,58,58,True,core,444,0.10990465432405472,peel,49,0.22632046043872833
ea_llm_self_adaptive_api_1365_run2_20260803_180723.json,1365,4,m_mutation,,legume farming,food,lentil,40,40,True,farm,1828,-0.0844041258096695,legume,319,0.28308776021003723
ea_llm_self_adaptive_api_1365_run2_20260803_180723.json,1365,4,s_mutation,,plant surface anatomy,plant anatomy,peel,49,49,True,skin,1099,0.26665207743644714,skin,1099,0.26665207743644714
ea_llm_self_adaptive_api_1365_run2_20260803_180723.json,1365,4,m_mutation,,biological processes,colors,green,62,62,True,growth,3802,0.19004149734973907,growth,3802,0.19004149734973907
ea_llm_self_adaptive_api_1365_run2_20260803_180723.json,1365,4,s_mutation,,seed components,plant parts,seed,145,145,True,pod,995,0.21075241267681122,kernel,610,0.11331522464752197
ea_llm_self_adaptive_api_1365_run2_20260803_180723.json,1365,4,m_mutation,,agricultural outcomes,plant as an action,sow,284,284,True,yield,2217,0.06505908817052841,cultivate,985,0.26152488589286804
ea_llm_self_adaptive_api_1365_run2_20260803_180723.json,1365,4,crossover,0,Plant-Based Food Components,food,lentil,40,40,True,pod,995,0.10236024111509323,peel,49,0.11304764449596405
ea_llm_self_adaptive_api_1365_run2_20260803_180723.json,1365,4,crossover,1,Plant-Based Food Components,plant anatomy,peel,49,49,True,pod,995,0.13396814465522766,peel,49,0.9999999403953552
ea_llm_self_adaptive_api_1365_run2_20260803_180723.json,1365,5,l_mutation,,container types,food,pea,39,39,True,box,27567,-0.049447912722826004,box,27567,-0.049447912722826004
ea_llm_self_adaptive_api_1365_run2_20260803_180723.json,1365,5,m_mutation,,surface characteristics,plant anatomy,peel,49,49,True,sheen,66964,0.12497442215681076,layer,4326,0.28312918543815613
ea_llm_self_adaptive_api_1365_run2_20260803_180723.json,1365,5,m_mutation,,biological vitality and health indicators,colors,green,62,62,True,vitality,26739,0.04887571185827255,vitality,26739,0.04887571185827255
ea_llm_self_adaptive_api_1365_run2_20260803_180723.json,1365,5,l_mutation,,environmental growth factors,plant parts,seed,145,145,True,medium,1663,0.15053264796733856,medium,1663,0.15053264796733856
ea_llm_self_adaptive_api_1365_run2_20260803_180723.json,1365,5,l_mutation,,distribution methods,plant as an action,sow,284,284,True,transport,23608,-0.06377731263637543,transport,23608,-0.06377731263637543
ea_llm_self_adaptive_api_1365_run2_20260803_180723.json,1365,5,crossover,0,Edible Plant Parts,food,pea,39,39,True,core,444,-0.02361321449279785,peel,49,0.12643229961395264
ea_llm_self_adaptive_api_1365_run2_20260803_180723.json,1365,5,crossover,1,Edible Plant Parts,plant anatomy,peel,49,49,True,core,444,0.19229035079479218,peel,49,0.9999999403953552
ea_llm_self_adaptive_api_1365_run2_20260803_180723.json,1365,6,ml_mutation,,plant parts,food,potato,17,17,True,pollen,1893,0.18878336250782013,root,358,0.2993873059749603
ea_llm_self_adaptive_api_1365_run2_20260803_180723.json,1365,6,ml_mutation,,botanical terms,colors,green,62,62,True,flower,526,0.2838975489139557,seed,145,0.23263072967529297
ea_llm_self_adaptive_api_1365_run2_20260803_180723.json,1365,6,m_mutation,,sports terminology,plant parts,seed,145,145,True,seeding,1014,0.40630823373794556,seeding,1014,0.40630823373794556
ea_llm_self_adaptive_api_1365_run2_20260803_180723.json,1365,6,s_mutation,,scattering as an action,plant as an action,sow,284,284,True,scatter,2229,0.18979187309741974,sprinkle,507,0.11436159908771515
ea_llm_self_adaptive_api_1365_run2_20260803_180723.json,1365,6,l_mutation,,ecosystem dynamics,legume farming,legume,319,319,True,ecosystem,64593,0.0676063671708107,nitrogen,3577,0.25852152705192566
ea_llm_self_adaptive_api_1365_run2_20260803_180723.json,1365,6,crossover,0,food_colors,food,potato,17,17,True,orange,128,0.28502529859542847,orange,128,0.28502529859542847
ea_llm_self_adaptive_api_1365_run2_20260803_180723.json,1365,6,crossover,1,food_colors,colors,green,62,62,True,orange,128,0.4806171655654907,orange,128,0.4806171655654907
ea_llm_self_adaptive_api_1365_run2_20260803_180723.json,1365,7,ml_mutation,,plant parts,food,carrot,5,5,True,meristem,3825,-0.009898197837173939,root,358,0.2304311990737915
ea_llm_self_adaptive_api_1365_run2_20260803_180723.json,1365,7,s_mutation,,verdant,colors,green,62,62,True,verdant,10410,0.271777868270874,fresh,572,0.3105912506580353
ea_llm_self_adaptive_api_1365_run2_20260803_180723.json,1365,7,ml_mutation,,plant reproduction terms,plant parts,seed,145,145,True,pollinate,1660,0.07698805630207062,pollinate,1660,0.07698805630207062
ea_llm_self_adaptive_api_1365_run2_20260803_180723.json,1365,7,l_mutation,,formation processes,plant as an action,sow,284,284,True,form,25579,-0.03454572707414627,create,22796,0.16615156829357147
ea_llm_self_adaptive_api_1365_run2_20260803_180723.json,1365,7,ml_mutation,,soil health terminology,legume farming,legume,319,319,True,fertility,12711,0.046623595058918,fertility,12711,0.046623595058918
ea_llm_self_adaptive_api_1365_run2_20260803_180723.json,1365,7,crossover,0,food_colors,food,carrot,5,5,True,blue,6999,0.19073639810085297,orange,128,0.2787133455276489
ea_llm_self_adaptive_api_1365_run2_20260803_180723.json,1365,7,crossover,1,food_colors,colors,green,62,62,True,blue,6999,0.5689186453819275,orange,128,0.4806171655654907
ea_llm_self_adaptive_api_1365_run2_20260803_180723.json,1365,8,l_mutation,,incentive systems,food,carrot,5,5,True,incentive,37924,0.2553305923938751,reward,31986,0.24846206605434418
ea_llm_self_adaptive_api_1365_run2_20260803_180723.json,1365,8,s_mutation,,seedling development,legume farming,sprout,16,16,True,shoot,847,0.05568096041679382,shoot,847,0.05568096041679382
ea_llm_self_adaptive_api_1365_run2_20260803_180723.json,1365,8,ml_mutation,,plant processes,plant parts,seed,145,145,True,germinate,461,0.27671748399734497,sprout,16,0.17760036885738373
ea_llm_self_adaptive_api_1365_run2_20260803_180723.json,1365,8,m_mutation,,olive tree properties,verdant,olive,149,149,True,tree,2368,0.34965595602989197,ripe,377,0.32668158411979675
ea_llm_self_adaptive_api_1365_run2_20260803_180723.json,1365,8,s_mutation,,sowing as a verb,plant as an action,sow,284,284,True,scatter,2229,0.18979187309741974,toss,276,0.027373582124710083
ea_llm_self_adaptive_api_1365_run2_20260803_180723.json,1365,8,crossover,0,legume crops,food,carrot,5,5,True,bean,82,0.33851930499076843,pea,39,0.3360414206981659
ea_llm_self_adaptive_api_1365_run2_20260803_180723.json,1365,8,crossover,1,legume crops,legume farming,sprout,16,16,True,bean,82,0.2826765179634094,pea,39,0.29985085129737854
ea_llm_self_adaptive_api_1365_run2_20260803_180723.json,1365,9,ml_mutation,,plant descriptors,food,carrot,5,5,True,texture,4499,0.1682824194431305,size,1254,0.16500255465507507
ea_llm_self_adaptive_api_1365_run2_20260803_180723.json,1365,9,l_mutation,,natural terrain features,legume farming,sprout,16,16,True,terrain,49776,-0.02013830654323101,topography,44954,0.02020471729338169
ea_llm_self_adaptive_api_1365_run2_20260803_180723.json,1365,9,ml_mutation,,botanical processes,plant parts,seed,145,145,True,germination,1934,0.3543764054775238,sprout,16,0.17760036885738373
ea_llm_self_adaptive_api_1365_run2_20260803_180723.json,1365,9,m_mutation,,olive_tree_attributes,verdant,olive,149,149,True,tree,2368,0.34965595602989197,fruit,498,0.43685925006866455
ea_llm_self_adaptive_api_1365_run2_20260803_180723.json,1365,9,l_mutation,,releasing objects,sowing as a verb,toss,276,276,True,release,46152,-0.004848468117415905,drop,11278,0.18193693459033966
ea_llm_self_adaptive_api_1365_run2_20260803_180723.json,1365,9,crossover,0,legume food,food,carrot,5,5,True,bean,82,0.33851930499076843,lentil,40,0.30029842257499695
ea_llm_self_adaptive_api_1365_run2_20260803_180723.json,1365,9,crossover,1,legume food,legume farming,sprout,16,16,True,bean,82,0.2826765179634094,lentil,40,0.16463492810726166
ea_llm_self_adaptive_api_1365_run2_20260803_180723.json,1365,10,ml_mutation,,plant characteristics,food,carrot,5,5,True,density,37945,-0.03057427518069744,shape,4585,0.14097492396831512
ea_llm_self_adaptive_api_1365_run2_20260803_180723.json,1365,10,ml_mutation,,soil preparation techniques,legume farming,sprout,16,16,True,plow,512,0.18142925202846527,plow,512,0.18142925202846527
ea_llm_self_adaptive_api_1365_run2_20260803_180723.json,1365,10,l_mutation,,natural emergence,botanical processes,sprout,16,16,True,arise,43704,0.22008833289146423,appear,42997,0.16003619134426117
ea_llm_self_adaptive_api_1365_run2_20260803_180723.json,1365,10,s_mutation,,seed components,plant parts,seed,145,145,True,pod,995,0.21075241267681122,kernel,610,0.11331522464752197
ea_llm_self_adaptive_api_1365_run2_20260803_180723.json,1365,10,l_mutation,,geographical features,verdant,olive,149,149,True,landscape,8195,0.116312675178051,landscape,8195,0.116312675178051
ea_llm_self_adaptive_api_1365_run2_20260803_180723.json,1365,10,crossover,0,legume_food,food,carrot,5,5,True,bean,82,0.33851930499076843,lentil,40,0.30029842257499695
ea_llm_self_adaptive_api_1365_run2_20260803_180723.json,1365,10,crossover,1,legume_food,legume farming,sprout,16,16,True,bean,82,0.2826765179634094,lentil,40,0.16463492810726166
ea_llm_self_adaptive_api_1365_run2_20260803_180723.json,1365,11,ml_mutation,,color terms,food,carrot,5,5,True,violet,581,0.1607249677181244,violet,581,0.1607249677181244
ea_llm_self_adaptive_api_1365_run2_20260803_180723.json,1365,11,l_mutation,,nurture processes,legume farming,sprout,16,16,True,nurture,24226,0.20367370545864105,nurture,24226,0.20367370545864105
ea_llm_self_adaptive_api_1365_run2_20260803_180723.json,1365,11,s_mutation,,plant emergence,botanical processes,sprout,16,16,True,shoot,847,0.05568096041679382,shoot,847,0.05568096041679382
ea_llm_self_adaptive_api_1365_run2_20260803_180723.json,1365,11,l_mutation,,interactions,plant parts,seed,145,145,True,interaction,78170,0.013854576274752617,relationship,68692,0.041619859635829926
ea_llm_self_adaptive_api_1365_run2_20260803_180723.json,1365,11,s_mutation,,olive shade variants,verdant,olive,149,149,True,moss,2593,0.1086367592215538,moss,2593,0.1086367592215538
ea_llm_self_adaptive_api_1365_run2_20260803_180723.json,1365,11,crossover,0,legume_crops,food,carrot,5,5,True,legume,319,0.17138715088367462,legume,319,0.17138715088367462
ea_llm_self_adaptive_api_1365_run2_20260803_180723.json,1365,11,crossover,1,legume_crops,legume farming,sprout,16,16,True,legume,319,0.1944633573293686,legume,319,0.1944633573293686
ea_llm_self_adaptive_api_1365_run2_20260803_180723.json,1365,12,s_mutation,,root vegetables,food,carrot,5,5,True,root,358,0.2304311990737915,parsnip,2,0.4583636522293091
ea_llm_self_adaptive_api_1365_run2_20260803_180723.json,1365,12,l_mutation,,natural geography,verdant,celery,12,12,True,valley,19128,-0.010680661536753178,valley,19128,-0.010680661536753178
ea_llm_self_adaptive_api_1365_run2_20260803_180723.json,1365,12,l_mutation,,adaptive processes,legume farming,sprout,16,16,True,evolve,51609,0.30827027559280396,adapt,14811,0.13650667667388916
ea_llm_self_adaptive_api_1365_run2_20260803_180723.json,1365,12,l_mutation,,environmental conditions,botanical processes,sprout,16,16,True,moisture,21038,0.12630820274353027,light,16017,-0.028648942708969116
ea_llm_self_adaptive_api_1365_run2_20260803_180723.json,1365,12,m_mutation,,seed origins and growth processes,plant parts,seed,145,145,True,origin,29628,0.1257489025592804,sprout,16,0.17760036885738373
ea_llm_self_adaptive_api_1365_run2_20260803_180723.json,1365,12,crossover,0,root_foods,root vegetables,parsnip,2,2,True,beet,7,0.2562984228134155,carrot,5,0.4583636522293091
ea_llm_self_adaptive_api_1365_run2_20260803_180723.json,1365,12,crossover,1,root_foods,food,carrot,5,5,True,beet,7,0.3954635262489319,carrot,5,0.9999999403953552
ea_llm_self_adaptive_api_1365_run3_20260724_194909.json,1365,1,m_mutation,,symbolic_meanings,colors,green,62,62,True,fresh,572,0.3105912506580353,fresh,572,0.3105912506580353
ea_llm_self_adaptive_api_1365_run3_20260724_194909.json,1365,1,m_mutation,,round shapes,foods,apple,70,70,True,sphere,55124,-0.004584998823702335,orb,10919,0.04381376877427101
ea_llm_self_adaptive_api_1365_run3_20260724_194909.json,1365,1,l_mutation,,spatial concepts,shapes,cube,80,80,True,space,44418,0.21319608390331268,space,44418,0.21319608390331268
ea_llm_self_adaptive_api_1365_run3_20260724_194909.json,1365,1,s_mutation,,meals,dailyactivities,eat,370,370,True,consume,4162,0.6312645077705383,consume,4162,0.6312645077705383
ea_llm_self_adaptive_api_1365_run3_20260724_194909.json,1365,1,ml_mutation,,ecological_roles,nature,grass,548,548,True,producer,38079,0.04721725732088089,producer,38079,0.04721725732088089
ea_llm_self_adaptive_api_1365_run3_20260724_194909.json,1365,1,crossover,0,color_foods,colors,green,62,62,True,orange,128,0.4806171655654907,green,62,1.0
ea_llm_self_adaptive_api_1365_run3_20260724_194909.json,1365,1,crossover,1,color_foods,foods,apple,70,70,True,orange,128,0.32060179114341736,green,62,0.22390268743038177
ea_llm_self_adaptive_api_1365_run3_20260724_194909.json,1365,2,ml_mutation,,plant characteristics,colors,green,62,62,True,leaf,457,0.3658711016178131,root,358,0.22580237686634064
ea_llm_self_adaptive_api_1365_run3_20260724_194909.json,1365,2,s_mutation,,fruits,foods,apple,70,70,True,banana,221,0.39237499237060547,banana,221,0.39237499237060547
ea_llm_self_adaptive_api_1365_run3_20260724_194909.json,1365,2,s_mutation,,solid forms,shapes,cube,80,80,True,block,56289,0.16544657945632935,prism,10391,0.29088786244392395
ea_llm_self_adaptive_api_1365_run3_20260724_194909.json,1365,2,m_mutation,,transformative_processes,dailyactivities,cook,93,93,True,transform,13731,0.055046722292900085,simmer,183,0.47604668140411377
ea_llm_self_adaptive_api_1365_run3_20260724_194909.json,1365,2,ml_mutation,,growth habits,nature,grass,548,548,True,sprout,16,0.2667318284511566,sprout,16,0.2667318284511566
ea_llm_self_adaptive_api_1365_run3_20260724_194909.json,1365,2,crossover,0,growth_color,growth habits,sprout,16,16,True,vibrant,36946,0.09275516867637634,blooming,608,0.3516264855861664
ea_llm_self_adaptive_api_1365_run3_20260724_194909.json,1365,2,crossover,1,growth_color,colors,green,62,62,True,vibrant,36946,0.24875465035438538,blooming,608,0.11919878423213959
ea_llm_self_adaptive_api_1365_run3_20260724_194909.json,1365,3,ml_mutation,,ecological roles,growth habits,sprout,16,16,True,sustain,61040,0.01847098395228386,cycle,60318,-0.04759269580245018
ea_llm_self_adaptive_api_1365_run3_20260724_194909.json,1365,3,s_mutation,,legumes,foods,lentil,40,40,True,pea,39,0.5041574239730835,pea,39,0.5041574239730835
ea_llm_self_adaptive_api_1365_run3_20260724_194909.json,1365,3,m_mutation,,environmental growth,colors,green,62,62,True,eco,56501,0.2022264450788498,growth,3802,0.19004149734973907
ea_llm_self_adaptive_api_1365_run3_20260724_194909.json,1365,3,ml_mutation,,shape attributes,shapes,cube,80,80,True,symmetry,52012,0.2829928398132324,angularity,49728,0.06339757144451141
ea_llm_self_adaptive_api_1365_run3_20260724_194909.json,1365,3,m_mutation,,methods,dailyactivities,cook,93,93,True,bake,290,0.41398656368255615,roast,96,0.42367351055145264
ea_llm_self_adaptive_api_1365_run3_20260724_194909.json,1365,3,crossover,0,legume_growth,growth habits,sprout,16,16,True,germinate,461,0.40933945775032043,germinate,461,0.40933945775032043
ea_llm_self_adaptive_api_1365_run3_20260724_194909.json,1365,3,crossover,1,legume_growth,legumes,pea,39,39,True,germinate,461,0.1776394098997116,germinate,461,0.1776394098997116
ea_llm_self_adaptive_api_1365_run3_20260724_194909.json,1365,4,ml_mutation,,Botanical Processes,growth habits,sprout,16,16,True,climb,17303,0.01613960787653923,twine,5659,0.15163671970367432
ea_llm_self_adaptive_api_1365_run3_20260724_194909.json,1365,4,l_mutation,,agricultural contexts,legumes,pea,39,39,True,agriculture,15168,-0.01741398498415947,crop,423,0.19931359589099884
ea_llm_self_adaptive_api_1365_run3_20260724_194909.json,1365,4,ml_mutation,,botanical terms,foods,lentil,40,40,True,pod,995,0.10236024111509323,pit,886,0.0052946945652365685
ea_llm_self_adaptive_api_1365_run3_20260724_194909.json,1365,4,m_mutation,,environmental impact,colors,green,62,62,True,sustainable,50664,0.24137616157531738,renewable,28918,0.21421293914318085
ea_llm_self_adaptive_api_1365_run3_20260724_194909.json,1365,4,s_mutation,,boiling techniques,methods,boil,64,64,True,blanch,158,0.46571168303489685,blanch,158,0.46571168303489685
ea_llm_self_adaptive_api_1365_run3_20260724_194909.json,1365,4,crossover,0,legume_growth_processes,growth habits,sprout,16,16,True,germinate,461,0.40933945775032043,sprout,16,1.0
ea_llm_self_adaptive_api_1365_run3_20260724_194909.json,1365,4,crossover,1,legume_growth_processes,legumes,pea,39,39,True,germinate,461,0.1776394098997116,sprout,16,0.29985085129737854
ea_llm_self_adaptive_api_1365_run3_20260724_194909.json,1365,5,m_mutation,,plant texture descriptors,foods,kale,9,9,True,crunchy,204,0.28196170926094055,crunchy,204,0.28196170926094055
ea_llm_self_adaptive_api_1365_run3_20260724_194909.json,1365,5,ml_mutation,,plant descriptors,growth habits,sprout,16,16,True,form,25579,0.034416742622852325,texture,4499,0.14096972346305847
ea_llm_self_adaptive_api_1365_run3_20260724_194909.json,1365,5,l_mutation,,storage,legumes,pea,39,39,True,store,4457,0.013593900017440319,preserve,2062,0.040458232164382935
ea_llm_self_adaptive_api_1365_run3_20260724_194909.json,1365,5,l_mutation,,wellness,colors,green,62,62,True,health,40858,0.17481863498687744,vitality,26739,0.04887571185827255
ea_llm_self_adaptive_api_1365_run3_20260724_194909.json,1365,5,m_mutation,,physical processes,methods,boil,64,64,True,bubble,1910,0.2068558782339096,evaporate,1376,0.3227628767490387
ea_llm_self_adaptive_api_1365_run3_20260724_194909.json,1365,5,crossover,0,agricultural_growth,foods,kale,9,9,True,germinate,461,0.007987381890416145,sprout,16,0.18441295623779297
ea_llm_self_adaptive_api_1365_run3_20260724_194909.json,1365,5,crossover,1,agricultural_growth,growth habits,sprout,16,16,True,germinate,461,0.40933945775032043,sprout,16,1.0
ea_llm_self_adaptive_api_1365_run3_20260724_194909.json,1365,6,l_mutation,,natural environments,foods,beet,7,7,True,valley,19128,0.025836121290922165,valley,19128,0.025836121290922165
ea_llm_self_adaptive_api_1365_run3_20260724_194909.json,1365,6,m_mutation,,Sprout Emergence Mechanics,growth habits,sprout,16,16,True,shoot,847,0.05568096041679382,shoot,847,0.05568096041679382
ea_llm_self_adaptive_api_1365_run3_20260724_194909.json,1365,6,ml_mutation,,plant growth stages,legumes,pea,39,39,True,germinate,461,0.1776394098997116,sprout,16,0.29985085129737854
ea_llm_self_adaptive_api_1365_run3_20260724_194909.json,1365,6,s_mutation,,greens,colors,green,62,62,True,lime,236,0.3207579255104065,lime,236,0.3207579255104065
ea_llm_self_adaptive_api_1365_run3_20260724_194909.json,1365,6,s_mutation,,liquid heat methods,methods,boil,64,64,True,simmer,183,0.7892472147941589,simmer,183,0.7892472147941589
ea_llm_self_adaptive_api_1365_run3_20260724_194909.json,1365,6,crossover,0,food_growth,foods,beet,7,7,True,sprout,16,0.2418551743030548,sprout,16,0.2418551743030548
ea_llm_self_adaptive_api_1365_run3_20260724_194909.json,1365,6,crossover,1,food_growth,growth habits,sprout,16,16,True,sprout,16,1.0,sprout,16,1.0
ea_llm_self_adaptive_api_1365_run3_20260724_194909.json,1365,7,s_mutation,,vegetables,foods,carrot,5,5,True,vegetable,58,0.35797587037086487,vegetable,58,0.35797587037086487
ea_llm_self_adaptive_api_1365_run3_20260724_194909.json,1365,7,l_mutation,,external influences,growth habits,sprout,16,16,True,climate,38694,-0.008426184765994549,water,1136,0.036014530807733536
ea_llm_self_adaptive_api_1365_run3_20260724_194909.json,1365,7,ml_mutation,,plant parts,legumes,pea,39,39,True,stem,452,0.10894820094108582,root,358,0.1395452618598938
ea_llm_self_adaptive_api_1365_run3_20260724_194909.json,1365,7,l_mutation,,natural elements,colors,green,62,62,True,light,16017,0.4096946120262146,stone,1431,0.2782987058162689
ea_llm_self_adaptive_api_1365_run3_20260724_194909.json,1365,7,ml_mutation,,cooking descriptors,methods,boil,64,64,True,tender,484,0.40394216775894165,crispy,180,0.2633434534072876
ea_llm_self_adaptive_api_1365_run3_20260724_194909.json,1365,7,crossover,0,growth_nutrition,foods,carrot,5,5,True,seed,145,0.1951807737350464,seed,145,0.1951807737350464
ea_llm_self_adaptive_api_1365_run3_20260724_194909.json,1365,7,crossover,1,growth_nutrition,growth habits,sprout,16,16,True,seed,145,0.17760036885738373,seed,145,0.17760036885738373
ea_llm_self_adaptive_api_1365_run3_20260724_194909.json,1365,8,m_mutation,,incentives,foods,carrot,5,5,True,incentive,37924,0.2553305923938751,reward,31986,0.24846206605434418
ea_llm_self_adaptive_api_1365_run3_20260724_194909.json,1365,8,ml_mutation,,plant morphology,growth habits,sprout,16,16,True,structure,68082,0.018416190519928932,size,1254,0.02416148968040943
ea_llm_self_adaptive_api_1365_run3_20260724_194909.json,1365,8,ml_mutation,,plant characteristics,vegetables,asparagus,29,29,True,tall,11604,0.12051551789045334,tall,11604,0.12051551789045334
ea_llm_self_adaptive_api_1365_run3_20260724_194909.json,1365,8,l_mutation,,natural environments,legumes,pea,39,39,True,wetland,43415,0.08168665319681168,mountain,20451,0.11797057837247849
ea_llm_self_adaptive_api_1365_run3_20260724_194909.json,1365,8,m_mutation,,heat-induced transformations,methods,saute,54,54,True,crisp,594,0.3362211287021637,crisp,594,0.3362211287021637
ea_llm_self_adaptive_api_1365_run3_20260724_194909.json,1365,8,crossover,0,food_growth_terms,foods,carrot,5,5,True,sprout,16,0.22784456610679626,sprout,16,0.22784456610679626
ea_llm_self_adaptive_api_1365_run3_20260724_194909.json,1365,8,crossover,1,food_growth_terms,growth habits,sprout,16,16,True,sprout,16,1.0,sprout,16,1.0
ea_llm_self_adaptive_api_1365_run3_20260724_194909.json,1365,9,l_mutation,,ecosystems,vegetables,radish,4,4,True,ecosystem,64593,-0.061806872487068176,soil,2402,0.045457325875759125
ea_llm_self_adaptive_api_1365_run3_20260724_194909.json,1365,9,ml_mutation,,plant parts,foods,carrot,5,5,True,root,358,0.2304311990737915,seed,145,0.1951807737350464
ea_llm_self_adaptive_api_1365_run3_20260724_194909.json,1365,9,l_mutation,,emergence phenomena,growth habits,sprout,16,16,True,emergence,53361,0.10092463344335556,appear,42997,0.16003619134426117
ea_llm_self_adaptive_api_1365_run3_20260724_194909.json,1365,9,m_mutation,,substances_used_in_preservation,methods,pickle,32,32,True,brine,3012,0.329012006521225,brine,3012,0.329012006521225
ea_llm_self_adaptive_api_1365_run3_20260724_194909.json,1365,9,ml_mutation,,plant parts,legumes,pea,39,39,True,root,358,0.1395452618598938,seed,145,0.19547416269779205
ea_llm_self_adaptive_api_1365_run3_20260724_194909.json,1365,9,crossover,0,Edible Plant Parts and Vegetables,vegetables,radish,4,4,True,leaf,457,0.18997380137443542,broccoli,18,0.3889298439025879
ea_llm_self_adaptive_api_1365_run3_20260724_194909.json,1365,9,crossover,1,Edible Plant Parts and Vegetables,foods,carrot,5,5,True,leaf,457,0.23185428977012634,broccoli,18,0.4082779884338379
ea_llm_self_adaptive_api_1365_run4_20260725_005857.json,1365,1,s_mutation,,shades,colors,green,62,62,True,olive,149,0.4252302646636963,olive,149,0.4252302646636963
ea_llm_self_adaptive_api_1365_run4_20260725_005857.json,1365,1,s_mutation,,fruits,food,apple,70,70,True,pear,112,0.41169774532318115,pear,112,0.41169774532318115
ea_llm_self_adaptive_api_1365_run4_20260725_005857.json,1365,1,l_mutation,,construction,shapes,cube,80,80,True,beam,22755,0.16068856418132782,brick,20360,0.14441819489002228
ea_llm_self_adaptive_api_1365_run4_20260725_005857.json,1365,1,ml_mutation,,Botanical Terminology,nature,flower,526,526,True,petal,1670,0.4091944396495819,leaf,457,0.44140732288360596
ea_llm_self_adaptive_api_1365_run4_20260725_005857.json,1365,1,s_mutation,,eye_components,body_parts,eye,1283,1283,True,iris,685,0.253207266330719,iris,685,0.253207266330719
ea_llm_self_adaptive_api_1365_run4_20260725_005857.json,1365,1,crossover,0,food_colors,colors,green,62,62,True,orange,128,0.4806171655654907,green,62,1.0
ea_llm_self_adaptive_api_1365_run4_20260725_005857.json,1365,1,crossover,1,food_colors,food,apple,70,70,True,orange,128,0.32060179114341736,green,62,0.22390268743038177
ea_llm_self_adaptive_api_1365_run4_20260725_005857.json,1365,2,m_mutation,,botanical terms,food,vegetable,58,58,True,crop,423,0.3773524761199951,plant,336,0.2912418246269226
ea_llm_self_adaptive_api_1365_run4_20260725_005857.json,1365,2,m_mutation,,health and vitality,colors,green,62,62,True,health,40858,0.17481863498687744,fresh,572,0.3105912506580353
ea_llm_self_adaptive_api_1365_run4_20260725_005857.json,1365,2,s_mutation,,solid forms,shapes,cube,80,80,True,block,56289,0.16544657945632935,prism,10391,0.29088786244392395
ea_llm_self_adaptive_api_1365_run4_20260725_005857.json,1365,2,ml_mutation,,sweet treats,fruits,pear,112,112,True,candy,2049,0.1779048889875412,syrup,703,0.3717762231826782
ea_llm_self_adaptive_api_1365_run4_20260725_005857.json,1365,2,s_mutation,,Plant Reproduction Terms,Botanical Terminology,seed,145,145,True,kernel,610,0.11331522464752197,kernel,610,0.11331522464752197
ea_llm_self_adaptive_api_1365_run4_20260725_005857.json,1365,2,crossover,0,food_colors,food,vegetable,58,58,True,orange,128,0.25530239939689636,green,62,0.2839203178882599
ea_llm_self_adaptive_api_1365_run4_20260725_005857.json,1365,2,crossover,1,food_colors,colors,green,62,62,True,orange,128,0.4806171655654907,green,62,1.0
ea_llm_self_adaptive_api_1365_run4_20260725_005857.json,1365,3,m_mutation,,agricultural environments,food,vegetable,58,58,True,farm,1828,0.3630716800689697,garden,1410,0.42670726776123047
ea_llm_self_adaptive_api_1365_run4_20260725_005857.json,1365,3,ml_mutation,,light properties,colors,green,62,62,True,brightness,45170,0.04344581440091133,saturation,15304,-0.045244939625263214
ea_llm_self_adaptive_api_1365_run4_20260725_005857.json,1365,3,m_mutation,,food preparation methods,shapes,cube,80,80,True,dice,44,0.2638075649738312,dice,44,0.2638075649738312
ea_llm_self_adaptive_api_1365_run4_20260725_005857.json,1365,3,ml_mutation,,plant descriptors,fruits,pear,112,112,True,juicy,3100,0.2997584939002991,fleshy,784,0.21588528156280518
ea_llm_self_adaptive_api_1365_run4_20260725_005857.json,1365,3,ml_mutation,,Agricultural Practices,Botanical Terminology,seed,145,145,True,harvest,458,0.23636721074581146,sow,284,0.18474583327770233
ea_llm_self_adaptive_api_1365_run4_20260725_005857.json,1365,3,crossover,0,cuttable food items,food preparation methods,dice,44,44,True,bread,364,0.22769179940223694,vegetable,58,0.10142630338668823
ea_llm_self_adaptive_api_1365_run4_20260725_005857.json,1365,3,crossover,1,cuttable food items,food,vegetable,58,58,True,bread,364,0.5091169476509094,vegetable,58,0.9999999403953552
ea_llm_self_adaptive_api_1365_run4_20260725_005857.json,1365,4,l_mutation,,manufacturing techniques,food preparation methods,dice,44,44,True,mold,19337,0.17636898159980774,mold,19337,0.17636898159980774
ea_llm_self_adaptive_api_1365_run4_20260725_005857.json,1365,4,m_mutation,,measurement units,shapes,cube,80,80,True,unit,56525,0.12041626125574112,scale,17949,0.06347440928220749
ea_llm_self_adaptive_api_1365_run4_20260725_005857.json,1365,4,ml_mutation,,plant parts,fruits,pear,112,112,True,pulp,1378,0.15770018100738525,peel,49,0.35286325216293335
ea_llm_self_adaptive_api_1365_run4_20260725_005857.json,1365,4,ml_mutation,,Reproductive Biology,Botanical Terminology,seed,145,145,True,germinate,461,0.27671748399734497,germinate,461,0.27671748399734497
ea_llm_self_adaptive_api_1365_run4_20260725_005857.json,1365,4,m_mutation,,Processing,shades,olive,149,149,True,oil,1643,0.3497167229652405,oil,1643,0.3497167229652405
ea_llm_self_adaptive_api_1365_run4_20260725_005857.json,1365,4,crossover,0,plant_preparation,food preparation methods,dice,44,44,True,peel,49,0.28979846835136414,peel,49,0.28979846835136414
ea_llm_self_adaptive_api_1365_run4_20260725_005857.json,1365,4,crossover,1,plant_preparation,plant parts,peel,49,49,True,peel,49,0.9999999403953552,peel,49,0.9999999403953552
ea_llm_self_adaptive_api_1365_run4_20260725_005857.json,1365,5,s_mutation,,texture modification,food preparation methods,mash,30,30,True,blend,8419,0.3076165020465851,pulverize,2479,0.12913574278354645
ea_llm_self_adaptive_api_1365_run4_20260725_005857.json,1365,5,l_mutation,,habitats,plant parts,peel,49,49,True,habitat,69344,0.004914219491183758,biome,30115,-0.013995018787682056
ea_llm_self_adaptive_api_1365_run4_20260725_005857.json,1365,5,m_mutation,,mathematical operations,shapes,cube,80,80,True,exponent,30551,0.15741705894470215,root,358,0.2885116934776306
ea_llm_self_adaptive_api_1365_run4_20260725_005857.json,1365,5,m_mutation,,shapes resembling a pear,fruits,pear,112,112,True,ovoid,2404,0.1617671251296997,ovoid,2404,0.1617671251296997
ea_llm_self_adaptive_api_1365_run4_20260725_005857.json,1365,5,l_mutation,,Natural Events,Botanical Terminology,seed,145,145,True,climate,38694,0.06123795360326767,season,730,0.2323492169380188
ea_llm_self_adaptive_api_1365_run4_20260725_005857.json,1365,5,crossover,0,food_processing_plant_parts,food preparation methods,mash,30,30,True,core,444,-0.023587187752127647,peel,49,0.34684181213378906
ea_llm_self_adaptive_api_1365_run4_20260725_005857.json,1365,5,crossover,1,food_processing_plant_parts,plant parts,peel,49,49,True,core,444,0.19229035079479218,peel,49,0.9999999403953552
ea_llm_self_adaptive_api_1365_run4_20260725_005857.json,1365,6,ml_mutation,,textural descriptors,food preparation methods,mash,30,30,True,creamy,403,0.305558443069458,creamy,403,0.305558443069458
ea_llm_self_adaptive_api_1365_run4_20260725_005857.json,1365,6,m_mutation,,materials that peel,plant parts,peel,49,49,True,paint,10921,0.24704301357269287,paint,10921,0.24704301357269287
ea_llm_self_adaptive_api_1365_run4_20260725_005857.json,1365,6,l_mutation,,geological features,shapes,cube,80,80,True,magma,59244,0.18863894045352936,quartz,9176,0.14997327327728271
ea_llm_self_adaptive_api_1365_run4_20260725_005857.json,1365,6,s_mutation,,pear-related fruits,fruits,pear,112,112,True,quince,451,0.4796803593635559,persimmon,229,0.4148329496383667
ea_llm_self_adaptive_api_1365_run4_20260725_005857.json,1365,6,ml_mutation,,Ecological Interactions,Botanical Terminology,seed,145,145,True,insect,5141,0.21725156903266907,insect,5141,0.21725156903266907
ea_llm_self_adaptive_api_1365_run4_20260725_005857.json,1365,6,crossover,0,food_and_plant_terms,food preparation methods,mash,30,30,True,peel,49,0.34684181213378906,peel,49,0.34684181213378906
ea_llm_self_adaptive_api_1365_run4_20260725_005857.json,1365,6,crossover,1,food_and_plant_terms,plant parts,peel,49,49,True,peel,49,0.9999999403953552,peel,49,0.9999999403953552
ea_llm_self_adaptive_api_1365_run4_20260725_005857.json,1365,7,m_mutation,,textural adjectives,food preparation methods,mash,30,30,True,gritty,23360,0.1500057578086853,lumpy,1032,0.19581663608551025
ea_llm_self_adaptive_api_1365_run4_20260725_005857.json,1365,7,s_mutation,,plant coverings,plant parts,peel,49,49,True,rind,360,0.39370736479759216,rind,360,0.39370736479759216
ea_llm_self_adaptive_api_1365_run4_20260725_005857.json,1365,7,ml_mutation,,geometric features,shapes,cube,80,80,True,dimension,61802,0.28703516721725464,angle,27928,0.19653254747390747
ea_llm_self_adaptive_api_1365_run4_20260725_005857.json,1365,7,l_mutation,,terrain,fruits,pear,112,112,True,slope,,0.10927918553352356,ridge,3187,0.1703191101551056
ea_llm_self_adaptive_api_1365_run4_20260725_005857.json,1365,7,s_mutation,,Seed Development Terms,Botanical Terminology,seed,145,145,True,ovule,17507,0.16285564005374908,pollen,1893,0.2751847505569458
ea_llm_self_adaptive_api_1365_run4_20260725_005857.json,1365,7,crossover,0,Food Preparation and Plant Parts,food preparation methods,mash,30,30,True,peel,49,0.34684181213378906,peel,49,0.34684181213378906
ea_llm_self_adaptive_api_1365_run4_20260725_005857.json,1365,7,crossover,1,Food Preparation and Plant Parts,plant parts,peel,49,49,True,peel,49,0.9999999403953552,peel,49,0.9999999403953552
ea_llm_self_adaptive_api_1365_run4_20260725_005857.json,1365,8,ml_mutation,,food textures,food preparation methods,mash,30,30,True,firm,7008,-0.04441516846418381,tender,484,0.20724204182624817
ea_llm_self_adaptive_api_1365_run4_20260725_005857.json,1365,8,m_mutation,,surface layers,plant parts,peel,49,49,True,crust,534,0.26064541935920715,crust,534,0.26064541935920715
ea_llm_self_adaptive_api_1365_run4_20260725_005857.json,1365,8,ml_mutation,,structural terms,shapes,cube,80,80,True,solid,4878,0.10903158038854599,solid,4878,0.10903158038854599
ea_llm_self_adaptive_api_1365_run4_20260725_005857.json,1365,8,ml_mutation,,plant characteristics,fruits,pear,112,112,True,smooth,11504,0.1740783154964447,soft,4999,0.14899413287639618
ea_llm_self_adaptive_api_1365_run4_20260725_005857.json,1365,8,s_mutation,,Seed Structure,Botanical Terminology,seed,145,145,True,kernel,610,0.11331522464752197,grain,579,0.2704738676548004
ea_llm_self_adaptive_api_1365_run4_20260725_005857.json,1365,8,crossover,0,plant_food_processing,food preparation methods,mash,30,30,True,peel,49,0.34684181213378906,peel,49,0.34684181213378906
ea_llm_self_adaptive_api_1365_run4_20260725_005857.json,1365,8,crossover,1,plant_food_processing,plant parts,peel,49,49,True,peel,49,0.9999999403953552,peel,49,0.9999999403953552
ea_llm_self_adaptive_api_1365_run4_20260725_005857.json,1365,9,l_mutation,,domestic environments,food preparation methods,mash,30,30,True,domestic,14426,-0.05094900354743004,domestic,14426,-0.05094900354743004
ea_llm_self_adaptive_api_1365_run4_20260725_005857.json,1365,9,ml_mutation,,food preparation,plant parts,peel,49,49,True,slice,60,0.4414818286895752,mash,30,0.34684181213378906
ea_llm_self_adaptive_api_1365_run4_20260725_005857.json,1365,9,ml_mutation,,geometric descriptors,shapes,cube,80,80,True,symmetrical,63765,0.22597983479499817,curved,40195,0.2122219055891037
ea_llm_self_adaptive_api_1365_run4_20260725_005857.json,1365,9,l_mutation,,natural resources,fruits,pear,112,112,True,water,1136,0.06322618573904037,water,1136,0.06322618573904037
ea_llm_self_adaptive_api_1365_run4_20260725_005857.json,1365,9,m_mutation,,Starting Points in Various Contexts,Botanical Terminology,seed,145,145,True,source,6837,0.12213783711194992,source,6837,0.12213783711194992
ea_llm_self_adaptive_api_1365_run4_20260725_005857.json,1365,9,crossover,0,Basic Food Preparation Techniques,food preparation methods,mash,30,30,True,mash,30,0.9999998807907104,mash,30,0.9999998807907104
ea_llm_self_adaptive_api_1365_run4_20260725_005857.json,1365,9,crossover,1,Basic Food Preparation Techniques,food preparation,mash,30,30,True,mash,30,0.9999998807907104,mash,30,0.9999998807907104
ea_llm_self_adaptive_api_1365_run4_20260725_005857.json,1365,10,l_mutation,,material consistency properties,food preparation methods,mash,30,30,True,consistency,20553,0.1013144850730896,consistency,20553,0.1013144850730896
ea_llm_self_adaptive_api_1365_run4_20260725_005857.json,1365,10,l_mutation,,tool actions,plant parts,peel,49,49,True,tool,28258,0.02889890968799591,remove,7287,0.3583678901195526
ea_llm_self_adaptive_api_1365_run4_20260725_005857.json,1365,10,s_mutation,,avocado parts,fruits,avocado,78,78,True,flesh,1735,0.29774048924446106,seed,145,0.16981711983680725
ea_llm_self_adaptive_api_1365_run4_20260725_005857.json,1365,10,l_mutation,,artistic forms,shapes,cube,80,80,True,art,52569,0.09327344596385956,sculpture,25031,0.24252761900424957
ea_llm_self_adaptive_api_1365_run4_20260725_005857.json,1365,10,m_mutation,,Initiation Processes,Botanical Terminology,seed,145,145,True,originate,19977,0.0005030763568356633,spawn,5905,0.09542432427406311
ea_llm_self_adaptive_api_1365_run4_20260725_005857.json,1365,10,crossover,0,plant_part_preparation,food preparation methods,mash,30,30,True,peel,49,0.34684181213378906,peel,49,0.34684181213378906
ea_llm_self_adaptive_api_1365_run4_20260725_005857.json,1365,10,crossover,1,plant_part_preparation,plant parts,peel,49,49,True,peel,49,0.9999999403953552,peel,49,0.9999999403953552
ea_llm_self_adaptive_api_1365_run4_20260725_005857.json,1365,11,m_mutation,,textural properties of materials,food preparation methods,mash,30,30,True,spongy,1878,0.13933540880680084,spongy,1878,0.13933540880680084
ea_llm_self_adaptive_api_1365_run4_20260725_005857.json,1365,11,s_mutation,,outer layers of plant structures,plant parts,peel,49,49,True,skin,1099,0.26665207743644714,shell,711,0.05869137495756149
ea_llm_self_adaptive_api_1365_run4_20260725_005857.json,1365,11,ml_mutation,,plant-derived ingredients,fruits,avocado,78,78,True,oil,1643,0.15551885962486267,pulp,1378,0.19193169474601746
ea_llm_self_adaptive_api_1365_run4_20260725_005857.json,1365,11,m_mutation,,metric_units,shapes,cube,80,80,True,unit,56525,0.12041626125574112,crystal,24433,0.24892118573188782
ea_llm_self_adaptive_api_1365_run4_20260725_005857.json,1365,11,l_mutation,,Conservation Practices,Botanical Terminology,seed,145,145,True,storage,24013,0.12516266107559204,storage,24013,0.12516266107559204
ea_llm_self_adaptive_api_1365_run4_20260725_005857.json,1365,11,crossover,0,plant_food_processing,food preparation methods,mash,30,30,True,peel,49,0.34684181213378906,peel,49,0.34684181213378906
ea_llm_self_adaptive_api_1365_run4_20260725_005857.json,1365,11,crossover,1,plant_food_processing,plant parts,peel,49,49,True,peel,49,0.9999999403953552,peel,49,0.9999999403953552
ea_llm_self_adaptive_api_1365_run4_20260725_005857.json,1365,12,m_mutation,,textural properties resulting from mashing,food preparation methods,mash,30,30,True,texture,4499,0.2721104919910431,texture,4499,0.2721104919910431
ea_llm_self_adaptive_api_1365_run4_20260725_005857.json,1365,12,ml_mutation,,botanical terminology,plant parts,peel,49,49,True,skin,1099,0.26665207743644714,skin,1099,0.26665207743644714
ea_llm_self_adaptive_api_1365_run4_20260725_005857.json,1365,12,m_mutation,,plant-based oils,fruits,avocado,78,78,True,oil,1643,0.15551885962486267,cream,262,0.34747418761253357
ea_llm_self_adaptive_api_1365_run4_20260725_005857.json,1365,12,ml_mutation,,geometric properties,shapes,cube,80,80,True,symmetry,52012,0.2829928398132324,proportion,15878,0.05181516706943512
ea_llm_self_adaptive_api_1365_run4_20260725_005857.json,1365,12,s_mutation,,Seed Components and Processes,Botanical Terminology,seed,145,145,True,germ,1724,0.1603526473045349,germ,1724,0.1603526473045349
ea_llm_self_adaptive_api_1365_run4_20260725_005857.json,1365,12,crossover,0,plant_preparation,food preparation methods,mash,30,30,True,core,444,-0.023587187752127647,peel,49,0.34684181213378906
ea_llm_self_adaptive_api_1365_run4_20260725_005857.json,1365,12,crossover,1,plant_preparation,plant parts,peel,49,49,True,core,444,0.19229035079479218,peel,49,0.9999999403953552
ea_llm_self_adaptive_api_1365_run4_20260725_005857.json,1365,13,s_mutation,,Seed Growth and Emergence,Seed Components and Processes,sprout,16,16,True,shoot,847,0.05568096041679382,shoot,847,0.05568096041679382
ea_llm_self_adaptive_api_1365_run4_20260725_005857.json,1365,13,ml_mutation,,texture descriptors,food preparation methods,mash,30,30,True,creamy,403,0.305558443069458,creamy,403,0.305558443069458
ea_llm_self_adaptive_api_1365_run4_20260725_005857.json,1365,13,l_mutation,,natural barriers,plant parts,peel,49,49,True,barrier,59388,0.10516555607318878,barrier,59388,0.10516555607318878
ea_llm_self_adaptive_api_1365_run4_20260725_005857.json,1365,13,ml_mutation,,processed plant foods,fruits,avocado,78,78,True,sauce,256,0.4312269687652588,sauce,256,0.4312269687652588
ea_llm_self_adaptive_api_1365_run4_20260725_005857.json,1365,13,l_mutation,,spatial concepts,shapes,cube,80,80,True,space,44418,0.21319608390331268,space,44418,0.21319608390331268
ea_llm_self_adaptive_api_1365_run4_20260725_005857.json,1365,13,crossover,0,Seed-Related Food Processes,Seed Components and Processes,sprout,16,16,True,grain,579,0.1134219616651535,grain,579,0.1134219616651535
ea_llm_self_adaptive_api_1365_run4_20260725_005857.json,1365,13,crossover,1,Seed-Related Food Processes,food preparation methods,mash,30,30,True,grain,579,0.10943623632192612,grain,579,0.10943623632192612
ea_llm_self_adaptive_api_1365_run4_20260725_005857.json,1365,14,s_mutation,,Early Plant Development Stages,Seed Components and Processes,sprout,16,16,True,shoot,847,0.05568096041679382,shoot,847,0.05568096041679382
ea_llm_self_adaptive_api_1365_run4_20260725_005857.json,1365,14,l_mutation,,physical properties,food preparation methods,mash,30,30,True,texture,4499,0.2721104919910431,texture,4499,0.2721104919910431
ea_llm_self_adaptive_api_1365_run4_20260725_005857.json,1365,14,s_mutation,,legumes,fruits,pea,39,39,True,bean,82,0.46922531723976135,lentil,40,0.5041574239730835
ea_llm_self_adaptive_api_1365_run4_20260725_005857.json,1365,14,l_mutation,,surface properties,plant parts,peel,49,49,True,surface,46799,0.10360602289438248,texture,4499,0.18306688964366913
ea_llm_self_adaptive_api_1365_run4_20260725_005857.json,1365,14,ml_mutation,,geometric properties,shapes,cube,80,80,True,symmetrical,63765,0.22597983479499817,concave,32981,0.28190428018569946
ea_llm_self_adaptive_api_1365_run4_20260725_005857.json,1365,14,crossover,0,Seed-Related Food Prep,Seed Components and Processes,sprout,16,16,True,soak,1006,0.21972589194774628,grain,579,0.1134219616651535
ea_llm_self_adaptive_api_1365_run4_20260725_005857.json,1365,14,crossover,1,Seed-Related Food Prep,food preparation methods,mash,30,30,True,soak,1006,0.2079056203365326,grain,579,0.10943623632192612
ea_llm_self_adaptive_api_1365_run4_20260725_005857.json,1365,15,ml_mutation,,Plant Growth Structures,Seed Components and Processes,sprout,16,16,True,shoot,847,0.05568096041679382,stalk,86,0.3728262186050415
ea_llm_self_adaptive_api_1365_run4_20260725_005857.json,1365,15,l_mutation,,mechanical processes,food preparation methods,mash,30,30,True,pressure,10590,-0.024392452090978622,pressure,10590,-0.024392452090978622
ea_llm_self_adaptive_api_1365_run4_20260725_005857.json,1365,15,l_mutation,,nutrient sources,fruits,pea,39,39,True,mineral,14650,0.07890468090772629,vitamin,2094,0.03973502665758133
ea_llm_self_adaptive_api_1365_run4_20260725_005857.json,1365,15,l_mutation,,agricultural practices,legumes,lentil,40,40,True,farming,1828,0.07197476923465729,farming,1828,0.07197476923465729
ea_llm_self_adaptive_api_1365_run4_20260725_005857.json,1365,15,s_mutation,,outer coverings,plant parts,peel,49,49,True,rind,360,0.39370736479759216,rind,360,0.39370736479759216
ea_llm_self_adaptive_api_1365_run4_20260725_005857.json,1365,15,crossover,0,Seed Preparation and Food Processes,Seed Components and Processes,sprout,16,16,True,soak,1006,0.21972589194774628,sprout,16,1.0
ea_llm_self_adaptive_api_1365_run4_20260725_005857.json,1365,15,crossover,1,Seed Preparation and Food Processes,food preparation methods,mash,30,30,True,soak,1006,0.2079056203365326,sprout,16,0.1596682071685791
ea_llm_self_adaptive_api_1365_run4_20260725_005857.json,1365,16,m_mutation,,Growth Emergence,Seed Components and Processes,sprout,16,16,True,growth,3802,0.07252871990203857,growth,3802,0.07252871990203857
ea_llm_self_adaptive_api_1365_run4_20260725_005857.json,1365,16,s_mutation,,food crushing techniques,food preparation methods,mash,30,30,True,crush,460,0.13514752686023712,crush,460,0.13514752686023712
ea_llm_self_adaptive_api_1365_run4_20260725_005857.json,1365,16,s_mutation,,legumes,fruits,pea,39,39,True,vetch,523,0.33735787868499756,mung,167,0.2248399406671524
ea_llm_self_adaptive_api_1365_run4_20260725_005857.json,1365,16,s_mutation,,pulses,legumes,lentil,40,40,True,pulse,1741,0.10295718908309937,chickpea,48,0.5771974325180054
ea_llm_self_adaptive_api_1365_run4_20260725_005857.json,1365,16,l_mutation,,material finishes,plant parts,peel,49,49,True,gloss,24817,0.13517065346240997,gloss,24817,0.13517065346240997
ea_llm_self_adaptive_api_1365_run4_20260725_005857.json,1365,16,crossover,0,Seed-Related Food Preparation,Seed Components and Processes,sprout,16,16,True,soak,1006,0.21972589194774628,grain,579,0.1134219616651535
ea_llm_self_adaptive_api_1365_run4_20260725_005857.json,1365,16,crossover,1,Seed-Related Food Preparation,food preparation methods,mash,30,30,True,soak,1006,0.2079056203365326,grain,579,0.10943623632192612
ea_llm_self_adaptive_api_1365_run4_20260725_005857.json,1365,17,s_mutation,,Seed Sprouting Processes,Seed Components and Processes,sprout,16,16,True,shoot,847,0.05568096041679382,shoot,847,0.05568096041679382
ea_llm_self_adaptive_api_1365_run4_20260725_005857.json,1365,17,m_mutation,,material consistency after mashing,food preparation methods,mash,30,30,True,texture,4499,0.2721104919910431,mixture,1705,0.370194673538208
ea_llm_self_adaptive_api_1365_run4_20260725_005857.json,1365,17,m_mutation,,legumes,fruits,pea,39,39,True,soybean,329,0.26303917169570923,lentil,40,0.5041574239730835
ea_llm_self_adaptive_api_1365_run4_20260725_005857.json,1365,17,l_mutation,,agricultural environments,legumes,lentil,40,40,True,farm,1828,-0.0844041258096695,water,1136,-0.018712833523750305
ea_llm_self_adaptive_api_1365_run4_20260725_005857.json,1365,17,l_mutation,,storage containers,pulses,chickpea,48,48,True,container,2965,0.02248905412852764,container,2965,0.02248905412852764
ea_llm_self_adaptive_api_1365_run4_20260725_005857.json,1365,17,crossover,0,Seed-Related Food Preparation,Seed Components and Processes,sprout,16,16,True,grain,579,0.1134219616651535,germinate,461,0.40933945775032043
ea_llm_self_adaptive_api_1365_run4_20260725_005857.json,1365,17,crossover,1,Seed-Related Food Preparation,food preparation methods,mash,30,30,True,grain,579,0.10943623632192612,germinate,461,0.06890305131673813
ea_llm_self_adaptive_api_1365_run4_20260725_005857.json,1365,18,ml_mutation,,Plant Growth Stages,Seed Components and Processes,sprout,16,16,True,shoot,847,0.05568096041679382,leaf,457,0.23778556287288666
ea_llm_self_adaptive_api_1365_run4_20260725_005857.json,1365,18,s_mutation,,legumes,fruits,pea,39,39,True,legume,319,0.3382412791252136,legume,319,0.3382412791252136
ea_llm_self_adaptive_api_1365_run4_20260725_005857.json,1365,18,ml_mutation,,plant-based food items,legumes,lentil,40,40,True,cereal,553,0.21430937945842743,seed,145,0.09727727621793747
ea_llm_self_adaptive_api_1365_run4_20260725_005857.json,1365,18,ml_mutation,,plant parts used in cooking,pulses,chickpea,48,48,True,seed,145,0.02030963823199272,seed,145,0.02030963823199272
ea_llm_self_adaptive_api_1365_run4_20260725_005857.json,1365,18,s_mutation,,plant coverings,plant parts,peel,49,49,True,rind,360,0.39370736479759216,rind,360,0.39370736479759216
ea_llm_self_adaptive_api_1365_run4_20260725_005857.json,1365,18,crossover,0,Fruit Preparation Methods,Seed Components and Processes,sprout,16,16,True,dice,44,0.02525467798113823,dice,44,0.02525467798113823
ea_llm_self_adaptive_api_1365_run4_20260725_005857.json,1365,18,crossover,1,Fruit Preparation Methods,fruits,pea,39,39,True,dice,44,0.15682226419448853,dice,44,0.15682226419448853
ea_llm_self_adaptive_api_1365_run4_20260725_005857.json,1365,19,ml_mutation,,Plant Growth Stages,Seed Components and Processes,sprout,16,16,True,shoot,847,0.05568096041679382,root,358,0.188141867518425
ea_llm_self_adaptive_api_1365_run4_20260725_005857.json,1365,19,m_mutation,,legumes and related plant parts,fruits,pea,39,39,True,pod,995,0.3113602101802826,seed,145,0.19547416269779205
ea_llm_self_adaptive_api_1365_run4_20260725_005857.json,1365,19,ml_mutation,,edible plant components,legumes,lentil,40,40,True,seed,145,0.09727727621793747,seed,145,0.09727727621793747
ea_llm_self_adaptive_api_1365_run4_20260725_005857.json,1365,19,ml_mutation,,food processing methods,pulses,chickpea,48,48,True,soak,1006,0.2097870111465454,mash,30,0.18755032122135162
ea_llm_self_adaptive_api_1365_run4_20260725_005857.json,1365,19,ml_mutation,,plant surface descriptors,plant parts,peel,49,49,True,rind,360,0.39370736479759216,rind,360,0.39370736479759216
ea_llm_self_adaptive_api_1365_run4_20260725_005857.json,1365,19,crossover,0,Seed Processing and Food Preparation Methods,Seed Components and Processes,sprout,16,16,True,mash,30,0.1596682071685791,mash,30,0.1596682071685791
ea_llm_self_adaptive_api_1365_run4_20260725_005857.json,1365,19,crossover,1,Seed Processing and Food Preparation Methods,food processing methods,mash,30,30,True,mash,30,0.9999998807907104,mash,30,0.9999998807907104
ea_llm_self_adaptive_api_1365_run4_20260725_005857.json,1365,20,ml_mutation,,Plant Growth Stages,Seed Components and Processes,sprout,16,16,True,shoot,847,0.05568096041679382,root,358,0.188141867518425
ea_llm_self_adaptive_api_1365_run4_20260725_005857.json,1365,20,ml_mutation,,legumes,fruits,pea,39,39,True,broadbean,,,lentil,40,0.5041574239730835
ea_llm_self_adaptive_api_1365_run4_20260725_005857.json,1365,20,s_mutation,,Lentil Crops,legumes,lentil,40,40,True,dal,722,0.19775991141796112,dal,722,0.19775991141796112
ea_llm_self_adaptive_api_1365_run4_20260725_005857.json,1365,20,m_mutation,,culinary_preparation,pulses,chickpea,48,48,True,mash,30,0.18755032122135162,mash,30,0.18755032122135162
ea_llm_self_adaptive_api_1365_run4_20260725_005857.json,1365,20,s_mutation,,plant outer layers,plant parts,peel,49,49,True,crust,534,0.26064541935920715,crust,534,0.26064541935920715
ea_llm_self_adaptive_api_1365_run4_20260725_005857.json,1365,20,crossover,0,culinary_processing_techniques,Seed Components and Processes,sprout,16,16,True,mash,30,0.1596682071685791,mash,30,0.1596682071685791
ea_llm_self_adaptive_api_1365_run4_20260725_005857.json,1365,20,crossover,1,culinary_processing_techniques,culinary_preparation,mash,30,30,True,mash,30,0.9999998807907104,mash,30,0.9999998807907104
ea_llm_self_adaptive_api_1365_run4_20260725_005857.json,1365,21,m_mutation,,botanical emergence,Seed Components and Processes,sprout,16,16,True,evolve,51609,0.30827027559280396,progress,45229,-0.004874513950198889
ea_llm_self_adaptive_api_1365_run4_20260725_005857.json,1365,21,ml_mutation,,vegetables,fruits,pea,39,39,True,carrot,5,0.3360414206981659,carrot,5,0.3360414206981659
ea_llm_self_adaptive_api_1365_run4_20260725_005857.json,1365,21,l_mutation,,Economic Factors,legumes,lentil,40,40,True,trade,43622,-0.18985481560230255,export,7761,-0.04500111937522888
ea_llm_self_adaptive_api_1365_run4_20260725_005857.json,1365,21,m_mutation,,culinary methods involving chickpea,pulses,chickpea,48,48,True,simmer,183,0.17675825953483582,simmer,183,0.17675825953483582
ea_llm_self_adaptive_api_1365_run4_20260725_005857.json,1365,21,s_mutation,,3D solids,shapes,cube,80,80,True,cuboid,5523,0.24690793454647064,cuboid,5523,0.24690793454647064
ea_llm_self_adaptive_api_1365_run4_20260725_005857.json,1365,21,crossover,0,Vegetable Components,vegetables,carrot,5,5,True,cellulose,12255,0.08959205448627472,starch,809,0.2185530960559845
ea_llm_self_adaptive_api_1365_run4_20260725_005857.json,1365,21,crossover,1,Vegetable Components,Seed Components and Processes,sprout,16,16,True,cellulose,12255,0.08272615820169449,starch,809,0.12418730556964874
ea_llm_self_adaptive_api_1365_run4_20260725_005857.json,1365,22,ml_mutation,,plant parts,vegetables,carrot,5,5,True,stem,452,0.11713241040706635,stem,452,0.11713241040706635
ea_llm_self_adaptive_api_1365_run4_20260725_005857.json,1365,22,s_mutation,,Seed Emergence and Growth,Seed Components and Processes,sprout,16,16,True,flower,526,0.27010124921798706,flower,526,0.27010124921798706
ea_llm_self_adaptive_api_1365_run4_20260725_005857.json,1365,22,ml_mutation,,vegetables,fruits,cucumber,19,19,True,beet,7,0.47912824153900146,beet,7,0.47912824153900146
ea_llm_self_adaptive_api_1365_run4_20260725_005857.json,1365,22,m_mutation,,culinary preparations using chickpea,pulses,chickpea,48,48,True,curry,136,0.29860353469848633,curry,136,0.29860353469848633
ea_llm_self_adaptive_api_1365_run4_20260725_005857.json,1365,22,m_mutation,,rigid structures,shapes,cube,80,80,True,rigid,76511,0.05020439252257347,stable,17244,0.010861056856811047
ea_llm_self_adaptive_api_1365_run4_20260725_005857.json,1365,22,crossover,0,Legumes and Seed Vegetables,vegetables,carrot,5,5,True,bean,82,0.33851930499076843,lentil,40,0.30029842257499695
ea_llm_self_adaptive_api_1365_run4_20260725_005857.json,1365,22,crossover,1,Legumes and Seed Vegetables,Seed Components and Processes,sprout,16,16,True,bean,82,0.2826765179634094,lentil,40,0.16463492810726166
ea_llm_self_adaptive_api_1365_run4_20260725_005857.json,1365,23,l_mutation,,Soil Composition and Properties,Seed Emergence and Growth,radish,4,4,True,mud,8217,0.0437217578291893,texture,4499,0.13026964664459229
ea_llm_self_adaptive_api_1365_run4_20260725_005857.json,1365,23,m_mutation,,tapered shapes,vegetables,carrot,5,5,True,tapered,15094,0.10859287530183792,tapered,15094,0.10859287530183792
ea_llm_self_adaptive_api_1365_run4_20260725_005857.json,1365,23,m_mutation,,Plant Development Phases,Seed Components and Processes,sprout,16,16,True,phase,61161,-0.04538698494434357,progress,45229,-0.004874513950198889
ea_llm_self_adaptive_api_1365_run4_20260725_005857.json,1365,23,m_mutation,,non-sweet edible plant products,fruits,cucumber,19,19,True,firm,7008,-0.06742110848426819,sour,288,0.34552228450775146
ea_llm_self_adaptive_api_1365_run4_20260725_005857.json,1365,23,m_mutation,,nutritional components of chickpea,pulses,chickpea,48,48,True,protein,21418,0.08866424113512039,vitamin,2094,0.021427467465400696
ea_llm_self_adaptive_api_1365_run4_20260725_005857.json,1365,23,crossover,0,Seed Vegetables,Seed Emergence and Growth,radish,4,4,True,bean,82,0.3666732609272003,bean,82,0.3666732609272003
ea_llm_self_adaptive_api_1365_run4_20260725_005857.json,1365,23,crossover,1,Seed Vegetables,vegetables,carrot,5,5,True,bean,82,0.33851930499076843,bean,82,0.33851930499076843
ea_llm_self_adaptive_api_1365_run5_20260725_024035.json,1365,1,l_mutation,,NaturalElements,Colors,green,62,62,True,leaf,457,0.3658711016178131,leaf,457,0.3658711016178131
ea_llm_self_adaptive_api_1365_run5_20260725_024035.json,1365,1,ml_mutation,,TypesOfTrees,FoodItems,apple,70,70,True,oak,24481,0.24740488827228546,maple,1336,0.22099268436431885
ea_llm_self_adaptive_api_1365_run5_20260725_024035.json,1365,1,l_mutation,,CulturalTraditions,Activities,cook,93,93,True,ceremony,30854,0.06382464617490768,tradition,18482,0.08978357166051865
ea_llm_self_adaptive_api_1365_run5_20260725_024035.json,1365,1,s_mutation,,EyeComponents,BodyParts,eye,1283,1283,True,pupil,59082,0.228414386510849,iris,685,0.253207266330719
ea_llm_self_adaptive_api_1365_run5_20260725_024035.json,1365,1,ml_mutation,,Fashion Design Elements,Clothing,dress,2119,2119,True,pattern,26710,0.3214470446109772,color,12247,0.3758128881454468
ea_llm_self_adaptive_api_1365_run5_20260725_024035.json,1365,1,crossover,0,color_food,Colors,green,62,62,True,orange,128,0.4806171655654907,apple,70,0.22390268743038177
ea_llm_self_adaptive_api_1365_run5_20260725_024035.json,1365,1,crossover,1,color_food,FoodItems,apple,70,70,True,orange,128,0.32060179114341736,apple,70,0.9999999403953552
ea_llm_self_adaptive_api_1365_run5_20260725_024035.json,1365,2,m_mutation,,Environmental Factors,Colors,green,62,62,True,environment,65313,0.2416277974843979,fresh,572,0.3105912506580353
ea_llm_self_adaptive_api_1365_run5_20260725_024035.json,1365,2,l_mutation,,Agriculture,FoodItems,apple,70,70,True,farm,1828,0.2349969446659088,crop,423,0.2847856879234314
ea_llm_self_adaptive_api_1365_run5_20260725_024035.json,1365,2,s_mutation,,Culinary Actions,Activities,cook,93,93,True,bake,290,0.41398656368255615,simmer,183,0.47604668140411377
ea_llm_self_adaptive_api_1365_run5_20260725_024035.json,1365,2,l_mutation,,Development,NaturalElements,root,358,358,True,development,68104,0.1514415293931961,progress,45229,0.14132358133792877
ea_llm_self_adaptive_api_1365_run5_20260725_024035.json,1365,2,ml_mutation,,OpticalPhenomena,EyeComponents,iris,685,685,True,refraction,29403,0.05655387416481972,refraction,29403,0.05655387416481972
ea_llm_self_adaptive_api_1365_run5_20260725_024035.json,1365,2,crossover,0,Common Colors and Foods,Colors,green,62,62,True,orange,128,0.4806171655654907,apple,70,0.22390268743038177
ea_llm_self_adaptive_api_1365_run5_20260725_024035.json,1365,2,crossover,1,Common Colors and Foods,FoodItems,apple,70,70,True,orange,128,0.32060179114341736,apple,70,0.9999999403953552
ea_llm_self_adaptive_api_1365_run5_20260725_024035.json,1365,3,l_mutation,,Materials,Colors,green,62,62,True,stone,1431,0.2782987058162689,stone,1431,0.2782987058162689
ea_llm_self_adaptive_api_1365_run5_20260725_024035.json,1365,3,m_mutation,,Emotional Agitation,Culinary Actions,boil,64,64,True,anger,12382,0.18671327829360962,anger,12382,0.18671327829360962
ea_llm_self_adaptive_api_1365_run5_20260725_024035.json,1365,3,m_mutation,,TechnologyBrands,FoodItems,apple,70,70,True,mac,,0.45035243034362793,,,
ea_llm_self_adaptive_api_1365_run5_20260725_024035.json,1365,3,l_mutation,,Locations,Activities,cook,93,93,True,kitchen,11645,0.42816317081451416,kitchen,11645,0.42816317081451416
ea_llm_self_adaptive_api_1365_run5_20260725_024035.json,1365,3,l_mutation,,Ecosystem,Agriculture,plant,336,336,True,ecosystem,64593,0.24099953472614288,biome,30115,0.04062845930457115
ea_llm_self_adaptive_api_1365_run5_20260725_024035.json,1365,3,crossover,0,Culinary Colors,Colors,green,62,62,True,chop,75,0.13456963002681732,chop,75,0.13456963002681732
ea_llm_self_adaptive_api_1365_run5_20260725_024035.json,1365,3,crossover,1,Culinary Colors,Culinary Actions,boil,64,64,True,chop,75,0.30760565400123596,chop,75,0.30760565400123596
ea_llm_self_adaptive_api_1365_run5_20260725_024035.json,1365,4,m_mutation,,Geometric shapes in games,Culinary Actions,dice,44,44,True,cube,80,0.2638075649738312,cube,80,0.2638075649738312
ea_llm_self_adaptive_api_1365_run5_20260725_024035.json,1365,4,l_mutation,,Perceptions,Colors,green,62,62,True,sight,32329,0.18052874505519867,sound,12203,0.21782660484313965
ea_llm_self_adaptive_api_1365_run5_20260725_024035.json,1365,4,l_mutation,,Tools,Activities,cook,93,93,True,spoon,783,0.4071137011051178,spoon,783,0.4071137011051178
ea_llm_self_adaptive_api_1365_run5_20260725_024035.json,1365,4,s_mutation,,Seed Components,Agriculture,seed,145,145,True,kernel,610,0.11331522464752197,kernel,610,0.11331522464752197
ea_llm_self_adaptive_api_1365_run5_20260725_024035.json,1365,4,ml_mutation,,Botanical Terminology,NaturalElements,herb,340,340,True,bark,2027,0.21199090778827667,stem,452,0.28286993503570557
ea_llm_self_adaptive_api_1365_run5_20260725_024035.json,1365,4,crossover,0,Culinary Colors,Culinary Actions,dice,44,44,True,chop,75,0.3258092999458313,chop,75,0.3258092999458313
ea_llm_self_adaptive_api_1365_run5_20260725_024035.json,1365,4,crossover,1,Culinary Colors,Colors,green,62,62,True,chop,75,0.13456963002681732,chop,75,0.13456963002681732
ea_llm_self_adaptive_api_1365_run5_20260725_024035.json,1365,5,ml_mutation,,Texture Descriptors,Culinary Actions,mash,30,30,True,smooth,11504,0.1506536304950714,creamy,403,0.305558443069458
ea_llm_self_adaptive_api_1365_run5_20260725_024035.json,1365,5,l_mutation,,Building Components,Geometric shapes in games,cube,80,80,True,building,66187,0.0655071884393692,building,66187,0.0655071884393692
ea_llm_self_adaptive_api_1365_run5_20260725_024035.json,1365,5,ml_mutation,,Culinary Elements,Activities,cook,93,93,True,flavor,1168,0.29096880555152893,spice,237,0.307883620262146
ea_llm_self_adaptive_api_1365_run5_20260725_024035.json,1365,5,s_mutation,,Germination,Agriculture,seed,145,145,True,germ,1724,0.1603526473045349,kernel,610,0.11331522464752197
ea_llm_self_adaptive_api_1365_run5_20260725_024035.json,1365,5,m_mutation,,MedicinalApplications,NaturalElements,herb,340,340,True,remedy,5790,0.09500785171985626,extract,1726,0.19401155412197113
ea_llm_self_adaptive_api_1365_run5_20260725_024035.json,1365,5,crossover,0,Culinary Actions and Geometric Shapes in Games,Culinary Actions,mash,30,30,True,dice,44,0.22457437217235565,dice,44,0.22457437217235565
ea_llm_self_adaptive_api_1365_run5_20260725_024035.json,1365,5,crossover,1,Culinary Actions and Geometric Shapes in Games,Geometric shapes in games,cube,80,80,True,dice,44,0.2638075649738312,dice,44,0.2638075649738312
ea_llm_self_adaptive_api_1365_run5_20260725_024035.json,1365,6,m_mutation,,Industrial Processing Techniques,Culinary Actions,mash,30,30,True,grind,2328,0.2730506658554077,crush,460,0.13514752686023712
ea_llm_self_adaptive_api_1365_run5_20260725_024035.json,1365,6,ml_mutation,,Culinary Techniques,Activities,cook,93,93,True,peel,49,0.35945138335227966,mash,30,0.23418410122394562
ea_llm_self_adaptive_api_1365_run5_20260725_024035.json,1365,6,l_mutation,,Biological Systems,Agriculture,seed,145,145,True,organism,61851,0.1273978054523468,enzyme,10173,-0.012598257511854172
ea_llm_self_adaptive_api_1365_run5_20260725_024035.json,1365,6,m_mutation,,Auditory Characteristics of Food,Texture Descriptors,crispy,180,180,True,crunch,1416,0.1798323392868042,crunch,1416,0.1798323392868042
ea_llm_self_adaptive_api_1365_run5_20260725_024035.json,1365,6,s_mutation,,Flavor Enhancers,Culinary Elements,spice,237,237,True,herb,340,0.19595171511173248,herb,340,0.19595171511173248
ea_llm_self_adaptive_api_1365_run5_20260725_024035.json,1365,6,crossover,0,Culinary Techniques and Actions,Culinary Actions,mash,30,30,True,mash,30,0.9999998807907104,mash,30,0.9999998807907104
ea_llm_self_adaptive_api_1365_run5_20260725_024035.json,1365,6,crossover,1,Culinary Techniques and Actions,Culinary Techniques,mash,30,30,True,mash,30,0.9999998807907104,mash,30,0.9999998807907104
ea_llm_self_adaptive_api_1365_run5_20260725_024035.json,1365,7,ml_mutation,,Texture Descriptors,Culinary Actions,mash,30,30,True,soft,4999,0.1151939108967781,tender,484,0.20724204182624817
ea_llm_self_adaptive_api_1365_run5_20260725_024035.json,1365,7,ml_mutation,,Food,Activities,cook,93,93,True,soup,148,0.4155142307281494,stew,94,0.43315818905830383
ea_llm_self_adaptive_api_1365_run5_20260725_024035.json,1365,7,l_mutation,,Trade Networks,Culinary Elements,pepper,100,100,True,trade,43622,0.025049284100532532,market,13061,0.0773504301905632
ea_llm_self_adaptive_api_1365_run5_20260725_024035.json,1365,7,ml_mutation,,Cooking Techniques,Flavor Enhancers,broth,140,140,True,grill,271,0.33951956033706665,steam,109,0.10448785871267319
ea_llm_self_adaptive_api_1365_run5_20260725_024035.json,1365,7,m_mutation,,Biological growth stages,Agriculture,seed,145,145,True,sprout,16,0.17760036885738373,sprout,16,0.17760036885738373
ea_llm_self_adaptive_api_1365_run5_20260725_024035.json,1365,7,crossover,0,Culinary Growth Processes,Biological growth stages,sprout,16,16,True,sprout,16,1.0,sprout,16,1.0
ea_llm_self_adaptive_api_1365_run5_20260725_024035.json,1365,7,crossover,1,Culinary Growth Processes,Culinary Actions,mash,30,30,True,sprout,16,0.1596682071685791,sprout,16,0.1596682071685791
ea_llm_self_adaptive_api_1365_run5_20260725_024035.json,1365,8,l_mutation,,Human Behavior Patterns,Biological growth stages,sprout,16,16,True,behavior,75300,-0.06309720873832703,pattern,26710,0.03572429344058037
ea_llm_self_adaptive_api_1365_run5_20260725_024035.json,1365,8,m_mutation,,Natural Emergence Processes,Culinary Growth Processes,sprout,16,16,True,shoot,847,0.05568096041679382,blossom,728,0.30829745531082153
ea_llm_self_adaptive_api_1365_run5_20260725_024035.json,1365,8,ml_mutation,,plant growth characteristics,Food,pea,39,39,True,annual,497,-0.030769430100917816,annual,497,-0.030769430100917816
ea_llm_self_adaptive_api_1365_run5_20260725_024035.json,1365,8,m_mutation,,slow cooking vessels,Cooking Techniques,braise,81,81,True,cover,3622,0.09160660207271576,simmer,183,0.49824613332748413
ea_llm_self_adaptive_api_1365_run5_20260725_024035.json,1365,8,s_mutation,,Culinary Actions,Activities,cook,93,93,True,stir,474,0.5072330832481384,mash,30,0.23418410122394562
ea_llm_self_adaptive_api_1365_run5_20260725_024035.json,1365,8,crossover,0,Culinary-Biological Growth Processes,Biological growth stages,sprout,16,16,True,sprout,16,1.0,sprout,16,1.0
ea_llm_self_adaptive_api_1365_run5_20260725_024035.json,1365,8,crossover,1,Culinary-Biological Growth Processes,Culinary Growth Processes,sprout,16,16,True,sprout,16,1.0,sprout,16,1.0
ea_llm_self_adaptive_api_1365_run5_20260725_024035.json,1365,9,ml_mutation,,Auditory Descriptors,Food,carrot,5,5,True,hiss,7448,-0.037487637251615524,hiss,7448,-0.037487637251615524
ea_llm_self_adaptive_api_1365_run5_20260725_024035.json,1365,9,l_mutation,,Environmental Conditions,Biological growth stages,sprout,16,16,True,climate,38694,-0.008426184765994549,temperature,31666,2.57191204582341e-05
ea_llm_self_adaptive_api_1365_run5_20260725_024035.json,1365,9,s_mutation,,Culinary Germination Processes,Culinary Growth Processes,sprout,16,16,True,germinate,461,0.40933945775032043,germinate,461,0.40933945775032043
ea_llm_self_adaptive_api_1365_run5_20260725_024035.json,1365,9,m_mutation,,Texture Enhancement,Cooking Techniques,braise,81,81,True,moist,3244,0.08859847486019135,moist,3244,0.08859847486019135
ea_llm_self_adaptive_api_1365_run5_20260725_024035.json,1365,9,m_mutation,,Culinary Tools,Activities,cook,93,93,True,knife,3150,0.2255547195672989,spoon,783,0.4071137011051178
ea_llm_self_adaptive_api_1365_run5_20260725_024035.json,1365,9,crossover,0,Edible Growth Stages,Food,carrot,5,5,True,sprout,16,0.22784456610679626,sprout,16,0.22784456610679626
ea_llm_self_adaptive_api_1365_run5_20260725_024035.json,1365,9,crossover,1,Edible Growth Stages,Biological growth stages,sprout,16,16,True,sprout,16,1.0,sprout,16,1.0
ea_llm_self_adaptive_api_1365_run5_20260725_024035.json,1365,10,s_mutation,,Root Vegetables,Food,carrot,5,5,True,turnip,1,0.43902096152305603,turnip,1,0.43902096152305603
ea_llm_self_adaptive_api_1372_run1_20260722_173926.json,1372,1,ml_mutation,,visual descriptors,colors,blue,36,36,True,bright,1004,0.5957066416740417,bright,1004,0.5957066416740417
ea_llm_self_adaptive_api_1372_run1_20260722_173926.json,1372,1,m_mutation,,objects used in play,activities,play,64,64,True,toy,3022,0.14944395422935486,puzzle,2139,0.23446595668792725
ea_llm_self_adaptive_api_1372_run1_20260722_173926.json,1372,1,s_mutation,,affection,emotions,love,167,167,True,affection,2992,0.5818217992782593,tenderness,1683,0.26610755920410156
ea_llm_self_adaptive_api_1372_run1_20260722_173926.json,1372,1,s_mutation,,teaching methods,education,learning,479,479,True,teaching,1013,0.6573553681373596,instruction,884,0.5245619416236877
ea_llm_self_adaptive_api_1372_run1_20260722_173926.json,1372,1,l_mutation,,gestures,body_parts,hand,691,691,True,gesture,791,0.34976309537887573,motion,281,0.3095783293247223
ea_llm_self_adaptive_api_1372_run1_20260722_173926.json,1372,1,crossover,0,color_activities,colors,blue,36,36,True,paint,6414,0.3703865706920624,draw,2130,0.13779933750629425
ea_llm_self_adaptive_api_1372_run1_20260722_173926.json,1372,1,crossover,1,color_activities,activities,play,64,64,True,paint,6414,0.11906111985445023,draw,2130,0.4393468201160431
ea_llm_self_adaptive_api_1372_run1_20260722_173926.json,1372,2,l_mutation,,natural elements,colors,blue,36,36,True,water,2354,0.26527470350265503,stone,2104,0.20715057849884033
ea_llm_self_adaptive_api_1372_run1_20260722_173926.json,1372,2,ml_mutation,,verbs,activities,dance,40,40,True,leap,1974,0.20373620092868805,jump,922,0.2940649390220642
ea_llm_self_adaptive_api_1372_run1_20260722_173926.json,1372,2,ml_mutation,,locomotion,gestures,movement,108,108,True,gait,457,0.1010223850607872,stride,237,0.06926833093166351
ea_llm_self_adaptive_api_1372_run1_20260722_173926.json,1372,2,ml_mutation,,social bonds,emotions,love,167,167,True,bond,5893,0.1998254358768463,trust,2851,0.2844618260860443
ea_llm_self_adaptive_api_1372_run1_20260722_173926.json,1372,2,l_mutation,,atmospheric conditions,visual descriptors,muted,335,335,True,fog,8879,0.0941496193408966,mist,5008,0.0841430127620697
ea_llm_self_adaptive_api_1372_run1_20260722_173926.json,1372,2,crossover,0,color activities,colors,blue,36,36,True,dye,16687,0.288086473941803,draw,2130,0.13779933750629425
ea_llm_self_adaptive_api_1372_run1_20260722_173926.json,1372,2,crossover,1,color activities,activities,dance,40,40,True,dye,16687,-0.003553873859345913,draw,2130,0.1843145787715912
ea_llm_self_adaptive_api_1372_run1_20260722_173926.json,1372,3,l_mutation,,natural_formations,colors,blue,36,36,True,sand,3630,0.2805189788341522,sand,3630,0.2805189788341522
ea_llm_self_adaptive_api_1372_run1_20260722_173926.json,1372,3,s_mutation,,routines,activities,dance,40,40,True,gig,2072,0.2634141743183136,routine,631,0.31572481989860535
ea_llm_self_adaptive_api_1372_run1_20260722_173926.json,1372,3,l_mutation,,spatial_relations,gestures,movement,108,108,True,orientation,5985,0.2911003828048706,arrangement,197,0.16186729073524475
ea_llm_self_adaptive_api_1372_run1_20260722_173926.json,1372,3,s_mutation,,affectionate emotions,emotions,love,167,167,True,adoration,14711,0.2603650689125061,fondness,3814,0.34956127405166626
ea_llm_self_adaptive_api_1372_run1_20260722_173926.json,1372,3,ml_mutation,,movement descriptors,locomotion,move,183,183,True,glide,1646,0.0863736942410469,roll,675,0.2756744921207428
ea_llm_self_adaptive_api_1372_run1_20260722_173926.json,1372,3,crossover,0,color_activity,colors,blue,36,36,True,dye,16687,0.288086473941803,draw,2130,0.13779933750629425
ea_llm_self_adaptive_api_1372_run1_20260722_173926.json,1372,3,crossover,1,color_activity,activities,dance,40,40,True,dye,16687,-0.003553873859345913,draw,2130,0.1843145787715912
ea_llm_self_adaptive_api_1372_run1_20260722_173926.json,1372,4,s_mutation,,deep shades,colors,blue,36,36,True,navy,14354,0.24397791922092438,navy,14354,0.24397791922092438
ea_llm_self_adaptive_api_1372_run1_20260722_173926.json,1372,4,l_mutation,,rhythm,activities,dance,40,40,True,beat,38,0.25555017590522766,tempo,3,0.2379925400018692
ea_llm_self_adaptive_api_1372_run1_20260722_173926.json,1372,4,ml_mutation,,body orientation,gestures,movement,108,108,True,balance,178,0.25045183300971985,balance,178,0.25045183300971985
ea_llm_self_adaptive_api_1372_run1_20260722_173926.json,1372,4,m_mutation,,biological basis of love,emotions,love,167,167,True,hormone,5992,0.08000070601701736,touch,287,0.4014741778373718
ea_llm_self_adaptive_api_1372_run1_20260722_173926.json,1372,4,m_mutation,,changes in position or direction,locomotion,move,183,183,True,shift,428,0.510131299495697,pace,37,0.2964208424091339
ea_llm_self_adaptive_api_1372_run1_20260722_173926.json,1372,4,crossover,0,color rhythm,rhythm,tempo,3,3,True,beat,38,0.21270056068897247,beat,38,0.21270056068897247
ea_llm_self_adaptive_api_1372_run1_20260722_173926.json,1372,4,crossover,1,color rhythm,colors,blue,36,36,True,beat,38,0.19882962107658386,beat,38,0.19882962107658386
ea_llm_self_adaptive_api_1372_run2_20260722_181616.json,1372,1,ml_mutation,,emotions,colors,blue,36,36,True,fear,2330,0.1418708860874176,love,167,0.2455885410308838
ea_llm_self_adaptive_api_1372_run2_20260722_181616.json,1372,1,l_mutation,,scenarios,activities,play,64,64,True,scenario,6269,0.25692018866539,setting,363,0.2958596646785736
ea_llm_self_adaptive_api_1372_run2_20260722_181616.json,1372,1,s_mutation,,affectionate feelings,emotions,love,167,167,True,affection,2992,0.5818217992782593,devotion,1849,0.4835405647754669
ea_llm_self_adaptive_api_1372_run2_20260722_181616.json,1372,1,l_mutation,,cosmic events,seasons,time,284,284,True,comet,13630,0.09410063922405243,comet,13630,0.09410063922405243
ea_llm_self_adaptive_api_1372_run2_20260722_181616.json,1372,1,m_mutation,,moral correctness,directions,right,399,399,True,just,,0.5875281095504761,good,228,0.5380474925041199
ea_llm_self_adaptive_api_1372_run2_20260722_181616.json,1372,1,crossover,0,color_activity,colors,blue,36,36,True,paint,6414,0.3703865706920624,paint,6414,0.3703865706920624
ea_llm_self_adaptive_api_1372_run2_20260722_181616.json,1372,1,crossover,1,color_activity,activities,play,64,64,True,paint,6414,0.11906111985445023,paint,6414,0.11906111985445023
ea_llm_self_adaptive_api_1372_run2_20260722_181616.json,1372,2,m_mutation,,natural_elements_with_blue,colors,blue,36,36,True,sky,1521,0.5000497698783875,sky,1521,0.5000497698783875
ea_llm_self_adaptive_api_1372_run2_20260722_181616.json,1372,2,l_mutation,,symbols,activities,play,64,64,True,symbol,2809,0.06351222097873688,symbol,2809,0.06351222097873688
ea_llm_self_adaptive_api_1372_run2_20260722_181616.json,1372,2,m_mutation,,Interpersonal Commitments,emotions,love,167,167,True,commitment,1826,0.310787558555603,connection,1681,0.26004713773727417
ea_llm_self_adaptive_api_1372_run2_20260722_181616.json,1372,2,ml_mutation,,moral descriptors,moral correctness,good,228,228,True,honesty,1813,0.3118073046207428,honesty,1813,0.3118073046207428
ea_llm_self_adaptive_api_1372_run2_20260722_181616.json,1372,2,s_mutation,,temporal markers,seasons,time,284,284,True,era,1211,0.3451079726219177,moment,318,0.5444750785827637
ea_llm_self_adaptive_api_1372_run2_20260722_181616.json,1372,2,crossover,0,color_actions,colors,blue,36,36,True,paint,6414,0.3703865706920624,shade,3952,0.3462561368942261
ea_llm_self_adaptive_api_1372_run2_20260722_181616.json,1372,2,crossover,1,color_actions,activities,play,64,64,True,paint,6414,0.11906111985445023,shade,3952,0.12490221858024597
ea_llm_self_adaptive_api_1372_run2_20260722_181616.json,1372,3,l_mutation,,glass objects,colors,blue,36,36,True,glass,6798,0.32411858439445496,jar,800,0.11125412583351135
ea_llm_self_adaptive_api_1372_run2_20260722_181616.json,1372,3,ml_mutation,,art forms,activities,dance,40,40,True,music,17,0.6395720839500427,music,17,0.6395720839500427
ea_llm_self_adaptive_api_1372_run2_20260722_181616.json,1372,3,m_mutation,,mental states,emotions,mood,79,79,True,state,4118,0.07892118394374847,condition,1775,0.23940184712409973
ea_llm_self_adaptive_api_1372_run2_20260722_181616.json,1372,3,l_mutation,,existential concepts,moral correctness,good,228,228,True,existence,3095,0.21908481419086456,meaning,294,0.35123008489608765
ea_llm_self_adaptive_api_1372_run2_20260722_181616.json,1372,3,m_mutation,,measurement of time,seasons,time,284,284,True,measure,1996,0.3421538174152374,track,52,0.37930068373680115
ea_llm_self_adaptive_api_1372_run2_20260722_181616.json,1372,3,crossover,0,art_colors,art forms,music,17,17,True,blue,36,0.18392398953437805,blue,36,0.18392398953437805
ea_llm_self_adaptive_api_1372_run2_20260722_181616.json,1372,3,crossover,1,art_colors,colors,blue,36,36,True,blue,36,1.0000001192092896,blue,36,1.0000001192092896
ea_llm_self_adaptive_api_1372_run2_20260722_181616.json,1372,4,m_mutation,,Musical Elements,art forms,music,17,17,True,sound,21,0.53276526927948,rhythm,1,0.4322565793991089
ea_llm_self_adaptive_api_1372_run3_20260722_184837.json,1372,1,m_mutation,,structure of sound sequences,music,melody,2,2,True,pattern,185,0.24825914204120636,flow,132,0.13920046389102936
ea_llm_self_adaptive_api_1372_run3_20260722_184837.json,1372,1,m_mutation,,temperature-related terms,colors,blue,36,36,True,cool,570,0.2093290537595749,cool,570,0.2093290537595749
ea_llm_self_adaptive_api_1372_run3_20260722_184837.json,1372,1,l_mutation,,creative exploration,sports,play,64,64,True,story,613,0.31558170914649963,dream,449,0.3307228684425354
ea_llm_self_adaptive_api_1372_run3_20260722_184837.json,1372,1,s_mutation,,elated emotions,emotions,joy,286,286,True,delight,876,0.6189818978309631,delight,876,0.6189818978309631
ea_llm_self_adaptive_api_1372_run3_20260722_184837.json,1372,1,ml_mutation,,celestial terms,time,night,687,687,True,star,2585,0.34383198618888855,moon,1135,0.2740187644958496
ea_llm_self_adaptive_api_1372_run3_20260722_184837.json,1372,1,crossover,0,color_sound,music,melody,2,2,True,tone,34,0.39472174644470215,chord,13,0.4725796580314636
ea_llm_self_adaptive_api_1372_run3_20260722_184837.json,1372,1,crossover,1,color_sound,colors,blue,36,36,True,tone,34,0.22356848418712616,chord,13,0.05555595085024834
ea_llm_self_adaptive_api_1372_run4_20260722_191242.json,1372,1,s_mutation,,specific shades of blue,colors,blue,36,36,True,azure,12687,0.27983537316322327,azure,12687,0.27983537316322327
ea_llm_self_adaptive_api_1372_run4_20260722_191242.json,1372,1,s_mutation,,dance_moves,activities,dance,40,40,True,prance,19092,0.12226853519678116,waltz,135,0.354830801486969
ea_llm_self_adaptive_api_1372_run4_20260722_191242.json,1372,1,l_mutation,,relationships,emotions,love,167,167,True,bond,5893,0.1998254358768463,respect,1141,0.4230518639087677
ea_llm_self_adaptive_api_1372_run4_20260722_191242.json,1372,1,ml_mutation,,time descriptors,seasons,time,284,284,True,moment,318,0.5444750785827637,moment,318,0.5444750785827637
ea_llm_self_adaptive_api_1372_run4_20260722_191242.json,1372,1,s_mutation,,Nocturnal Periods,time,night,687,687,True,twilight,3978,0.3029026985168457,midnight,1412,0.596106767654419
ea_llm_self_adaptive_api_1372_run4_20260722_191242.json,1372,1,crossover,0,color_actions,colors,blue,36,36,True,paint,6414,0.3703865706920624,draw,2130,0.13779933750629425
ea_llm_self_adaptive_api_1372_run4_20260722_191242.json,1372,1,crossover,1,color_actions,activities,dance,40,40,True,paint,6414,0.11762569099664688,draw,2130,0.1843145787715912
ea_llm_self_adaptive_api_1372_run4_20260722_191242.json,1372,2,m_mutation,,music_terms,colors,blue,36,36,True,note,259,0.21634911000728607,melody,2,0.1551835685968399
ea_llm_self_adaptive_api_1372_run4_20260722_191242.json,1372,2,m_mutation,,Rhythmic Cultural Practices,activities,dance,40,40,True,rhythm,1,0.4129577577114105,rhythm,1,0.4129577577114105
ea_llm_self_adaptive_api_1384_run1_20260728_223943.json,1384,1,ml_mutation,,communication methods,verbs,talk,32,32,True,speak,1805,0.5596933364868164,discuss,576,0.540518581867218
ea_llm_self_adaptive_api_1384_run1_20260728_223943.json,1384,1,m_mutation,,forms of relational care,emotions,love,164,164,True,care,1278,0.27297893166542053,care,1278,0.27297893166542053
ea_llm_self_adaptive_api_1384_run1_20260728_223943.json,1384,1,s_mutation,,reading_actions,dailyactivities,read,222,222,True,scan,1593,0.25657370686531067,scan,1593,0.25657370686531067
ea_llm_self_adaptive_api_1384_run1_20260728_223943.json,1384,1,s_mutation,,mother,familymembers,mom,450,450,True,mother,450,0.6518204212188721,mother,450,0.6518204212188721
ea_llm_self_adaptive_api_1384_run1_20260728_223943.json,1384,1,l_mutation,,geographical_features,timeconcepts,week,611,611,True,island,10636,0.28118735551834106,island,10636,0.28118735551834106
ea_llm_self_adaptive_api_1384_run1_20260728_223943.json,1384,1,crossover,0,emotional_actions,verbs,talk,32,32,True,grieve,9278,0.09088066965341568,love,164,0.437447190284729
ea_llm_self_adaptive_api_1384_run1_20260728_223943.json,1384,1,crossover,1,emotional_actions,emotions,love,164,164,True,grieve,9278,0.15171752870082855,love,164,1.0
ea_llm_self_adaptive_api_1384_run1_20260728_223943.json,1384,2,l_mutation,,sounds,verbs,talk,32,32,True,sound,2303,0.24335670471191406,noise,1556,0.23141415417194366
ea_llm_self_adaptive_api_1384_run1_20260728_223943.json,1384,2,ml_mutation,,emotional ties,emotions,love,164,164,True,tie,4273,0.17493295669555664,link,109,0.1871604174375534
ea_llm_self_adaptive_api_1384_run1_20260728_223943.json,1384,2,ml_mutation,,emotional_relations,emotional_actions,love,164,164,True,affection,4205,0.5818217992782593,affection,4205,0.5818217992782593
ea_llm_self_adaptive_api_1384_run1_20260728_223943.json,1384,2,ml_mutation,,evaluation_actions,reading_actions,review,170,170,True,assess,24455,0.4189518690109253,scrutinize,8179,0.28996986150741577
ea_llm_self_adaptive_api_1384_run1_20260728_223943.json,1384,2,l_mutation,,cognitive_processes,dailyactivities,read,222,222,True,think,655,0.3914862275123596,wonder,459,0.2871946096420288
ea_llm_self_adaptive_api_1384_run1_20260728_223943.json,1384,2,crossover,0,emotional_actions,verbs,talk,32,32,True,cry,1887,0.356453001499176,laugh,328,0.42252638936042786
ea_llm_self_adaptive_api_1384_run1_20260728_223943.json,1384,2,crossover,1,emotional_actions,emotional ties,link,109,109,True,cry,1887,0.02734319306910038,laugh,328,0.04903416335582733
ea_llm_self_adaptive_api_1384_run1_20260728_223943.json,1384,3,l_mutation,,communication_channels,dailyactivities,chat,28,28,True,media,73,0.21722233295440674,media,73,0.21722233295440674
ea_llm_self_adaptive_api_1384_run1_20260728_223943.json,1384,3,s_mutation,,communication,verbs,talk,32,32,True,converse,2594,0.13077929615974426,whisper,356,0.23476152122020721
ea_llm_self_adaptive_api_1384_run1_20260728_223943.json,1384,3,l_mutation,,systemic patterns,emotional ties,link,109,109,True,system,28534,0.36119458079338074,pattern,8799,0.20325639843940735
ea_llm_self_adaptive_api_1384_run1_20260728_223943.json,1384,3,s_mutation,,nurturing emotions,emotions,love,164,164,True,tenderness,13502,0.26610755920410156,adoration,3216,0.2603650689125061
ea_llm_self_adaptive_api_1384_run1_20260728_223943.json,1384,3,ml_mutation,,emotional_attributes,emotional_actions,love,164,164,True,calm,9998,0.1997365951538086,happiness,2947,0.5148370862007141
ea_llm_self_adaptive_api_1384_run1_20260728_223943.json,1384,3,crossover,0,dailyverbs,dailyactivities,chat,28,28,True,rest,1426,0.1043262854218483,rest,1426,0.1043262854218483
ea_llm_self_adaptive_api_1384_run1_20260728_223943.json,1384,3,crossover,1,dailyverbs,verbs,talk,32,32,True,rest,1426,0.3445693552494049,rest,1426,0.3445693552494049
ea_llm_self_adaptive_api_1384_run1_20260728_223943.json,1384,4,s_mutation,,socialinteractions,dailyactivities,chat,28,28,True,chatter,14,0.4058265686035156,gossip,1,0.40428757667541504
ea_llm_self_adaptive_api_1384_run2_20260728_235849.json,1384,1,ml_mutation,,social relationships,emotions,love,164,164,True,friendship,786,0.49184998869895935,friendship,786,0.49184998869895935
ea_llm_self_adaptive_api_1384_run2_20260728_235849.json,1384,1,l_mutation,,mental engagement,daily activities,read,222,222,True,think,655,0.3914862275123596,think,655,0.3914862275123596
ea_llm_self_adaptive_api_1384_run2_20260728_235849.json,1384,1,s_mutation,,time intervals,time,week,611,611,True,interval,20001,0.07642356306314468,period,9766,0.37328365445137024
ea_llm_self_adaptive_api_1384_run2_20260728_235849.json,1384,1,l_mutation,,symmetry,shapes,circle,854,854,True,balance,11840,0.15258145332336426,harmony,9386,0.2069227546453476
ea_llm_self_adaptive_api_1384_run2_20260728_235849.json,1384,1,m_mutation,,reservation and assignment,education,book,1042,1042,True,reserve,4112,0.11557796597480774,publish,303,0.4919702112674713
ea_llm_self_adaptive_api_1384_run2_20260728_235849.json,1384,1,crossover,0,emotional_activities,emotions,love,164,164,True,rest,1426,0.33156561851501465,laugh,328,0.3891867697238922
ea_llm_self_adaptive_api_1384_run2_20260728_235849.json,1384,1,crossover,1,emotional_activities,daily activities,read,222,222,True,rest,1426,0.2951875329017639,laugh,328,0.33826035261154175
ea_llm_self_adaptive_api_1384_run2_20260728_235849.json,1384,2,m_mutation,,social communication channels,daily activities,chat,28,28,True,dialogue,2744,0.2624402940273285,dialogue,2744,0.2624402940273285
ea_llm_self_adaptive_api_1384_run2_20260728_235849.json,1384,2,l_mutation,,identity,emotions,love,164,164,True,self,4542,0.3502652049064636,personality,211,0.32991665601730347
ea_llm_self_adaptive_api_1384_run2_20260728_235849.json,1384,2,m_mutation,,dissemination and communication,reservation and assignment,publish,303,303,True,release,307,0.35165345668792725,release,307,0.35165345668792725
ea_llm_self_adaptive_api_1384_run2_20260728_235849.json,1384,2,ml_mutation,,social_interactions,emotional_activities,laugh,328,328,True,greet,4427,0.2538951635360718,cheer,2116,0.4501553773880005
ea_llm_self_adaptive_api_1384_run2_20260728_235849.json,1384,2,s_mutation,,specific time intervals,time,week,611,611,True,month,2341,0.8722705245018005,weekend,2121,0.7584366798400879
ea_llm_self_adaptive_api_1384_run2_20260728_235849.json,1384,2,crossover,0,emotional_activities,daily activities,chat,28,28,True,hug,10298,0.22928175330162048,dance,444,0.210281640291214
ea_llm_self_adaptive_api_1384_run2_20260728_235849.json,1384,2,crossover,1,emotional_activities,emotions,love,164,164,True,hug,10298,0.284871906042099,dance,444,0.39122992753982544
ea_llm_self_adaptive_api_1384_run2_20260728_235849.json,1384,3,l_mutation,,media,daily activities,chat,28,28,True,radio,663,0.24838216602802277,internet,56,0.5147159695625305
ea_llm_self_adaptive_api_1384_run2_20260728_235849.json,1384,3,ml_mutation,,emotional_expressions,social_interactions,talk,32,32,True,smile,2454,0.3289489150047302,smile,2454,0.3289489150047302
ea_llm_self_adaptive_api_1384_run2_20260728_235849.json,1384,3,m_mutation,,Institutional Commitments,emotions,love,164,164,True,devotion,6107,0.4835405647754669,support,3296,0.2374177873134613
ea_llm_self_adaptive_api_1384_run2_20260728_235849.json,1384,3,l_mutation,,perceptual_frameworks,identity,personality,211,211,True,existence,3625,0.19063596427440643,existence,3625,0.19063596427440643
ea_llm_self_adaptive_api_1384_run2_20260728_235849.json,1384,3,m_mutation,,information dissemination,reservation and assignment,publish,303,303,True,announce,2968,0.34684547781944275,release,307,0.35165345668792725
ea_llm_self_adaptive_api_1384_run2_20260728_235849.json,1384,3,crossover,0,social_daily_activities,daily activities,chat,28,28,True,chat,28,0.9999999403953552,chat,28,0.9999999403953552
ea_llm_self_adaptive_api_1384_run2_20260728_235849.json,1384,3,crossover,1,social_daily_activities,social_interactions,talk,32,32,True,chat,28,0.488175630569458,chat,28,0.488175630569458
ea_llm_self_adaptive_api_1384_run2_20260728_235849.json,1384,4,m_mutation,,verbal interactions,daily activities,chat,28,28,True,verbal,10157,0.1485215127468109,exchange,2163,0.1896490454673767
ea_llm_self_adaptive_api_1384_run2_20260728_235849.json,1384,4,s_mutation,,social_conversation,social_daily_activities,chat,28,28,True,banter,25,0.4257153272628784,banter,25,0.4257153272628784
ea_llm_self_adaptive_api_1384_run2_20260728_235849.json,1384,4,m_mutation,,infrastructure,media,internet,56,56,True,data,11518,0.4430358409881592,router,8789,0.27076825499534607
ea_llm_self_adaptive_api_1384_run2_20260728_235849.json,1384,4,s_mutation,,tender feelings,emotions,love,164,164,True,cherish,6032,0.3377106785774231,cherish,6032,0.3377106785774231
ea_llm_self_adaptive_api_1384_run2_20260728_235849.json,1384,4,m_mutation,,expression,identity,personality,211,211,True,behavior,3820,0.44124844670295715,behavior,3820,0.44124844670295715
ea_llm_self_adaptive_api_1384_run2_20260728_235849.json,1384,4,crossover,0,social_communication,social_conversation,banter,25,25,True,chat,28,0.4257153272628784,banter,25,1.0000001192092896
ea_llm_self_adaptive_api_1384_run2_20260728_235849.json,1384,4,crossover,1,social_communication,daily activities,chat,28,28,True,chat,28,0.9999999403953552,banter,25,0.4257153272628784
ea_llm_self_adaptive_api_1384_run3_20260729_114104.json,1384,1,m_mutation,,social bonds,emotions,love,164,164,True,bond,4521,0.1998254358768463,care,1278,0.27297893166542053
ea_llm_self_adaptive_api_1384_run3_20260729_114104.json,1384,1,m_mutation,,social interactions through movement,actions,dance,444,444,True,social,688,0.19504305720329285,social,688,0.19504305720329285
ea_llm_self_adaptive_api_1384_run3_20260729_114104.json,1384,1,l_mutation,,natural elements,family,mother,450,450,True,soil,20436,0.10621491819620132,stone,3467,0.2190873771905899
ea_llm_self_adaptive_api_1384_run3_20260729_114104.json,1384,1,s_mutation,,musical pieces,music,song,577,577,True,track,4892,0.45752882957458496,track,4892,0.45752882957458496
ea_llm_self_adaptive_api_1384_run3_20260729_114104.json,1384,1,ml_mutation,,frequency,time,week,611,611,True,often,669,0.30161750316619873,often,669,0.30161750316619873
ea_llm_self_adaptive_api_1384_run3_20260729_114104.json,1384,1,crossover,0,emotional_actions,emotions,love,164,164,True,dance,444,0.39122992753982544,dance,444,0.39122992753982544
ea_llm_self_adaptive_api_1384_run3_20260729_114104.json,1384,1,crossover,1,emotional_actions,actions,dance,444,444,True,dance,444,1.0000001192092896,dance,444,1.0000001192092896
ea_llm_self_adaptive_api_1384_run3_20260729_114104.json,1384,2,ml_mutation,,human connections,emotions,love,164,164,True,attachment,7177,0.21706581115722656,affection,4205,0.5818217992782593
ea_llm_self_adaptive_api_1384_run3_20260729_114104.json,1384,2,s_mutation,,common occurrence,frequency,usual,274,274,True,typical,3160,0.5873446464538574,typical,3160,0.5873446464538574
ea_llm_self_adaptive_api_1384_run3_20260729_114104.json,1384,2,s_mutation,,graceful movements,actions,dance,444,444,True,glide,34813,0.10202347487211227,spin,363,0.24168890714645386
ea_llm_self_adaptive_api_1384_run3_20260729_114104.json,1384,2,m_mutation,,caregiving roles,family,mother,450,450,True,nurse,14108,0.5061591267585754,nurse,14108,0.5061591267585754
ea_llm_self_adaptive_api_1384_run3_20260729_114104.json,1384,2,ml_mutation,,emotions,music,song,577,577,True,joy,2198,0.30067041516304016,feeling,1474,0.26594915986061096
ea_llm_self_adaptive_api_1384_run3_20260729_114104.json,1384,2,crossover,0,emotional_recurrence,emotions,love,164,164,True,persistent,7473,0.1269521415233612,frequent,1282,0.15932686626911163
ea_llm_self_adaptive_api_1384_run3_20260729_114104.json,1384,2,crossover,1,emotional_recurrence,frequency,usual,274,274,True,persistent,7473,0.24051564931869507,frequent,1282,0.3579561710357666
ea_llm_self_adaptive_api_1384_run3_20260729_114104.json,1384,3,ml_mutation,,values,emotions,love,164,164,True,honor,9058,0.3237541913986206,honor,9058,0.3237541913986206
ea_llm_self_adaptive_api_1384_run3_20260729_114104.json,1384,3,s_mutation,,predictable frequency,frequency,usual,274,274,True,standard,7224,0.4261830747127533,predictable,720,0.4726066291332245
ea_llm_self_adaptive_api_1384_run3_20260729_114104.json,1384,3,m_mutation,,rotational mechanics,graceful movements,spin,363,363,True,rotate,14353,0.3244367241859436,twist,1107,0.42050954699516296
ea_llm_self_adaptive_api_1384_run3_20260729_114104.json,1384,3,ml_mutation,,Action Descriptors,actions,dance,444,444,True,speed,5014,0.14675724506378174,speed,5014,0.14675724506378174
ea_llm_self_adaptive_api_1384_run3_20260729_114104.json,1384,3,m_mutation,,nurturing symbols,family,mother,450,450,True,root,5568,0.08850900083780289,root,5568,0.08850900083780289
ea_llm_self_adaptive_api_1384_run3_20260729_114104.json,1384,3,crossover,0,emotional_frequency,emotions,love,164,164,True,common,1254,0.2647209167480469,usual,274,0.19366317987442017
ea_llm_self_adaptive_api_1384_run3_20260729_114104.json,1384,3,crossover,1,emotional_frequency,frequency,usual,274,274,True,common,1254,0.3804381489753723,usual,274,1.0
ea_llm_self_adaptive_api_1384_run3_20260729_114104.json,1384,4,ml_mutation,,social bonds,emotions,love,164,164,True,compassion,12257,0.4101591110229492,friendship,786,0.49184998869895935
ea_llm_self_adaptive_api_1384_run3_20260729_114104.json,1384,4,l_mutation,,spatial characteristics,frequency,usual,274,274,True,depth,10248,0.27741119265556335,depth,10248,0.27741119265556335
ea_llm_self_adaptive_api_1384_run3_20260729_114104.json,1384,4,ml_mutation,,physical actions,graceful movements,spin,363,363,True,leap,27852,0.23171231150627136,roll,2256,0.3066554069519043
ea_llm_self_adaptive_api_1384_run3_20260729_114104.json,1384,4,m_mutation,,cultural expressions,actions,dance,444,444,True,art,3464,0.41668543219566345,art,3464,0.41668543219566345
ea_llm_self_adaptive_api_1384_run3_20260729_114104.json,1384,4,s_mutation,,nurturing roles,family,mother,450,450,True,nurse,14108,0.5061591267585754,nurse,14108,0.5061591267585754
ea_llm_self_adaptive_api_1384_run3_20260729_114104.json,1384,4,crossover,0,emotional_frequency,emotions,love,164,164,True,recurring,1418,0.139484241604805,recurring,1418,0.139484241604805
ea_llm_self_adaptive_api_1384_run3_20260729_114104.json,1384,4,crossover,1,emotional_frequency,frequency,usual,274,274,True,recurring,1418,0.26385727524757385,recurring,1418,0.26385727524757385
ea_llm_self_adaptive_api_1384_run3_20260729_114104.json,1384,5,m_mutation,,caring behaviors,emotions,love,164,164,True,empathy,25675,0.29934120178222656,kindness,7433,0.37632861733436584
ea_llm_self_adaptive_api_1384_run3_20260729_114104.json,1384,5,ml_mutation,,social norms,frequency,usual,274,274,True,custom,15859,0.25833022594451904,norm,6502,0.2703937590122223
ea_llm_self_adaptive_api_1384_run3_20260729_114104.json,1384,5,l_mutation,,celestial motion,graceful movements,spin,363,363,True,orbit,17578,0.22375982999801636,motion,9762,0.3157869279384613
ea_llm_self_adaptive_api_1384_run3_20260729_114104.json,1384,5,l_mutation,,geological formations,actions,dance,444,444,True,terrain,48868,0.029456831514835358,terrain,48868,0.029456831514835358
ea_llm_self_adaptive_api_1384_run3_20260729_114104.json,1384,5,m_mutation,,roles of care and guidance,family,mother,450,450,True,guardian,5994,0.25432509183883667,guide,2349,0.15244737267494202
ea_llm_self_adaptive_api_1384_run3_20260729_114104.json,1384,5,crossover,0,Recurrent Emotions,emotions,love,164,164,True,recurring,1418,0.139484241604805,recurring,1418,0.139484241604805
ea_llm_self_adaptive_api_1384_run3_20260729_114104.json,1384,5,crossover,1,Recurrent Emotions,frequency,usual,274,274,True,recurring,1418,0.26385727524757385,recurring,1418,0.26385727524757385
ea_llm_self_adaptive_api_1384_run3_20260729_114104.json,1384,6,l_mutation,,collaborative systems,emotions,love,164,164,True,collaboration,1816,0.29316431283950806,collaboration,1816,0.29316431283950806
ea_llm_self_adaptive_api_1384_run3_20260729_114104.json,1384,6,m_mutation,,expectations and conventions,frequency,usual,274,274,True,expected,588,0.3781551420688629,expected,588,0.3781551420688629
ea_llm_self_adaptive_api_1384_run3_20260729_114104.json,1384,6,ml_mutation,,land descriptors,geological formations,feature,305,305,True,contour,36127,0.12193857133388519,profile,476,0.3610004186630249
ea_llm_self_adaptive_api_1384_run3_20260729_114104.json,1384,6,s_mutation,,spinning motions,graceful movements,spin,363,363,True,twirl,8323,0.22455865144729614,revolve,1197,0.1695338636636734
ea_llm_self_adaptive_api_1384_run3_20260729_114104.json,1384,6,s_mutation,,graceful movements,actions,dance,444,444,True,gliding,34813,0.21995581686496735,slide,9741,0.1555163860321045
ea_llm_self_adaptive_api_1384_run3_20260729_114104.json,1384,6,crossover,0,recurring_emotional_patterns,emotions,love,164,164,True,periodic,11412,-0.018651694059371948,recurring,1418,0.139484241604805
ea_llm_self_adaptive_api_1384_run3_20260729_114104.json,1384,6,crossover,1,recurring_emotional_patterns,frequency,usual,274,274,True,periodic,11412,0.2096719741821289,recurring,1418,0.26385727524757385
ea_llm_self_adaptive_api_1384_run3_20260729_114104.json,1384,7,s_mutation,,romantic feelings,emotions,love,164,164,True,fondness,7098,0.34956127405166626,adoration,3216,0.2603650689125061
ea_llm_self_adaptive_api_1384_run3_20260729_114104.json,1384,7,l_mutation,,natural elements,geological formations,feature,305,305,True,element,10018,0.3351001441478729,aspect,4737,0.3671576976776123
ea_llm_self_adaptive_api_1384_run3_20260729_114104.json,1384,7,ml_mutation,,rotational motions,graceful movements,spin,363,363,True,rotate,14353,0.3244367241859436,tumble,8345,0.1769421547651291
ea_llm_self_adaptive_api_1384_run3_20260729_114104.json,1384,7,l_mutation,,celestial phenomena,actions,dance,444,444,True,celestial,13553,0.16209997236728668,celestial,13553,0.16209997236728668
ea_llm_self_adaptive_api_1384_run3_20260729_114104.json,1384,7,ml_mutation,,caregiving roles,family,mother,450,450,True,nanny,6671,0.34365567564964294,maid,4863,0.4064236581325531
ea_llm_self_adaptive_api_1384_run3_20260729_114104.json,1384,7,crossover,0,metaphorical_geological_emotions,emotions,love,164,164,True,peak,27389,0.05992410331964493,valley,11815,0.10603422671556473
ea_llm_self_adaptive_api_1384_run3_20260729_114104.json,1384,7,crossover,1,metaphorical_geological_emotions,geological formations,feature,305,305,True,peak,27389,0.15474428236484528,valley,11815,0.1431874781847
ea_llm_self_adaptive_api_1384_run3_20260729_114104.json,1384,8,m_mutation,,social bonds,emotions,love,164,164,True,kinship,40711,0.13823053240776062,intimacy,5743,0.4168356955051422
ea_llm_self_adaptive_api_1384_run3_20260729_114104.json,1384,8,ml_mutation,,natural descriptors,geological formations,feature,305,305,True,trait,10069,0.16325484216213226,aspect,4737,0.3671576976776123
ea_llm_self_adaptive_api_1384_run3_20260729_114104.json,1384,8,ml_mutation,,movement characteristics,graceful movements,spin,363,363,True,twist,1107,0.42050954699516296,twist,1107,0.42050954699516296
ea_llm_self_adaptive_api_1384_run3_20260729_114104.json,1384,8,l_mutation,,performance spaces,actions,dance,444,444,True,stage,5455,0.3927876055240631,theater,4391,0.4702834188938141
ea_llm_self_adaptive_api_1384_run3_20260729_114104.json,1384,8,m_mutation,,caregiving_functions,family,mother,450,450,True,tend,1357,0.13067421317100525,care,1278,0.39613163471221924
ea_llm_self_adaptive_api_1384_run3_20260729_114104.json,1384,8,crossover,0,emotional landforms,emotions,love,164,164,True,ridge,17609,0.04182171821594238,valley,11815,0.10603422671556473
ea_llm_self_adaptive_api_1384_run3_20260729_114104.json,1384,8,crossover,1,emotional landforms,geological formations,feature,305,305,True,ridge,17609,0.14265359938144684,valley,11815,0.1431874781847
ea_llm_self_adaptive_api_1384_run3_20260729_114104.json,1384,9,l_mutation,,network structures,social bonds,link,109,109,True,node,36136,0.22000068426132202,mesh,23043,0.14832529425621033
ea_llm_self_adaptive_api_1384_run3_20260729_114104.json,1384,9,ml_mutation,,social bonds,emotions,love,164,164,True,link,109,0.1871604174375534,link,109,0.1871604174375534
ea_llm_self_adaptive_api_1384_run3_20260729_114104.json,1384,9,l_mutation,,natural patterns,graceful movements,spin,363,363,True,pattern,8799,0.21826480329036713,pattern,8799,0.21826480329036713
ea_llm_self_adaptive_api_1384_run3_20260729_114104.json,1384,9,m_mutation,,cultural expressions,actions,dance,444,444,True,ritual,7226,0.38931378722190857,ritual,7226,0.38931378722190857
ea_llm_self_adaptive_api_1384_run3_20260729_114104.json,1384,9,ml_mutation,,care roles,family,mother,450,450,True,nurse,14108,0.5061591267585754,guardian,5994,0.25432509183883667
ea_llm_self_adaptive_api_1384_run3_20260729_114104.json,1384,9,crossover,0,emotional_bonds,social bonds,link,109,109,True,bond,4521,0.15968559682369232,care,1278,0.14621929824352264
ea_llm_self_adaptive_api_1384_run3_20260729_114104.json,1384,9,crossover,1,emotional_bonds,emotions,love,164,164,True,bond,4521,0.1998254358768463,care,1278,0.27297893166542053
ea_llm_self_adaptive_api_1384_run3_20260729_114104.json,1384,10,m_mutation,,physical transmission,cultural expressions,medium,73,73,True,material,3270,0.2355065494775772,material,3270,0.2355065494775772
ea_llm_self_adaptive_api_1384_run3_20260729_114104.json,1384,10,ml_mutation,,system components,social bonds,link,109,109,True,system,28534,0.36119458079338074,component,20647,0.2728993892669678
ea_llm_self_adaptive_api_1384_run3_20260729_114104.json,1384,10,s_mutation,,devoted emotions,emotions,love,164,164,True,devotion,6107,0.4835405647754669,devotion,6107,0.4835405647754669
ea_llm_self_adaptive_api_1384_run3_20260729_114104.json,1384,10,s_mutation,,interwoven systems,network structures,web,345,345,True,lattice,40016,0.045046400278806686,tangle,4373,0.08084406703710556
ea_llm_self_adaptive_api_1384_run3_20260729_114104.json,1384,10,s_mutation,,rotational motions,graceful movements,spin,363,363,True,twirl,8323,0.22455865144729614,twist,1107,0.42050954699516296
ea_llm_self_adaptive_api_1384_run3_20260729_114104.json,1384,10,crossover,0,cultural_social_bonds,cultural expressions,medium,73,73,True,tradition,8284,0.10179300606250763,connection,3702,0.07691975682973862
ea_llm_self_adaptive_api_1384_run3_20260729_114104.json,1384,10,crossover,1,cultural_social_bonds,social bonds,link,109,109,True,tradition,8284,0.11825442314147949,connection,3702,0.6856024861335754
ea_llm_self_adaptive_api_1384_run3_20260729_114104.json,1384,11,ml_mutation,,transmission forms,cultural expressions,medium,73,73,True,form,5634,0.2796977758407593,form,5634,0.2796977758407593
ea_llm_self_adaptive_api_1384_run3_20260729_114104.json,1384,11,m_mutation,,technical infrastructure,social bonds,link,109,109,True,node,36136,0.22000068426132202,port,21760,0.2814665138721466
ea_llm_self_adaptive_api_1384_run3_20260729_114104.json,1384,11,l_mutation,,biological rhythms,emotions,love,164,164,True,pulse,7545,0.054092373698949814,pulse,7545,0.054092373698949814
ea_llm_self_adaptive_api_1384_run3_20260729_114104.json,1384,11,l_mutation,,resonant interactions,network structures,web,345,345,True,resonance,40626,0.0006717736250720918,pulse,7545,0.0840553566813469
ea_llm_self_adaptive_api_1384_run3_20260729_114104.json,1384,11,m_mutation,,mechanical rotation,graceful movements,spin,363,363,True,swivel,16352,0.14025375247001648,revolve,1197,0.1695338636636734
ea_llm_self_adaptive_api_1384_run3_20260729_114104.json,1384,11,crossover,0,cultural_social_bonds,cultural expressions,medium,73,73,True,connection,3702,0.07691975682973862,connection,3702,0.07691975682973862
ea_llm_self_adaptive_api_1384_run3_20260729_114104.json,1384,11,crossover,1,cultural_social_bonds,social bonds,link,109,109,True,connection,3702,0.6856024861335754,connection,3702,0.6856024861335754
ea_llm_self_adaptive_api_1384_run3_20260729_114104.json,1384,12,l_mutation,,environmental context settings,cultural expressions,medium,73,73,True,environment,8605,0.2260662317276001,setting,6479,0.20097117125988007
ea_llm_self_adaptive_api_1384_run3_20260729_114104.json,1384,12,ml_mutation,,system components,social bonds,link,109,109,True,node,36136,0.22000068426132202,tie,4273,0.2136175036430359
ea_llm_self_adaptive_api_1384_run3_20260729_114104.json,1384,12,l_mutation,,vibrancy,emotions,love,164,164,True,vibrancy,28313,0.047533068805933,liveliness,15355,-0.0020015586633235216
ea_llm_self_adaptive_api_1384_run3_20260729_114104.json,1384,12,m_mutation,,textile interconnections,network structures,web,345,345,True,weave,11376,0.21794742345809937,thread,1457,0.20829303562641144
ea_llm_self_adaptive_api_1384_run3_20260729_114104.json,1384,12,s_mutation,,spiral movements,graceful movements,spin,363,363,True,twirl,8323,0.22455865144729614,swirl,2479,0.221044659614563
ea_llm_self_adaptive_api_1384_run3_20260729_114104.json,1384,12,crossover,0,cultural_social_bonds,cultural expressions,medium,73,73,True,connection,3702,0.07691975682973862,connection,3702,0.07691975682973862
ea_llm_self_adaptive_api_1384_run3_20260729_114104.json,1384,12,crossover,1,cultural_social_bonds,social bonds,link,109,109,True,connection,3702,0.6856024861335754,connection,3702,0.6856024861335754
ea_llm_self_adaptive_api_1384_run3_20260729_114104.json,1384,13,s_mutation,,Transmission Means,cultural expressions,medium,73,73,True,vehicle,30141,0.21868175268173218,means,1146,0.283447265625
ea_llm_self_adaptive_api_1384_run3_20260729_114104.json,1384,13,s_mutation,,tender emotions,emotions,love,164,164,True,adore,609,0.34439006447792053,loving,164,0.5655463933944702
ea_llm_self_adaptive_api_1384_run3_20260729_114104.json,1384,13,ml_mutation,,natural interconnections,network structures,web,345,345,True,vine,2669,0.04149806126952171,vine,2669,0.04149806126952171
ea_llm_self_adaptive_api_1384_run3_20260729_114104.json,1384,13,s_mutation,,rotational movements,graceful movements,spin,363,363,True,twirl,8323,0.22455865144729614,swirl,2479,0.221044659614563
ea_llm_self_adaptive_api_1384_run3_20260729_114104.json,1384,13,s_mutation,,rhythmic movements,actions,dance,444,444,True,glide,34813,0.10202347487211227,spin,363,0.24168890714645386
ea_llm_self_adaptive_api_1384_run3_20260729_114104.json,1384,13,crossover,0,emotional_cultural_bonds,cultural expressions,medium,73,73,True,devotion,6107,0.026815034449100494,love,164,0.07989030331373215
ea_llm_self_adaptive_api_1384_run3_20260729_114104.json,1384,13,crossover,1,emotional_cultural_bonds,emotions,love,164,164,True,devotion,6107,0.4835405647754669,love,164,1.0
ea_llm_self_adaptive_api_1384_run3_20260729_114104.json,1384,14,l_mutation,,acoustic transmission,cultural expressions,medium,73,73,True,echoes,3681,-0.04089381918311119,echoes,3681,-0.04089381918311119
ea_llm_self_adaptive_api_1384_run3_20260729_114104.json,1384,14,s_mutation,,compassionate feelings,emotions,love,164,164,True,compassion,12257,0.4101591110229492,compassion,12257,0.4101591110229492
ea_llm_self_adaptive_api_1384_run3_20260729_114104.json,1384,14,m_mutation,,physical entanglements,network structures,web,345,345,True,weave,11376,0.21794742345809937,thread,1457,0.20829303562641144
ea_llm_self_adaptive_api_1384_run3_20260729_114104.json,1384,14,m_mutation,,rotational mechanics,graceful movements,spin,363,363,True,swirl,2479,0.221044659614563,swirl,2479,0.221044659614563
ea_llm_self_adaptive_api_1384_run3_20260729_114104.json,1384,14,ml_mutation,,performances,actions,dance,444,444,True,performance,1501,0.36804941296577454,drama,60,0.4023672938346863
ea_llm_self_adaptive_api_1384_run3_20260729_114104.json,1384,14,crossover,0,cultural_performances,performances,drama,60,60,True,performance,1501,0.3183060586452484,performance,1501,0.3183060586452484
ea_llm_self_adaptive_api_1384_run3_20260729_114104.json,1384,14,crossover,1,cultural_performances,cultural expressions,medium,73,73,True,performance,1501,0.23221547901630402,performance,1501,0.23221547901630402
ea_llm_self_adaptive_api_1384_run3_20260729_114104.json,1384,15,ml_mutation,,narrative elements,performances,drama,60,60,True,plot,1117,0.33826807141304016,story,30,0.4680354595184326
ea_llm_self_adaptive_api_1384_run3_20260729_114104.json,1384,15,l_mutation,,material properties,cultural expressions,medium,73,73,True,density,38354,0.27270743250846863,resistance,33087,0.1613938808441162
ea_llm_self_adaptive_api_1384_run3_20260729_114104.json,1384,15,l_mutation,,natural dynamics,network structures,web,345,345,True,flow,10734,0.16761592030525208,sway,3172,0.0005830336012877524
ea_llm_self_adaptive_api_1384_run3_20260729_114104.json,1384,15,ml_mutation,,rotational movements,graceful movements,spin,363,363,True,twirl,8323,0.22455865144729614,swirl,2479,0.221044659614563
ea_llm_self_adaptive_api_1384_run3_20260729_114104.json,1384,15,ml_mutation,,types of motion,actions,dance,444,444,True,drift,14515,0.0601675845682621,float,8525,0.1741468608379364
ea_llm_self_adaptive_api_1384_run3_20260729_114104.json,1384,15,crossover,0,narrative_performance,narrative elements,story,30,30,True,act,1636,0.15269239246845245,drama,60,0.4680354595184326
ea_llm_self_adaptive_api_1384_run3_20260729_114104.json,1384,15,crossover,1,narrative_performance,performances,drama,60,60,True,act,1636,0.20171670615673065,drama,60,1.0
ea_llm_self_adaptive_api_1384_run3_20260729_114104.json,1384,16,ml_mutation,,literary terminology,narrative elements,story,30,30,True,allegory,27407,0.242685467004776,metaphor,12134,0.29765331745147705
ea_llm_self_adaptive_api_1384_run3_20260729_114104.json,1384,16,l_mutation,,philosophical concepts,performances,drama,60,60,True,principle,17416,0.015428699553012848,theme,2118,0.3395671546459198
ea_llm_self_adaptive_api_1384_run3_20260729_114104.json,1384,16,s_mutation,,interwoven systems,network structures,web,345,345,True,weave,11376,0.21794742345809937,knit,9433,0.12726423144340515
ea_llm_self_adaptive_api_1384_run3_20260729_114104.json,1384,16,ml_mutation,,movement descriptors,graceful movements,spin,363,363,True,swirl,2479,0.221044659614563,swirl,2479,0.221044659614563
ea_llm_self_adaptive_api_1384_run3_20260729_114104.json,1384,16,ml_mutation,,music terminology,actions,dance,444,444,True,melody,9550,0.3493315875530243,harmony,9386,0.20420412719249725
ea_llm_self_adaptive_api_1384_run3_20260729_114104.json,1384,16,crossover,0,Thematic Emotion,narrative elements,story,30,30,True,theme,2118,0.42842307686805725,theme,2118,0.42842307686805725
ea_llm_self_adaptive_api_1384_run3_20260729_114104.json,1384,16,crossover,1,Thematic Emotion,performances,drama,60,60,True,theme,2118,0.3395671546459198,theme,2118,0.3395671546459198
ea_llm_self_adaptive_api_1384_run3_20260729_114104.json,1384,17,s_mutation,,narrative forms,narrative elements,story,30,30,True,tale,534,0.7038520574569702,episode,188,0.44256535172462463
ea_llm_self_adaptive_api_1384_run3_20260729_114104.json,1384,17,m_mutation,,dramatic_elements,performances,drama,60,60,True,conflict,4307,0.24246995151042938,tension,2306,0.2909124195575714
ea_llm_self_adaptive_api_1384_run3_20260729_114104.json,1384,17,l_mutation,,cosmic elements,philosophical concepts,truth,185,185,True,cosmic,11473,0.227033331990242,elements,10018,0.23038728535175323
ea_llm_self_adaptive_api_1384_run3_20260729_114104.json,1384,17,l_mutation,,organic structures,network structures,web,345,345,True,organism,42363,0.057500794529914856,cell,7698,0.2693882882595062
ea_llm_self_adaptive_api_1384_run3_20260729_114104.json,1384,17,s_mutation,,rotational movements,graceful movements,spin,363,363,True,twirl,8323,0.22455865144729614,swirl,2479,0.221044659614563
ea_llm_self_adaptive_api_1384_run3_20260729_114104.json,1384,17,crossover,0,narrative-performance elements,narrative elements,story,30,30,True,theme,2118,0.42842307686805725,story,30,1.0
ea_llm_self_adaptive_api_1384_run3_20260729_114104.json,1384,17,crossover,1,narrative-performance elements,performances,drama,60,60,True,theme,2118,0.3395671546459198,story,30,0.4680354595184326
ea_llm_self_adaptive_api_1384_run3_20260729_114104.json,1384,18,m_mutation,,cultural narratives,narrative elements,story,30,30,True,legend,1141,0.39672595262527466,tale,534,0.7038520574569702
ea_llm_self_adaptive_api_1384_run3_20260729_114104.json,1384,18,s_mutation,,Existential Foundations,philosophical concepts,reality,69,69,True,existence,3625,0.41462966799736023,fact,114,0.5408822894096375
ea_llm_self_adaptive_api_1384_run3_20260729_114104.json,1384,18,l_mutation,,temporal dynamics,narrative forms,episode,188,188,True,momentum,13582,0.010806994512677193,pulse,7545,0.06826093792915344
ea_llm_self_adaptive_api_1384_run3_20260729_114104.json,1384,18,s_mutation,,interwoven systems,network structures,web,345,345,True,tangle,4373,0.08084406703710556,tangle,4373,0.08084406703710556
ea_llm_self_adaptive_api_1384_run3_20260729_114104.json,1384,18,s_mutation,,rotational movements,graceful movements,spin,363,363,True,twirl,8323,0.22455865144729614,revolve,1197,0.1695338636636734
ea_llm_self_adaptive_api_1384_run3_20260729_114104.json,1384,18,crossover,0,Philosophical Narrative Foundations,narrative elements,story,30,30,True,theme,2118,0.42842307686805725,theme,2118,0.42842307686805725
ea_llm_self_adaptive_api_1384_run3_20260729_114104.json,1384,18,crossover,1,Philosophical Narrative Foundations,philosophical concepts,reality,69,69,True,theme,2118,0.3287942409515381,theme,2118,0.3287942409515381
ea_llm_self_adaptive_api_1384_run3_20260729_114104.json,1384,19,l_mutation,,experience,narrative elements,story,30,30,True,memory,3100,0.1692998856306076,dream,1242,0.4042355418205261
ea_llm_self_adaptive_api_1384_run3_20260729_114104.json,1384,19,m_mutation,,perceptual reality,philosophical concepts,reality,69,69,True,perception,9673,0.4809047281742096,perception,9673,0.4809047281742096
ea_llm_self_adaptive_api_1384_run3_20260729_114104.json,1384,19,m_mutation,,Verification Frameworks,Existential Foundations,fact,114,114,True,evidence,4371,0.5460195541381836,evidence,4371,0.5460195541381836
ea_llm_self_adaptive_api_1384_run3_20260729_114104.json,1384,19,s_mutation,,narrative segments,narrative forms,episode,188,188,True,segment,4632,0.4024769365787506,scene,146,0.377872109413147
ea_llm_self_adaptive_api_1384_run3_20260729_114104.json,1384,19,m_mutation,,textile patterns,network structures,web,345,345,True,tapestry,39853,0.06980226933956146,thread,1457,0.20829303562641144
ea_llm_self_adaptive_api_1384_run3_20260729_114104.json,1384,19,crossover,0,philosophical themes,narrative elements,story,30,30,True,theme,2118,0.42842307686805725,theme,2118,0.42842307686805725
ea_llm_self_adaptive_api_1384_run3_20260729_114104.json,1384,19,crossover,1,philosophical themes,philosophical concepts,reality,69,69,True,theme,2118,0.3287942409515381,theme,2118,0.3287942409515381
ea_llm_self_adaptive_api_1384_run3_20260729_114104.json,1384,20,m_mutation,,cultural storytelling traditions,narrative elements,story,30,30,True,myth,974,0.376023530960083,myth,974,0.376023530960083
ea_llm_self_adaptive_api_1384_run3_20260729_114104.json,1384,20,ml_mutation,,existential properties,philosophical concepts,reality,69,69,True,existence,3625,0.41462966799736023,existence,3625,0.41462966799736023
ea_llm_self_adaptive_api_1384_run3_20260729_114104.json,1384,20,s_mutation,,Epistemological Core,Existential Foundations,fact,114,114,True,truth,185,0.547431468963623,truth,185,0.547431468963623
ea_llm_self_adaptive_api_1384_run3_20260729_114104.json,1384,20,s_mutation,,story settings,narrative segments,scene,146,146,True,setting,6479,0.3591064512729645,setting,6479,0.3591064512729645
ea_llm_self_adaptive_api_1384_run3_20260729_114104.json,1384,20,s_mutation,,narrative sequences,narrative forms,episode,188,188,True,sequence,35704,0.3322736322879791,excerpt,1353,0.2354690581560135
ea_llm_self_adaptive_api_1384_run3_20260729_114104.json,1384,20,crossover,0,narrative-philosophical concepts,narrative elements,story,30,30,True,theme,2118,0.42842307686805725,theme,2118,0.42842307686805725
ea_llm_self_adaptive_api_1384_run3_20260729_114104.json,1384,20,crossover,1,narrative-philosophical concepts,philosophical concepts,reality,69,69,True,theme,2118,0.3287942409515381,theme,2118,0.3287942409515381
ea_llm_self_adaptive_api_1384_run3_20260729_114104.json,1384,21,m_mutation,,story formats and mediums,narrative elements,story,30,30,True,artifact,14307,0.07401581108570099,format,10967,0.2181299775838852
ea_llm_self_adaptive_api_1384_run3_20260729_114104.json,1384,21,m_mutation,,ontological,philosophical concepts,reality,69,69,True,ontology,30997,0.07092973589897156,category,495,0.1921909749507904
ea_llm_self_adaptive_api_1384_run3_20260729_114104.json,1384,21,ml_mutation,,Epistemological Concepts,Existential Foundations,fact,114,114,True,truth,185,0.547431468963623,truth,185,0.547431468963623
ea_llm_self_adaptive_api_1384_run3_20260729_114104.json,1384,21,m_mutation,,spatial configurations,narrative segments,scene,146,146,True,level,13474,0.20757785439491272,view,3120,0.28621503710746765
ea_llm_self_adaptive_api_1384_run3_20260729_114104.json,1384,21,l_mutation,,Perceptual Resonance,Epistemological Core,truth,185,185,True,perceive,5302,0.22786107659339905,perceive,5302,0.22786107659339905
ea_llm_self_adaptive_api_1384_run3_20260729_114104.json,1384,21,crossover,0,narrative-philosophical core,narrative elements,story,30,30,True,theme,2118,0.42842307686805725,idea,1657,0.35565000772476196
ea_llm_self_adaptive_api_1384_run3_20260729_114104.json,1384,21,crossover,1,narrative-philosophical core,philosophical concepts,reality,69,69,True,theme,2118,0.3287942409515381,idea,1657,0.4532109498977661
ea_llm_self_adaptive_api_1384_run3_20260729_114104.json,1384,22,l_mutation,,temporal dynamics,narrative elements,story,30,30,True,time,733,0.35792824625968933,time,733,0.35792824625968933
ea_llm_self_adaptive_api_1384_run3_20260729_114104.json,1384,22,s_mutation,,existential foundations,philosophical concepts,reality,69,69,True,existence,3625,0.41462966799736023,world,948,0.35640886425971985
ea_llm_self_adaptive_api_1384_run3_20260729_114104.json,1384,22,s_mutation,,Empirical Realities,Existential Foundations,fact,114,114,True,evidence,4371,0.5460195541381836,evidence,4371,0.5460195541381836
ea_llm_self_adaptive_api_1384_run3_20260729_114104.json,1384,22,ml_mutation,,story settings,narrative segments,scene,146,146,True,stage,5455,0.3627811372280121,site,489,0.3430143892765045
ea_llm_self_adaptive_api_1384_run3_20260729_114104.json,1384,22,l_mutation,,Energetic Processes,Epistemological Core,truth,185,185,True,vibrancy,28313,-0.010334579274058342,pulse,7545,0.036295678466558456
ea_llm_self_adaptive_api_1384_run3_20260729_114104.json,1384,22,crossover,0,narrative-philosophical concepts,narrative elements,story,30,30,True,theme,2118,0.42842307686805725,idea,1657,0.35565000772476196
ea_llm_self_adaptive_api_1384_run3_20260729_114104.json,1384,22,crossover,1,narrative-philosophical concepts,philosophical concepts,reality,69,69,True,theme,2118,0.3287942409515381,idea,1657,0.4532109498977661
ea_llm_self_adaptive_api_1384_run3_20260729_114104.json,1384,23,s_mutation,,story components,narrative elements,story,30,30,True,episode,188,0.44256535172462463,episode,188,0.44256535172462463
ea_llm_self_adaptive_api_1384_run3_20260729_114104.json,1384,23,s_mutation,,ontological foundations,philosophical concepts,reality,69,69,True,existence,3625,0.41462966799736023,existence,3625,0.41462966799736023
ea_llm_self_adaptive_api_1384_run3_20260729_114104.json,1384,23,m_mutation,,epistemological_structures,Existential Foundations,fact,114,114,True,evidence,4371,0.5460195541381836,evidence,4371,0.5460195541381836
ea_llm_self_adaptive_api_1384_run3_20260729_114104.json,1384,23,ml_mutation,,narrative elements,narrative segments,scene,146,146,True,setting,6479,0.3591064512729645,plot,1117,0.2633804380893707
ea_llm_self_adaptive_api_1384_run3_20260729_114104.json,1384,23,l_mutation,,Resonant Dynamics,Epistemological Core,truth,185,185,True,resonance,40626,0.16044053435325623,pulse,7545,0.036295678466558456
ea_llm_self_adaptive_api_1384_run3_20260729_114104.json,1384,23,crossover,0,Philosophical Narratives,narrative elements,story,30,30,True,theme,2118,0.42842307686805725,theme,2118,0.42842307686805725
ea_llm_self_adaptive_api_1384_run3_20260729_114104.json,1384,23,crossover,1,Philosophical Narratives,philosophical concepts,reality,69,69,True,theme,2118,0.3287942409515381,theme,2118,0.3287942409515381
ea_llm_self_adaptive_api_1384_run3_20260729_114104.json,1384,24,l_mutation,,human behavior,narrative elements,story,30,30,True,human,9850,0.23078134655952454,actions,2413,0.1387162208557129
ea_llm_self_adaptive_api_1384_run3_20260729_114104.json,1384,24,l_mutation,,dynamics,philosophical concepts,reality,69,69,True,dynamics,14864,0.20458778738975525,force,10567,0.23297391831874847
ea_llm_self_adaptive_api_1384_run3_20260729_114104.json,1384,24,s_mutation,,Epistemic Foundations,Existential Foundations,fact,114,114,True,truth,185,0.547431468963623,truth,185,0.547431468963623
ea_llm_self_adaptive_api_1384_run3_20260729_114104.json,1384,24,l_mutation,,spatial constructs,narrative segments,scene,146,146,True,space,8434,0.18891732394695282,space,8434,0.18891732394695282
ea_llm_self_adaptive_api_1384_run3_20260729_114104.json,1384,24,ml_mutation,,spheres of existence,Epistemological Core,truth,185,185,True,sphere,11763,0.1391882598400116,realm,10011,0.28932425379753113
ea_llm_self_adaptive_api_1384_run3_20260729_114104.json,1384,24,crossover,0,Philosophical Themes,narrative elements,story,30,30,True,theme,2118,0.42842307686805725,idea,1657,0.35565000772476196
ea_llm_self_adaptive_api_1384_run3_20260729_114104.json,1384,24,crossover,1,Philosophical Themes,philosophical concepts,reality,69,69,True,theme,2118,0.3287942409515381,idea,1657,0.4532109498977661
ea_llm_self_adaptive_api_1384_run3_20260729_114104.json,1384,25,s_mutation,,storytelling elements,narrative elements,story,30,30,True,tale,534,0.7038520574569702,tale,534,0.7038520574569702
ea_llm_self_adaptive_api_1384_run3_20260729_114104.json,1384,25,m_mutation,,Physical Anchors of Reality,philosophical concepts,reality,69,69,True,material,3270,0.19072017073631287,material,3270,0.19072017073631287
ea_llm_self_adaptive_api_1384_run3_20260729_114104.json,1384,25,ml_mutation,,Epistemological Concepts,Existential Foundations,fact,114,114,True,evidence,4371,0.5460195541381836,evidence,4371,0.5460195541381836
ea_llm_self_adaptive_api_1384_run3_20260729_114104.json,1384,25,m_mutation,,contextual components,narrative segments,scene,146,146,True,feature,305,0.326050341129303,feature,305,0.326050341129303
ea_llm_self_adaptive_api_1384_run3_20260729_114104.json,1384,25,m_mutation,,Perceptual Anchors,Epistemological Core,truth,185,185,True,perception,9673,0.35130444169044495,perception,9673,0.35130444169044495
ea_llm_self_adaptive_api_1384_run3_20260729_114104.json,1384,25,crossover,0,Philosophical Narratives,narrative elements,story,30,30,True,theme,2118,0.42842307686805725,theme,2118,0.42842307686805725
ea_llm_self_adaptive_api_1384_run3_20260729_114104.json,1384,25,crossover,1,Philosophical Narratives,philosophical concepts,reality,69,69,True,theme,2118,0.3287942409515381,theme,2118,0.3287942409515381
ea_llm_self_adaptive_api_1384_run3_20260729_114104.json,1384,26,l_mutation,,temporal structures,narrative elements,story,30,30,True,time,733,0.35792824625968933,moment,513,0.300885945558548
ea_llm_self_adaptive_api_1384_run3_20260729_114104.json,1384,26,l_mutation,,systemic frameworks,philosophical concepts,reality,69,69,True,system,28534,0.23306749761104584,model,1699,0.32830169796943665
ea_llm_self_adaptive_api_1384_run3_20260729_114104.json,1384,26,ml_mutation,,Cognitive Foundations,Existential Foundations,fact,114,114,True,perception,9673,0.4847378730773926,reasoning,2747,0.3519802391529083
ea_llm_self_adaptive_api_1384_run3_20260729_114104.json,1384,26,l_mutation,,perceptual dimensions,narrative segments,scene,146,146,True,depth,10248,0.19602417945861816,depth,10248,0.19602417945861816
ea_llm_self_adaptive_api_1384_run3_20260729_114104.json,1384,26,m_mutation,,Ethical Foundations,Epistemological Core,truth,185,185,True,sincerity,11457,0.35170286893844604,honesty,2858,0.49312639236450195
ea_llm_self_adaptive_api_1384_run3_20260729_114104.json,1384,26,crossover,0,Philosophical Narratives,narrative elements,story,30,30,True,theme,2118,0.42842307686805725,idea,1657,0.35565000772476196
ea_llm_self_adaptive_api_1384_run3_20260729_114104.json,1384,26,crossover,1,Philosophical Narratives,philosophical concepts,reality,69,69,True,theme,2118,0.3287942409515381,idea,1657,0.4532109498977661
ea_llm_self_adaptive_api_1384_run3_20260729_114104.json,1384,27,l_mutation,,spatial contexts,narrative elements,story,30,30,True,context,11615,0.2981342673301697,setting,6479,0.2622232139110565
ea_llm_self_adaptive_api_1384_run3_20260729_114104.json,1384,27,ml_mutation,,Epistemological Foundations,Existential Foundations,fact,114,114,True,truth,185,0.547431468963623,truth,185,0.547431468963623
ea_llm_self_adaptive_api_1384_run3_20260729_114104.json,1384,27,l_mutation,,emotional resonance,narrative segments,scene,146,146,True,mood,4180,0.21540577709674835,tone,3617,0.20731814205646515
ea_llm_self_adaptive_api_1384_run3_20260729_114104.json,1384,27,s_mutation,,Veridical Foundations,Epistemological Core,truth,185,185,True,veracity,8542,0.32716429233551025,authenticity,6360,0.32734647393226624
ea_llm_self_adaptive_api_1384_run3_20260729_114104.json,1384,27,l_mutation,,Dynamic Processes,Epistemic Foundations,truth,185,185,True,process,12542,0.28232014179229736,flow,10734,0.06062823906540871
ea_llm_self_adaptive_api_1384_run3_20260729_114104.json,1384,27,crossover,0,Fundamental Narratives,narrative elements,story,30,30,True,theme,2118,0.42842307686805725,theme,2118,0.42842307686805725
ea_llm_self_adaptive_api_1384_run3_20260729_114104.json,1384,27,crossover,1,Fundamental Narratives,Existential Foundations,fact,114,114,True,theme,2118,0.31127357482910156,theme,2118,0.31127357482910156
ea_llm_self_adaptive_api_1384_run3_20260729_114104.json,1384,28,ml_mutation,,human experiences,narrative elements,story,30,30,True,life,590,0.48771604895591736,life,590,0.48771604895591736
ea_llm_self_adaptive_api_1384_run3_20260729_114104.json,1384,28,ml_mutation,,Epistemological Foundations,Existential Foundations,fact,114,114,True,truth,185,0.547431468963623,truth,185,0.547431468963623
ea_llm_self_adaptive_api_1384_run3_20260729_114104.json,1384,28,s_mutation,,storytelling environments,narrative segments,scene,146,146,True,setting,6479,0.3591064512729645,stage,5455,0.3627811372280121
ea_llm_self_adaptive_api_1384_run3_20260729_114104.json,1384,28,ml_mutation,,Ontological Constructs,Epistemological Core,truth,185,185,True,existence,3625,0.4006258547306061,reality,69,0.5505955815315247
ea_llm_self_adaptive_api_1384_run3_20260729_114104.json,1384,28,m_mutation,,Assessment Dimensions,Epistemic Foundations,truth,185,185,True,correctness,5850,0.3054836690425873,correctness,5850,0.3054836690425873
ea_llm_self_adaptive_api_1384_run3_20260729_114104.json,1384,28,crossover,0,Fundamental Concepts in Narrative and Existence,narrative elements,story,30,30,True,essence,8158,0.23733587563037872,essence,8158,0.23733587563037872
ea_llm_self_adaptive_api_1384_run3_20260729_114104.json,1384,28,crossover,1,Fundamental Concepts in Narrative and Existence,Ontological Constructs,reality,69,69,True,essence,8158,0.3928823173046112,essence,8158,0.3928823173046112
ea_llm_self_adaptive_api_1384_run3_20260729_114104.json,1384,29,s_mutation,,narrative forms,narrative elements,story,30,30,True,tale,534,0.7038520574569702,tale,534,0.7038520574569702
ea_llm_self_adaptive_api_1384_run3_20260729_114104.json,1384,29,s_mutation,,spatial narrative units,narrative segments,scene,146,146,True,setting,6479,0.3591064512729645,setting,6479,0.3591064512729645
ea_llm_self_adaptive_api_1384_run3_20260729_114104.json,1384,29,l_mutation,,Structural Foundations,Epistemological Core,truth,185,185,True,framework,29712,0.15591256320476532,system,28534,0.13981661200523376
ea_llm_self_adaptive_api_1384_run3_20260729_114104.json,1384,29,ml_mutation,,narrative themes,narrative forms,episode,188,188,True,theme,2118,0.39781567454338074,theme,2118,0.39781567454338074
ea_llm_self_adaptive_api_1384_run3_20260729_114104.json,1384,29,s_mutation,,temporal progression,temporal dynamics,trend,226,226,True,trajectory,18971,0.29902219772338867,course,4574,0.26550570130348206
ea_llm_self_adaptive_api_1384_run3_20260729_114104.json,1384,29,crossover,0,narrative_parts,narrative elements,story,30,30,True,scene,146,0.4310917556285858,scene,146,0.4310917556285858
ea_llm_self_adaptive_api_1384_run3_20260729_114104.json,1384,29,crossover,1,narrative_parts,narrative segments,scene,146,146,True,scene,146,0.9999998807907104,scene,146,0.9999998807907104
ea_llm_self_adaptive_api_1384_run3_20260729_114104.json,1384,30,m_mutation,,Alternative Story Forms,narrative elements,story,30,30,True,parable,19602,0.3065662384033203,legend,1141,0.39672595262527466
ea_llm_self_adaptive_api_1384_run3_20260729_114104.json,1384,30,m_mutation,,Environmental Frameworks,narrative segments,scene,146,146,True,locale,17073,0.0964578241109848,moment,513,0.44054099917411804
ea_llm_self_adaptive_api_1384_run3_20260729_114104.json,1384,30,l_mutation,,interactive experiences,narrative forms,episode,188,188,True,engagement,1715,0.18057946860790253,engagement,1715,0.18057946860790253
ea_llm_self_adaptive_api_1384_run3_20260729_114104.json,1384,30,s_mutation,,temporal direction,temporal dynamics,trend,226,226,True,direction,3223,0.39301323890686035,direction,3223,0.39301323890686035
ea_llm_self_adaptive_api_1384_run3_20260729_114104.json,1384,30,l_mutation,,dynamic phenomena,contextual components,feature,305,305,True,pulse,7545,0.09202614426612854,spark,1751,0.11302687972784042
ea_llm_self_adaptive_api_1384_run3_20260729_114104.json,1384,30,crossover,0,narrative_elements_segments,narrative elements,story,30,30,True,scene,146,0.4310917556285858,scene,146,0.4310917556285858
ea_llm_self_adaptive_api_1384_run3_20260729_114104.json,1384,30,crossover,1,narrative_elements_segments,narrative segments,scene,146,146,True,scene,146,0.9999998807907104,scene,146,0.9999998807907104
ea_llm_self_adaptive_api_1384_run3_20260729_114104.json,1384,31,l_mutation,,resonant structures,narrative elements,story,30,30,True,resonance,40626,0.08432311564683914,pulse,7545,0.016951382160186768
ea_llm_self_adaptive_api_1384_run3_20260729_114104.json,1384,31,s_mutation,,narrative incidents,narrative forms,episode,188,188,True,incident,1986,0.32779955863952637,scene,146,0.377872109413147
ea_llm_self_adaptive_api_1384_run3_20260729_114104.json,1384,31,ml_mutation,,progression types,temporal dynamics,trend,226,226,True,progress,6292,0.3272627294063568,development,2938,0.34187278151512146
ea_llm_self_adaptive_api_1384_run3_20260729_114104.json,1384,31,m_mutation,,defining attributes,contextual components,feature,305,305,True,trait,10069,0.16325484216213226,quality,4264,0.31607913970947266
ea_llm_self_adaptive_api_1384_run3_20260729_114104.json,1384,31,ml_mutation,,textile structures,network structures,web,345,345,True,weave,11376,0.21794742345809937,knot,6695,0.11585263162851334
ea_llm_self_adaptive_api_1384_run3_20260729_114104.json,1384,31,crossover,0,narrative_events,narrative elements,story,30,30,True,incident,1986,0.2811063528060913,scene,146,0.4310917556285858
ea_llm_self_adaptive_api_1384_run3_20260729_114104.json,1384,31,crossover,1,narrative_events,narrative incidents,scene,146,146,True,incident,1986,0.4890746772289276,scene,146,0.9999998807907104
ea_llm_self_adaptive_api_1384_run3_20260729_114104.json,1384,32,s_mutation,,story variants,narrative elements,story,30,30,True,tale,534,0.7038520574569702,episode,188,0.44256535172462463
ea_llm_self_adaptive_api_1384_run3_20260729_114104.json,1384,32,m_mutation,,types of events,narrative forms,episode,188,188,True,occurrence,8013,0.1387648731470108,moment,513,0.26184701919555664
ea_llm_self_adaptive_api_1384_run3_20260729_114104.json,1384,32,ml_mutation,,directional change,temporal dynamics,trend,226,226,True,drift,14515,0.3557124137878418,drift,14515,0.3557124137878418
ea_llm_self_adaptive_api_1384_run3_20260729_114104.json,1384,32,ml_mutation,,structural aspects,contextual components,feature,305,305,True,structure,37040,0.29830220341682434,pattern,8799,0.22867389023303986
ea_llm_self_adaptive_api_1384_run3_20260729_114104.json,1384,32,ml_mutation,,textile terminology,network structures,web,345,345,True,lattice,40016,0.045046400278806686,knit,9433,0.12726423144340515
ea_llm_self_adaptive_api_1384_run3_20260729_114104.json,1384,32,crossover,0,narrative_constructs,narrative elements,story,30,30,True,arc,13112,0.2540696859359741,theme,2118,0.42842307686805725
ea_llm_self_adaptive_api_1384_run3_20260729_114104.json,1384,32,crossover,1,narrative_constructs,narrative forms,episode,188,188,True,arc,13112,0.25219014286994934,theme,2118,0.39781567454338074
ea_llm_self_adaptive_api_1384_run3_20260729_114104.json,1384,33,l_mutation,,fluid movements,types of events,happening,9,9,True,flow,10734,0.17690786719322205,stream,968,0.05340350791811943
ea_llm_self_adaptive_api_1384_run3_20260729_114104.json,1384,33,s_mutation,,storytypes,narrative elements,story,30,30,True,saga,1956,0.4086382985115051,legend,1141,0.39672595262527466
ea_llm_self_adaptive_api_1384_run3_20260729_114104.json,1384,33,s_mutation,,romantic narrative structures,narrative forms,romance,143,143,True,courtship,14292,0.3563917279243469,infatuation,1179,0.3922663927078247
ea_llm_self_adaptive_api_1384_run3_20260729_114104.json,1384,33,m_mutation,,directional tendencies,temporal dynamics,trend,226,226,True,drift,14515,0.3557124137878418,course,4574,0.26550570130348206
ea_llm_self_adaptive_api_1384_run3_20260729_114104.json,1384,33,ml_mutation,,configurations,contextual components,feature,305,305,True,design,7497,0.41680851578712463,form,5634,0.3360048830509186
ea_llm_self_adaptive_api_1384_run3_20260729_114104.json,1384,33,crossover,0,narrative_events,types of events,happening,9,9,True,moment,513,0.49510523676872253,event,368,0.2935766875743866
ea_llm_self_adaptive_api_1384_run3_20260729_114104.json,1384,33,crossover,1,narrative_events,narrative elements,story,30,30,True,moment,513,0.300885945558548,event,368,0.18818816542625427
ea_llm_self_adaptive_api_1384_run3_20260729_114104.json,1384,34,l_mutation,,natural resonance patterns,types of events,happening,9,9,True,vibration,16445,0.11106927692890167,current,1072,0.22224391996860504
ea_llm_self_adaptive_api_1384_run3_20260729_114104.json,1384,34,ml_mutation,,literary terminology,narrative elements,story,30,30,True,genre,2171,0.35335588455200195,style,1431,0.3367631733417511
ea_llm_self_adaptive_api_1384_run3_20260729_114104.json,1384,34,ml_mutation,,emotional attractors,narrative forms,romance,143,143,True,allure,1542,0.29137903451919556,charm,1025,0.34607475996017456
ea_llm_self_adaptive_api_1384_run3_20260729_114104.json,1384,34,l_mutation,,spatial geometry,temporal dynamics,trend,226,226,True,spatial,61735,0.05568239837884903,form,5634,0.18732987344264984
ea_llm_self_adaptive_api_1384_run3_20260729_114104.json,1384,34,m_mutation,,defining characteristics of entities,contextual components,feature,305,305,True,trait,10069,0.16325484216213226,quality,4264,0.31607913970947266
ea_llm_self_adaptive_api_1384_run3_20260729_114104.json,1384,34,crossover,0,narrative_events,types of events,happening,9,9,True,event,368,0.2935766875743866,scene,146,0.3486567437648773
ea_llm_self_adaptive_api_1384_run3_20260729_114104.json,1384,34,crossover,1,narrative_events,narrative elements,story,30,30,True,event,368,0.18818816542625427,scene,146,0.4310917556285858
ea_llm_self_adaptive_api_1384_run3_20260729_114104.json,1384,35,m_mutation,,causal factors of happenings,types of events,happening,9,9,True,cause,1863,0.2678664028644562,cause,1863,0.2678664028644562
ea_llm_self_adaptive_api_1384_run3_20260729_114104.json,1384,35,m_mutation,,Traditional Story Types,narrative elements,story,30,30,True,fable,7383,0.3552248775959015,myth,974,0.376023530960083
ea_llm_self_adaptive_api_1384_run3_20260729_114104.json,1384,35,m_mutation,,emotional intensity,narrative forms,romance,143,143,True,passion,1110,0.4189794063568115,passion,1110,0.4189794063568115
ea_llm_self_adaptive_api_1384_run3_20260729_114104.json,1384,35,ml_mutation,,change phenomena,temporal dynamics,trend,226,226,True,shift,21280,0.5035640597343445,alter,16331,0.1388244479894638
ea_llm_self_adaptive_api_1384_run3_20260729_114104.json,1384,35,l_mutation,,Dynamic Properties,contextual components,feature,305,305,True,resonance,40626,0.14270612597465515,network,642,0.29141008853912354
ea_llm_self_adaptive_api_1384_run3_20260729_114104.json,1384,35,crossover,0,narrative_events,types of events,happening,9,9,True,moment,513,0.49510523676872253,moment,513,0.49510523676872253
ea_llm_self_adaptive_api_1384_run3_20260729_114104.json,1384,35,crossover,1,narrative_events,narrative elements,story,30,30,True,moment,513,0.300885945558548,moment,513,0.300885945558548
ea_llm_self_adaptive_api_1384_run3_20260729_114104.json,1384,36,s_mutation,,specific events,types of events,happening,9,9,True,development,2938,0.16070276498794556,turn,719,0.2869037985801697
ea_llm_self_adaptive_api_1384_run3_20260729_114104.json,1384,36,ml_mutation,,short narrative forms,narrative elements,story,30,30,True,fable,7383,0.3552248775959015,saga,1956,0.4086382985115051
ea_llm_self_adaptive_api_1384_run3_20260729_114104.json,1384,36,ml_mutation,,forms of expression,narrative forms,romance,143,143,True,music,293,0.2881283760070801,music,293,0.2881283760070801
ea_llm_self_adaptive_api_1384_run3_20260729_114104.json,1384,36,m_mutation,,trend as movement,temporal dynamics,trend,226,226,True,pattern,8799,0.43401214480400085,tendency,1583,0.4829306900501251
ea_llm_self_adaptive_api_1384_run3_20260729_114104.json,1384,36,l_mutation,,resonant patterns,contextual components,feature,305,305,True,resonance,40626,0.14270612597465515,flux,10910,0.04736143723130226
ea_llm_self_adaptive_api_1384_run3_20260729_114104.json,1384,36,crossover,0,narrative_events,types of events,happening,9,9,True,incident,1986,0.3673514127731323,event,368,0.2935766875743866
ea_llm_self_adaptive_api_1384_run3_20260729_114104.json,1384,36,crossover,1,narrative_events,narrative elements,story,30,30,True,incident,1986,0.2811063528060913,event,368,0.18818816542625427
ea_llm_self_adaptive_api_1384_run3_20260729_114104.json,1384,37,ml_mutation,,temporal characteristics,types of events,happening,9,9,True,timing,16017,0.35039180517196655,pulse,7545,0.13053563237190247
ea_llm_self_adaptive_api_1384_run3_20260729_114104.json,1384,37,l_mutation,,emotional landscapes,narrative forms,romance,143,143,True,resonance,40626,0.11495719850063324,mood,4180,0.15209746360778809
ea_llm_self_adaptive_api_1384_run3_20260729_114104.json,1384,37,s_mutation,,temporal direction,temporal dynamics,trend,226,226,True,direction,3223,0.39301323890686035,direction,3223,0.39301323890686035
ea_llm_self_adaptive_api_1384_run3_20260729_114104.json,1384,37,s_mutation,,contextual aspects,contextual components,feature,305,305,True,aspect,4737,0.3671576976776123,aspect,4737,0.3671576976776123
ea_llm_self_adaptive_api_1384_run3_20260729_114104.json,1384,37,s_mutation,,interwoven systems,network structures,web,345,345,True,tapestry,39853,0.06980226933956146,tangle,4373,0.08084406703710556
ea_llm_self_adaptive_api_1384_run3_20260729_114104.json,1384,37,crossover,0,narrative_events,types of events,happening,9,9,True,sequence,35704,0.18079522252082825,tale,534,0.1733705699443817
ea_llm_self_adaptive_api_1384_run3_20260729_114104.json,1384,37,crossover,1,narrative_events,narrative forms,romance,143,143,True,sequence,35704,0.1730777621269226,tale,534,0.5626117587089539
ea_llm_self_adaptive_api_1384_run3_20260729_114104.json,1384,38,l_mutation,,resonant processes,types of events,happening,9,9,True,process,12542,0.24124790728092194,process,12542,0.24124790728092194
ea_llm_self_adaptive_api_1384_run3_20260729_114104.json,1384,38,l_mutation,,emotional states,narrative forms,romance,143,143,True,yearning,9080,0.2703748345375061,longing,3177,0.35973861813545227
ea_llm_self_adaptive_api_1384_run3_20260729_114104.json,1384,38,s_mutation,,Temporal Direction,temporal dynamics,trend,226,226,True,trajectory,18971,0.29902219772338867,direction,3223,0.39301323890686035
ea_llm_self_adaptive_api_1384_run3_20260729_114104.json,1384,38,l_mutation,,morphology,contextual components,feature,305,305,True,form,5634,0.3360048830509186,form,5634,0.3360048830509186
ea_llm_self_adaptive_api_1384_run3_20260729_114104.json,1384,38,ml_mutation,,weaving terms,network structures,web,345,345,True,weft,26632,-0.011013375595211983,yarn,9638,0.024231042712926865
ea_llm_self_adaptive_api_1384_run3_20260729_114104.json,1384,38,crossover,0,narrative_events,types of events,happening,9,9,True,tale,534,0.1733705699443817,episode,188,0.18688198924064636
ea_llm_self_adaptive_api_1384_run3_20260729_114104.json,1384,38,crossover,1,narrative_events,narrative forms,romance,143,143,True,tale,534,0.5626117587089539,episode,188,0.29678937792778015
ea_llm_self_adaptive_api_1384_run3_20260729_114104.json,1384,39,l_mutation,,emergent phenomena,types of events,happening,9,9,True,phenomenon,1409,0.45986321568489075,phenomenon,1409,0.45986321568489075
ea_llm_self_adaptive_api_1384_run3_20260729_114104.json,1384,39,m_mutation,,directional influences,temporal dynamics,trend,226,226,True,vector,16068,0.07963496446609497,bias,1347,0.3279002010822296
ea_llm_self_adaptive_api_1384_run3_20260729_114104.json,1384,39,ml_mutation,,contextual patterns,contextual components,feature,305,305,True,pattern,8799,0.22867389023303986,form,5634,0.3360048830509186
ea_llm_self_adaptive_api_1384_run3_20260729_114104.json,1384,39,s_mutation,,interwoven systems,network structures,web,345,345,True,weave,11376,0.21794742345809937,knit,9433,0.12726423144340515
ea_llm_self_adaptive_api_1384_run3_20260729_114104.json,1384,39,s_mutation,,cosmic matter aspects,cosmic elements,matter,407,407,True,mass,5666,0.24761925637722015,medium,73,0.19245919585227966
ea_llm_self_adaptive_api_1384_run3_20260729_114104.json,1384,39,crossover,0,cosmic_contexts,types of events,happening,9,9,True,medium,73,0.008714822120964527,medium,73,0.008714822120964527
ea_llm_self_adaptive_api_1384_run3_20260729_114104.json,1384,39,crossover,1,cosmic_contexts,cosmic matter aspects,medium,73,73,True,medium,73,1.0000001192092896,medium,73,1.0000001192092896
ea_llm_self_adaptive_api_1384_run3_20260729_114104.json,1384,40,ml_mutation,,event characteristics,types of events,happening,9,9,True,flux,10910,0.11688420921564102,flux,10910,0.11688420921564102
ea_llm_self_adaptive_api_1384_run3_20260729_114104.json,1384,40,s_mutation,,cosmic medium environments,cosmic matter aspects,medium,73,73,True,environment,8605,0.2260662317276001,substance,4883,0.15380938351154327
ea_llm_self_adaptive_api_1384_run3_20260729_114104.json,1384,40,ml_mutation,,spatial configurations,contextual components,feature,305,305,True,layout,3339,0.4171764552593231,layout,3339,0.4171764552593231
ea_llm_self_adaptive_api_1384_run3_20260729_114104.json,1384,40,m_mutation,,material attributes,cosmic elements,matter,407,407,True,texture,26212,0.2041320949792862,form,5634,0.3274112045764923
ea_llm_self_adaptive_api_1384_run3_20260729_114104.json,1384,40,m_mutation,,general shape characteristics,land descriptors,profile,476,476,True,form,5634,0.19663800299167633,form,5634,0.19663800299167633
ea_llm_self_adaptive_api_1384_run3_20260729_114104.json,1384,40,crossover,0,cosmic_event_components,types of events,happening,9,9,True,component,20647,0.026830242946743965,medium,73,0.008714822120964527
ea_llm_self_adaptive_api_1384_run3_20260729_114104.json,1384,40,crossover,1,cosmic_event_components,cosmic matter aspects,medium,73,73,True,component,20647,0.27887144684791565,medium,73,1.0000001192092896
ea_llm_self_adaptive_api_1384_run3_20260729_114104.json,1384,41,l_mutation,,dynamic natural processes,types of events,happening,9,9,True,surge,23759,0.22765763103961945,pulse,7545,0.13053563237190247
ea_llm_self_adaptive_api_1384_run3_20260729_114104.json,1384,41,s_mutation,,cosmic material,cosmic elements,matter,407,407,True,material,3270,0.4175227880477905,material,3270,0.4175227880477905
ea_llm_self_adaptive_api_1384_run3_20260729_114104.json,1384,41,m_mutation,,visual outlines,land descriptors,profile,476,476,True,outline,32478,0.16296494007110596,image,422,0.4430425763130188
ea_llm_self_adaptive_api_1384_run3_20260729_114104.json,1384,41,m_mutation,,predictive anticipation,expectations and conventions,expected,588,588,True,forecast,9225,0.591471791267395,anticipation,4212,0.3297680616378784
ea_llm_self_adaptive_api_1384_run3_20260729_114104.json,1384,41,s_mutation,,recurring time cycles,time,week,611,611,True,cycle,10834,0.21832828223705292,cycle,10834,0.21832828223705292
ea_llm_self_adaptive_api_1384_run3_20260729_114104.json,1384,41,crossover,0,universal_forces,types of events,happening,9,9,True,force,10567,0.1522788256406784,element,10018,0.15047790110111237
ea_llm_self_adaptive_api_1384_run3_20260729_114104.json,1384,41,crossover,1,universal_forces,cosmic elements,matter,407,407,True,force,10567,0.3136800527572632,element,10018,0.28162336349487305
ea_llm_self_adaptive_api_1384_run3_20260729_114104.json,1384,42,m_mutation,,temporal occurrences,types of events,happening,9,9,True,phase,17951,0.1180872991681099,turn,719,0.2869037985801697
ea_llm_self_adaptive_api_1384_run3_20260729_114104.json,1384,42,s_mutation,,cosmic material,cosmic elements,matter,407,407,True,material,3270,0.4175227880477905,material,3270,0.4175227880477905
ea_llm_self_adaptive_api_1384_run3_20260729_114104.json,1384,42,l_mutation,,dynamic flow,visual outlines,image,422,422,True,vibrancy,28313,0.09639982134103775,flow,10734,0.18756616115570068
ea_llm_self_adaptive_api_1384_run3_20260729_114104.json,1384,42,ml_mutation,,shape descriptors,land descriptors,profile,476,476,True,outline,32478,0.16296494007110596,form,5634,0.19663800299167633
ea_llm_self_adaptive_api_1384_run3_20260729_114104.json,1384,42,m_mutation,,Anticipated Outcomes and Their Implications,expectations and conventions,expected,588,588,True,prospect,6393,0.28224021196365356,prospect,6393,0.28224021196365356
ea_llm_self_adaptive_api_1384_run3_20260729_114104.json,1384,42,crossover,0,cosmic_dynamics,types of events,happening,9,9,True,energy,14895,0.1256031095981598,element,10018,0.15047790110111237
ea_llm_self_adaptive_api_1384_run3_20260729_114104.json,1384,42,crossover,1,cosmic_dynamics,cosmic elements,matter,407,407,True,energy,14895,0.28764787316322327,element,10018,0.28162336349487305
ea_llm_self_adaptive_api_1384_run3_20260729_114104.json,1384,43,l_mutation,,causal origins,types of events,happening,9,9,True,mechanism,43844,0.17740823328495026,source,594,0.12375970929861069
ea_llm_self_adaptive_api_1384_run3_20260729_114104.json,1384,43,m_mutation,,legal and formal contexts,cosmic elements,matter,407,407,True,legal,2749,0.44009026885032654,issue,1138,0.5832932591438293
ea_llm_self_adaptive_api_1384_run3_20260729_114104.json,1384,43,ml_mutation,,visual characteristics,visual outlines,image,422,422,True,form,5634,0.28175151348114014,form,5634,0.28175151348114014
ea_llm_self_adaptive_api_1384_run3_20260729_114104.json,1384,43,ml_mutation,,geographical terms,land descriptors,profile,476,476,True,ridge,17609,0.1327992081642151,form,5634,0.19663800299167633
ea_llm_self_adaptive_api_1384_run3_20260729_114104.json,1384,43,m_mutation,,predictive outcomes,expectations and conventions,expected,588,588,True,predict,9538,0.5132231712341309,anticipate,6870,0.42146027088165283
ea_llm_self_adaptive_api_1384_run3_20260729_114104.json,1384,43,crossover,0,cosmic elements and forces,types of events,happening,9,9,True,element,10018,0.15047790110111237,element,10018,0.15047790110111237
ea_llm_self_adaptive_api_1384_run3_20260729_114104.json,1384,43,crossover,1,cosmic elements and forces,cosmic elements,matter,407,407,True,element,10018,0.28162336349487305,element,10018,0.28162336349487305
ea_llm_self_adaptive_api_1384_run3_20260729_114104.json,1384,44,s_mutation,,specific occurrences,types of events,happening,9,9,True,matter,407,0.4025341272354126,episode,188,0.18688198924064636
ea_llm_self_adaptive_api_1384_run3_20260729_114104.json,1384,44,l_mutation,,cosmic processes,cosmic elements,matter,407,407,True,flux,10910,0.18337199091911316,current,1072,0.32711875438690186
ea_llm_self_adaptive_api_1384_run3_20260729_114104.json,1384,44,l_mutation,,dynamic processes,land descriptors,profile,476,476,True,rhythm,13215,-0.0031771643552929163,pulse,7545,0.047346316277980804
ea_llm_self_adaptive_api_1384_run3_20260729_114104.json,1384,44,s_mutation,,anticipated expectations,expectations and conventions,expected,588,588,True,anticipated,6870,0.6122038960456848,projected,6854,0.5559415221214294
ea_llm_self_adaptive_api_1384_run3_20260729_114104.json,1384,44,s_mutation,,cognitive anticipation,predictive outcomes,expect,588,588,True,foresee,38003,0.4732801020145416,presume,4235,0.3779766857624054
ea_llm_self_adaptive_api_1384_run3_20260729_114104.json,1384,44,crossover,0,specific_events,types of events,happening,9,9,True,episode,188,0.18688198924064636,episode,188,0.18688198924064636
ea_llm_self_adaptive_api_1384_run3_20260729_114104.json,1384,44,crossover,1,specific_events,specific occurrences,episode,188,188,True,episode,188,1.0,episode,188,1.0
ea_llm_self_adaptive_api_1384_run3_20260729_114104.json,1384,45,m_mutation,,growth and expansion phenomena,types of events,happening,9,9,True,growth,11015,0.2048463076353073,growth,11015,0.2048463076353073
ea_llm_self_adaptive_api_1384_run3_20260729_114104.json,1384,45,ml_mutation,,physical properties,cosmic elements,matter,407,407,True,density,38354,0.1840389221906662,state,6320,0.27597007155418396
ea_llm_self_adaptive_api_1384_run3_20260729_114104.json,1384,45,l_mutation,,natural forces,land descriptors,profile,476,476,True,gravity,12605,0.12667572498321533,gravity,12605,0.12667572498321533
ea_llm_self_adaptive_api_1384_run3_20260729_114104.json,1384,45,l_mutation,,natural rhythms and processes,expectations and conventions,expected,588,588,True,pulse,7545,0.03376717492938042,pulse,7545,0.03376717492938042
ea_llm_self_adaptive_api_1384_run3_20260729_114104.json,1384,45,l_mutation,,mental imagery,predictive outcomes,expect,588,588,True,imagine,1435,0.4352859556674957,imagine,1435,0.4352859556674957
ea_llm_self_adaptive_api_1384_run3_20260729_114104.json,1384,45,crossover,0,fundamental_cosmic_constructs,types of events,happening,9,9,True,force,10567,0.1522788256406784,matter,407,0.4025341272354126
ea_llm_self_adaptive_api_1384_run3_20260729_114104.json,1384,45,crossover,1,fundamental_cosmic_constructs,cosmic elements,matter,407,407,True,force,10567,0.3136800527572632,matter,407,1.0
ea_llm_self_adaptive_api_1384_run3_20260729_114104.json,1384,46,s_mutation,,types of occurrences,types of events,happening,9,9,True,turn,719,0.2869037985801697,turn,719,0.2869037985801697
ea_llm_self_adaptive_api_1384_run3_20260729_114104.json,1384,46,ml_mutation,,conceptual constructs,mental imagery,picture,45,45,True,construct,31913,0.11122944951057434,model,1699,0.2635519504547119
ea_llm_self_adaptive_api_1384_run3_20260729_114104.json,1384,46,m_mutation,,material essence,cosmic elements,matter,407,407,True,essence,8158,0.37443533539772034,form,5634,0.3274112045764923
ea_llm_self_adaptive_api_1384_run3_20260729_114104.json,1384,46,s_mutation,,land outlines,land descriptors,profile,476,476,True,outline,32478,0.16296494007110596,form,5634,0.19663800299167633
ea_llm_self_adaptive_api_1384_run3_20260729_114104.json,1384,46,s_mutation,,social standards,expectations and conventions,expected,588,588,True,standard,7224,0.2592974603176117,standard,7224,0.2592974603176117
ea_llm_self_adaptive_api_1384_run3_20260729_114104.json,1384,46,crossover,0,Mental Events,types of events,happening,9,9,True,idea,1657,0.3800051510334015,thought,309,0.45669442415237427
ea_llm_self_adaptive_api_1384_run3_20260729_114104.json,1384,46,crossover,1,Mental Events,mental imagery,picture,45,45,True,idea,1657,0.31580650806427,thought,309,0.33453914523124695
ea_llm_self_adaptive_api_1384_run3_20260729_114104.json,1384,47,s_mutation,,types of occurrences,types of events,happening,9,9,True,milestone,9396,0.1698443740606308,episode,188,0.18688198924064636
ea_llm_self_adaptive_api_1384_run3_20260729_114104.json,1384,47,m_mutation,,Artistic Mediums,mental imagery,picture,45,45,True,paint,11375,0.38119903206825256,paint,11375,0.38119903206825256
ea_llm_self_adaptive_api_1384_run3_20260729_114104.json,1384,47,s_mutation,,physical matter,cosmic elements,matter,407,407,True,mass,5666,0.24761925637722015,mass,5666,0.24761925637722015
ea_llm_self_adaptive_api_1384_run3_20260729_114104.json,1384,47,s_mutation,,land outlines,land descriptors,profile,476,476,True,silhouette,18163,0.1911139339208603,line,1880,0.0862782746553421
ea_llm_self_adaptive_api_1384_run3_20260729_114104.json,1384,47,s_mutation,,expected conventions,expectations and conventions,expected,588,588,True,routine,3340,0.19455461204051971,typical,3160,0.1977449208498001
ea_llm_self_adaptive_api_1384_run3_20260729_114104.json,1384,47,crossover,0,mental_event_imagery,types of events,happening,9,9,True,imagine,1435,0.5871155858039856,picture,45,0.26964297890663147
ea_llm_self_adaptive_api_1384_run3_20260729_114104.json,1384,47,crossover,1,mental_event_imagery,mental imagery,picture,45,45,True,imagine,1435,0.38718393445014954,picture,45,1.0
ea_llm_self_adaptive_api_1384_run3_20260729_114104.json,1384,48,ml_mutation,,event consequences,types of events,happening,9,9,True,effect,8032,0.32847654819488525,result,2346,0.3387930393218994
ea_llm_self_adaptive_api_1384_run3_20260729_114104.json,1384,48,m_mutation,,Physical Artifacts,mental imagery,picture,45,45,True,frame,17871,0.375110000371933,icon,2385,0.27122533321380615
ea_llm_self_adaptive_api_1384_run3_20260729_114104.json,1384,48,s_mutation,,material properties,cosmic elements,matter,407,407,True,mass,5666,0.24761925637722015,form,5634,0.3274112045764923
ea_llm_self_adaptive_api_1384_run3_20260729_114104.json,1384,48,ml_mutation,,morphological descriptors,land descriptors,profile,476,476,True,outline,32478,0.16296494007110596,texture,26212,0.13637018203735352
ea_llm_self_adaptive_api_1384_run3_20260729_114104.json,1384,48,m_mutation,,psychological anticipation,expectations and conventions,expected,588,588,True,prognosis,43640,0.14452612400054932,prospect,6393,0.28224021196365356
ea_llm_self_adaptive_api_1384_run3_20260729_114104.json,1384,48,crossover,0,Conceptual Constructs,types of events,happening,9,9,True,concept,6998,0.22106072306632996,thought,309,0.45669442415237427
ea_llm_self_adaptive_api_1384_run3_20260729_114104.json,1384,48,crossover,1,Conceptual Constructs,mental imagery,picture,45,45,True,concept,6998,0.26308417320251465,thought,309,0.33453914523124695
ea_llm_self_adaptive_api_1384_run3_20260729_114104.json,1384,49,ml_mutation,,planning and strategy,types of events,happening,9,9,True,plan,9790,0.15219053626060486,plan,9790,0.15219053626060486
ea_llm_self_adaptive_api_1384_run3_20260729_114104.json,1384,49,l_mutation,,artistic mediums,mental imagery,picture,45,45,True,sculpture,28220,0.27282124757766724,carving,24850,0.10556252300739288
ea_llm_self_adaptive_api_1384_run3_20260729_114104.json,1384,49,m_mutation,,material forms,cosmic elements,matter,407,407,True,state,6320,0.27597007155418396,form,5634,0.3274112045764923
ea_llm_self_adaptive_api_1384_run3_20260729_114104.json,1384,49,ml_mutation,,cartographic terminology,land descriptors,profile,476,476,True,scale,20354,0.2400708645582199,legend,1141,0.08668156713247299
ea_llm_self_adaptive_api_1384_run3_20260729_114104.json,1384,49,s_mutation,,social appropriateness and tradition,expectations and conventions,expected,588,588,True,appropriate,9212,0.281670480966568,appropriate,9212,0.281670480966568
ea_llm_self_adaptive_api_1384_run3_20260729_114104.json,1384,49,crossover,0,imagined_events,types of events,happening,9,9,True,imagine,1435,0.5871155858039856,imagine,1435,0.5871155858039856
ea_llm_self_adaptive_api_1384_run3_20260729_114104.json,1384,49,crossover,1,imagined_events,mental imagery,picture,45,45,True,imagine,1435,0.38718393445014954,imagine,1435,0.38718393445014954
ea_llm_self_adaptive_api_1384_run3_20260729_114104.json,1384,50,l_mutation,,natural patterns,types of events,happening,9,9,True,pattern,8799,0.24332448840141296,design,7497,0.06757565587759018
ea_llm_self_adaptive_api_1384_run3_20260729_114104.json,1384,50,ml_mutation,,description methods,mental imagery,picture,45,45,True,outline,32478,0.2924095690250397,portray,977,0.2586336135864258
ea_llm_self_adaptive_api_1384_run3_20260729_114104.json,1384,50,s_mutation,,cultural traditions,expectations and conventions,culture,269,269,True,tradition,8284,0.5521066188812256,folklore,3620,0.48538023233413696
ea_llm_self_adaptive_api_1384_run3_20260729_114104.json,1384,50,m_mutation,,material states,cosmic elements,matter,407,407,True,phase,17951,0.24013914167881012,form,5634,0.3274112045764923
ea_llm_self_adaptive_api_1384_run3_20260729_114104.json,1384,50,s_mutation,,land elevation and ridge features,land descriptors,profile,476,476,True,ridge,17609,0.1327992081642151,ridge,17609,0.1327992081642151
ea_llm_self_adaptive_api_1384_run3_20260729_114104.json,1384,50,crossover,0,mental_events,types of events,happening,9,9,True,imagine,1435,0.5871155858039856,imagine,1435,0.5871155858039856
ea_llm_self_adaptive_api_1384_run3_20260729_114104.json,1384,50,crossover,1,mental_events,mental imagery,picture,45,45,True,imagine,1435,0.38718393445014954,imagine,1435,0.38718393445014954
ea_llm_self_adaptive_api_1384_run4_20260729_125300.json,1384,1,s_mutation,,emotional bonds,feelings,love,164,164,True,devotion,6107,0.4835405647754669,devotion,6107,0.4835405647754669
ea_llm_self_adaptive_api_1384_run4_20260729_125300.json,1384,1,s_mutation,,rhythmic movements,activities,dance,444,444,True,twirl,8323,0.2004447728395462,spin,363,0.24168890714645386
ea_llm_self_adaptive_api_1384_run4_20260729_125300.json,1384,1,l_mutation,,network nodes,places,site,489,489,True,nodes,36136,0.05524377524852753,hubs,2244,0.014050011523067951
ea_llm_self_adaptive_api_1384_run4_20260729_125300.json,1384,1,ml_mutation,,states_of_being,emotions,sad,518,518,True,lonely,1521,0.464134156703949,tired,741,0.4479503631591797
ea_llm_self_adaptive_api_1384_run4_20260729_125300.json,1384,1,s_mutation,,time cycles,time,week,611,611,True,cycle,10834,0.21832828223705292,cycle,10834,0.21832828223705292
ea_llm_self_adaptive_api_1384_run4_20260729_125300.json,1384,1,crossover,0,emotional_motion,feelings,love,164,164,True,sway,3172,0.03897498548030853,sway,3172,0.03897498548030853
ea_llm_self_adaptive_api_1384_run4_20260729_125300.json,1384,1,crossover,1,emotional_motion,rhythmic movements,spin,363,363,True,sway,3172,0.1496349722146988,sway,3172,0.1496349722146988
ea_llm_self_adaptive_api_1384_run4_20260729_125300.json,1384,2,m_mutation,,Auditory Awareness,activities,listen,154,154,True,heed,6994,0.43298909068107605,note,2730,0.22746045887470245
ea_llm_self_adaptive_api_1384_run4_20260729_125300.json,1384,2,m_mutation,,actions of caring,feelings,love,164,164,True,care,1278,0.27297893166542053,care,1278,0.27297893166542053
ea_llm_self_adaptive_api_1384_run4_20260729_125300.json,1384,2,s_mutation,,rotational motions,rhythmic movements,spin,363,363,True,rotate,14353,0.3244367241859436,turn,719,0.38955989480018616
ea_llm_self_adaptive_api_1384_run4_20260729_125300.json,1384,2,ml_mutation,,structures,places,site,489,489,True,structure,37040,0.34472882747650146,bridge,11122,0.32988041639328003
ea_llm_self_adaptive_api_1384_run4_20260729_125300.json,1384,2,s_mutation,,sorrowful feelings,emotions,sad,518,518,True,mournful,29488,0.4241539239883423,mournful,29488,0.4241539239883423
ea_llm_self_adaptive_api_1384_run4_20260729_125300.json,1384,2,crossover,0,empathetic activities,activities,listen,154,154,True,listen,154,1.0,listen,154,1.0
ea_llm_self_adaptive_api_1384_run4_20260729_125300.json,1384,2,crossover,1,empathetic activities,feelings,love,164,164,True,listen,154,0.37975823879241943,listen,154,0.37975823879241943
ea_llm_self_adaptive_api_1384_run4_20260729_125300.json,1384,3,m_mutation,,perception,activities,listen,154,154,True,hear,216,0.7479684352874756,hear,216,0.7479684352874756
ea_llm_self_adaptive_api_1384_run4_20260729_125300.json,1384,3,ml_mutation,,social bonds,feelings,love,164,164,True,bond,4521,0.1998254358768463,trust,3961,0.2844618260860443
ea_llm_self_adaptive_api_1384_run4_20260729_125300.json,1384,3,m_mutation,,Cognitive Comprehension of Sound,Auditory Awareness,hear,216,216,True,understand,2275,0.49227145314216614,understand,2275,0.49227145314216614
ea_llm_self_adaptive_api_1384_run4_20260729_125300.json,1384,3,ml_mutation,,body movement types,rhythmic movements,spin,363,363,True,sway,3172,0.1496349722146988,twist,1107,0.42050954699516296
ea_llm_self_adaptive_api_1384_run4_20260729_125300.json,1384,3,ml_mutation,,structures,places,site,489,489,True,stadium,12260,0.2765902280807495,complex,7553,0.41779080033302307
ea_llm_self_adaptive_api_1384_run4_20260729_125300.json,1384,3,crossover,0,emotional_actions,activities,listen,154,154,True,listen,154,1.0,listen,154,1.0
ea_llm_self_adaptive_api_1384_run4_20260729_125300.json,1384,3,crossover,1,emotional_actions,feelings,love,164,164,True,listen,154,0.37975823879241943,listen,154,0.37975823879241943
ea_llm_self_adaptive_api_1384_run4_20260729_125300.json,1384,4,l_mutation,,communication mediums,activities,chat,28,28,True,medium,73,0.06443433463573456,medium,73,0.06443433463573456
ea_llm_self_adaptive_api_1384_run4_20260729_125300.json,1384,4,m_mutation,,social bonds,feelings,love,164,164,True,cohesion,44728,0.08822367340326309,network,642,0.1428949534893036
ea_llm_self_adaptive_api_1384_run4_20260729_125300.json,1384,4,ml_mutation,,Emotional Responses to Sound,Auditory Awareness,hear,216,216,True,feel,1049,0.46137678623199463,feel,1049,0.46137678623199463
ea_llm_self_adaptive_api_1384_run4_20260729_125300.json,1384,4,ml_mutation,,sound qualities,perception,hear,216,216,True,tone,3617,0.30908477306365967,tone,3617,0.30908477306365967
ea_llm_self_adaptive_api_1384_run4_20260729_125300.json,1384,4,m_mutation,,rotational mechanics,rhythmic movements,spin,363,363,True,revolve,1197,0.1695338636636734,revolve,1197,0.1695338636636734
ea_llm_self_adaptive_api_1384_run4_20260729_125300.json,1384,4,crossover,0,interactive communication,activities,chat,28,28,True,chat,28,0.9999999403953552,chat,28,0.9999999403953552
ea_llm_self_adaptive_api_1384_run4_20260729_125300.json,1384,4,crossover,1,interactive communication,communication mediums,medium,73,73,True,chat,28,0.06443433463573456,chat,28,0.06443433463573456
ea_llm_self_adaptive_api_1384_run4_20260729_125300.json,1384,5,s_mutation,,communication,activities,chat,28,28,True,converse,2594,0.10498009622097015,speak,1805,0.26703181862831116
ea_llm_self_adaptive_api_1384_run4_20260729_125300.json,1384,5,l_mutation,,spatial dynamics,interactive communication,chat,28,28,True,space,8434,0.11477655172348022,space,8434,0.11477655172348022
ea_llm_self_adaptive_api_1384_run4_20260729_125300.json,1384,5,m_mutation,,Physical connections,social bonds,link,109,109,True,chain,13002,0.3203367590904236,joint,8190,0.2658534646034241
ea_llm_self_adaptive_api_1384_run4_20260729_125300.json,1384,5,m_mutation,,physical expressions of affection,feelings,love,164,164,True,touch,2411,0.4014741778373718,touch,2411,0.4014741778373718
ea_llm_self_adaptive_api_1384_run4_20260729_125300.json,1384,5,l_mutation,,Visual Engagement,Auditory Awareness,hear,216,216,True,see,436,0.5146951079368591,watch,299,0.4288397431373596
ea_llm_self_adaptive_api_1384_run4_20260729_125300.json,1384,5,crossover,0,interactive communication activities,activities,chat,28,28,True,interact,3400,0.39480724930763245,engage,713,0.29452410340309143
ea_llm_self_adaptive_api_1384_run4_20260729_125300.json,1384,5,crossover,1,interactive communication activities,interactive communication,chat,28,28,True,interact,3400,0.39480724930763245,engage,713,0.29452410340309143
ea_llm_self_adaptive_api_1384_run4_20260729_125300.json,1384,6,ml_mutation,,communication methods,activities,chat,28,28,True,negotiate,43099,0.09099777787923813,debate,1284,0.24309761822223663
ea_llm_self_adaptive_api_1384_run4_20260729_125300.json,1384,6,m_mutation,,casual chat contexts,interactive communication,chat,28,28,True,topic,144,0.3434213697910309,topic,144,0.3434213697910309
ea_llm_self_adaptive_api_1384_run4_20260729_125300.json,1384,6,l_mutation,,geography,social bonds,link,109,109,True,landscape,21238,0.07836312055587769,map,10142,0.3198893964290619
ea_llm_self_adaptive_api_1384_run4_20260729_125300.json,1384,6,s_mutation,,affectionate states,feelings,love,164,164,True,cherish,6032,0.3377106785774231,cherish,6032,0.3377106785774231
ea_llm_self_adaptive_api_1384_run4_20260729_125300.json,1384,6,ml_mutation,,Cognitive Responsiveness,Auditory Awareness,hear,216,216,True,respond,5495,0.42358294129371643,respond,5495,0.42358294129371643
ea_llm_self_adaptive_api_1384_run4_20260729_125300.json,1384,6,crossover,0,Interactive Communication,activities,chat,28,28,True,interact,3400,0.39480724930763245,chat,28,0.9999999403953552
ea_llm_self_adaptive_api_1384_run4_20260729_125300.json,1384,6,crossover,1,Interactive Communication,interactive communication,chat,28,28,True,interact,3400,0.39480724930763245,chat,28,0.9999999403953552
ea_llm_self_adaptive_api_1384_run5_20260729_172325.json,1384,1,l_mutation,,material properties,weather,hot,17,17,True,material,3270,0.21146656572818756,material,3270,0.21146656572818756
ea_llm_self_adaptive_api_1384_run5_20260729_172325.json,1384,1,ml_mutation,,emotional_states,abstract_concepts,love,164,164,True,grief,4305,0.4026450216770172,nostalgia,1955,0.3564506769180298
ea_llm_self_adaptive_api_1384_run5_20260729_172325.json,1384,1,l_mutation,,shapes,actions,dance,444,444,True,circle,854,0.25112149119377136,circle,854,0.25112149119377136
ea_llm_self_adaptive_api_1384_run5_20260729_172325.json,1384,1,s_mutation,,gloomy states,emotions,sad,518,518,True,sorrow,5916,0.4018079936504364,melancholy,4480,0.5043209791183472
ea_llm_self_adaptive_api_1384_run5_20260729_172325.json,1384,1,ml_mutation,,repetitions,time_units,week,611,611,True,rotation,15141,0.19344423711299896,rotation,15141,0.19344423711299896
ea_llm_self_adaptive_api_1384_run5_20260729_172325.json,1384,1,crossover,0,emotional_weather,weather,hot,17,17,True,cold,6010,0.5093752145767212,hot,17,1.0000001192092896
ea_llm_self_adaptive_api_1384_run5_20260729_172325.json,1384,1,crossover,1,emotional_weather,abstract_concepts,love,164,164,True,cold,6010,0.22222137451171875,hot,17,0.3344089686870575
ea_llm_self_adaptive_api_1384_run5_20260729_172325.json,1384,2,m_mutation,,physical_sensations,weather,hot,17,17,True,burn,2919,0.2422892153263092,burn,2919,0.2422892153263092
ea_llm_self_adaptive_api_1384_run5_20260729_172325.json,1384,2,l_mutation,,cultural_practices,abstract_concepts,love,164,164,True,tradition,8284,0.3472445011138916,ritual,7226,0.24577276408672333
ea_llm_self_adaptive_api_1384_run5_20260729_172325.json,1384,2,s_mutation,,learning activities,actions,read,222,222,True,learn,1289,0.46430400013923645,learn,1289,0.46430400013923645
ea_llm_self_adaptive_api_1384_run5_20260729_172325.json,1384,2,l_mutation,,social_structures,emotional_states,shame,506,506,True,status,4696,0.06390750408172607,community,1211,0.18987701833248138
ea_llm_self_adaptive_api_1384_run5_20260729_172325.json,1384,2,ml_mutation,,emotional descriptors,emotions,sad,518,518,True,depressed,727,0.35131922364234924,depressed,727,0.35131922364234924
ea_llm_self_adaptive_api_1384_run5_20260729_172325.json,1384,2,crossover,0,weather_emotion,weather,hot,17,17,True,stormy,15293,0.16188299655914307,sunny,9397,0.3500138521194458
ea_llm_self_adaptive_api_1384_run5_20260729_172325.json,1384,2,crossover,1,weather_emotion,abstract_concepts,love,164,164,True,stormy,15293,0.11195098608732224,sunny,9397,0.2123824656009674
ea_llm_self_adaptive_api_1384_run5_20260729_172325.json,1384,3,l_mutation,,physical_states,weather,hot,17,17,True,solid,11642,0.21895287930965424,solid,11642,0.21895287930965424
ea_llm_self_adaptive_api_1384_run5_20260729_172325.json,1384,3,m_mutation,,emotional_actions,abstract_concepts,love,164,164,True,care,1278,0.27297893166542053,care,1278,0.27297893166542053
ea_llm_self_adaptive_api_1384_run5_20260729_172325.json,1384,3,m_mutation,,cognitive_processes,actions,read,222,222,True,analyze,9085,0.21997208893299103,comprehend,8419,0.29268303513526917
ea_llm_self_adaptive_api_1384_run5_20260729_172325.json,1384,3,l_mutation,,symbols,emotional_states,shame,506,506,True,symbol,20313,0.31516432762145996,icon,2385,0.18058770895004272
ea_llm_self_adaptive_api_1384_run5_20260729_172325.json,1384,3,l_mutation,,natural_landscapes,emotions,sad,518,518,True,hill,1854,0.04476504027843475,hill,1854,0.04476504027843475
ea_llm_self_adaptive_api_1384_run5_20260729_172325.json,1384,3,crossover,0,environmental_abstractions,weather,hot,17,17,True,storm,10369,0.2525021433830261,storm,10369,0.2525021433830261
ea_llm_self_adaptive_api_1384_run5_20260729_172325.json,1384,3,crossover,1,environmental_abstractions,abstract_concepts,love,164,164,True,storm,10369,0.11252142488956451,storm,10369,0.11252142488956451
ea_llm_self_adaptive_api_1384_run5_20260729_172325.json,1384,4,m_mutation,,emotional heat,weather,hot,17,17,True,spicy,1012,0.4054068624973297,spicy,1012,0.4054068624973297
ea_llm_self_adaptive_api_1384_run5_20260729_172325.json,1384,4,l_mutation,,settings,emotional_states,embarrassed,110,110,True,meeting,1436,0.18954411149024963,event,368,0.07346145063638687
ea_llm_self_adaptive_api_1384_run5_20260729_172325.json,1384,4,l_mutation,,celestial_objects,abstract_concepts,love,164,164,True,star,70,0.31479841470718384,star,70,0.31479841470718384
ea_llm_self_adaptive_api_1384_run5_20260729_172325.json,1384,4,s_mutation,,reading activities,actions,read,222,222,True,scan,1593,0.25657370686531067,scan,1593,0.25657370686531067
ea_llm_self_adaptive_api_1384_run5_20260729_172325.json,1384,4,ml_mutation,,mental_health_terms,emotions,sad,518,518,True,depression,7555,0.1673821061849594,depression,7555,0.1673821061849594
ea_llm_self_adaptive_api_1384_run5_20260729_172325.json,1384,4,crossover,0,celestial_weather,weather,hot,17,17,True,meteor,15338,0.14148129522800446,storm,10369,0.2525021433830261
ea_llm_self_adaptive_api_1384_run5_20260729_172325.json,1384,4,crossover,1,celestial_weather,celestial_objects,star,70,70,True,meteor,15338,0.12180905044078827,storm,10369,0.1437826156616211
ea_llm_self_adaptive_api_1384_run5_20260729_172325.json,1384,5,ml_mutation,,thermal states,weather,hot,17,17,True,fever,2449,0.2668991982936859,chill,2421,0.31347277760505676
ea_llm_self_adaptive_api_1384_run5_20260729_172325.json,1384,5,l_mutation,,navigation,celestial_objects,star,70,70,True,compass,34579,0.16688881814479828,map,10142,0.1576860547065735
ea_llm_self_adaptive_api_1384_run5_20260729_172325.json,1384,5,ml_mutation,,social_discomfort,emotional_states,embarrassed,110,110,True,shy,1326,0.30906450748443604,shy,1326,0.30906450748443604
ea_llm_self_adaptive_api_1384_run5_20260729_172325.json,1384,5,s_mutation,,visual contexts,settings,scene,146,146,True,backdrop,11966,0.3518178164958954,stage,5455,0.3627811372280121
ea_llm_self_adaptive_api_1384_run5_20260729_172325.json,1384,5,m_mutation,,emotional_connections,abstract_concepts,love,164,164,True,affection,4205,0.5818217992782593,affection,4205,0.5818217992782593
ea_llm_self_adaptive_api_1384_run5_20260729_172325.json,1384,5,crossover,0,celestial_weather,weather,hot,17,17,True,comet,14775,0.09024301171302795,comet,14775,0.09024301171302795
ea_llm_self_adaptive_api_1384_run5_20260729_172325.json,1384,5,crossover,1,celestial_weather,celestial_objects,star,70,70,True,comet,14775,0.18014411628246307,comet,14775,0.18014411628246307
ea_llm_self_adaptive_api_1384_run5_20260729_172325.json,1384,6,m_mutation,,Physical Heat Experiences,weather,hot,17,17,True,fire,3793,0.3087564706802368,fire,3793,0.3087564706802368
ea_llm_self_adaptive_api_1384_run5_20260729_172325.json,1384,6,ml_mutation,,celestial descriptors,celestial_objects,star,70,70,True,bright,8352,0.35167357325553894,glowing,5235,0.2272622436285019
ea_llm_self_adaptive_api_1384_run5_20260729_172325.json,1384,6,l_mutation,,social_behaviors,emotional_states,embarrassed,110,110,True,gesture,15968,0.2533757984638214,manner,2202,0.14001519978046417
ea_llm_self_adaptive_api_1384_run5_20260729_172325.json,1384,6,m_mutation,,narrative segments,settings,scene,146,146,True,episode,188,0.377872109413147,episode,188,0.377872109413147
ea_llm_self_adaptive_api_1384_run5_20260729_172325.json,1384,6,s_mutation,,emotional_bonds,abstract_concepts,love,164,164,True,tenderness,13502,0.26610755920410156,adoration,3216,0.2603650689125061
ea_llm_self_adaptive_api_1384_run5_20260729_172325.json,1384,6,crossover,0,celestial_weather_phenomena,weather,hot,17,17,True,asteroid,19153,0.08695867657661438,comet,14775,0.09024301171302795
ea_llm_self_adaptive_api_1384_run5_20260729_172325.json,1384,6,crossover,1,celestial_weather_phenomena,celestial_objects,star,70,70,True,asteroid,19153,0.15309782326221466,comet,14775,0.18014411628246307
ea_llm_self_adaptive_api_1384_run5_20260729_172325.json,1384,7,ml_mutation,,emotions,weather,hot,17,17,True,happiness,2947,0.10333222150802612,hope,988,0.19111579656600952
ea_llm_self_adaptive_api_1384_run5_20260729_172325.json,1384,7,ml_mutation,,Feelings of Exposure,emotional_states,embarrassed,110,110,True,exposed,700,0.2578822374343872,shamed,506,0.5035231709480286
ea_llm_self_adaptive_api_1384_run5_20260729_172325.json,1384,7,l_mutation,,spatial_arrangements,settings,scene,146,146,True,arrangement,54030,0.1264301985502243,formation,35398,0.10772043466567993
ea_llm_self_adaptive_api_1384_run5_20260729_172325.json,1384,7,ml_mutation,,affect,abstract_concepts,love,164,164,True,desire,2608,0.4998100697994232,passion,1110,0.6261469125747681
ea_llm_self_adaptive_api_1384_run5_20260729_172325.json,1384,7,m_mutation,,evaluations and assessments,reading activities,review,170,170,True,assess,24455,0.4189518690109253,examine,9275,0.5078961849212646
ea_llm_self_adaptive_api_1384_run5_20260729_172325.json,1384,7,crossover,0,weather_mood,weather,hot,17,17,True,rainy,12225,0.3442586362361908,sunny,9397,0.3500138521194458
ea_llm_self_adaptive_api_1384_run5_20260729_172325.json,1384,7,crossover,1,weather_mood,emotional_states,embarrassed,110,110,True,rainy,12225,-0.048331692814826965,sunny,9397,-0.07794184237718582
ea_llm_self_adaptive_api_1384_run5_20260729_172325.json,1384,8,l_mutation,,physical_states,weather,hot,17,17,True,solid,11642,0.21895287930965424,solid,11642,0.21895287930965424
ea_llm_self_adaptive_api_1384_run5_20260729_172325.json,1384,8,m_mutation,,physical reactions to sudden stimuli,emotions,shock,77,77,True,stun,3930,0.29324865341186523,stun,3930,0.29324865341186523
ea_llm_self_adaptive_api_1384_run5_20260729_172325.json,1384,8,ml_mutation,,social_reactions,emotional_states,embarrassed,110,110,True,mortified,11306,0.5350430011749268,crushed,379,0.1581680029630661
ea_llm_self_adaptive_api_1384_run5_20260729_172325.json,1384,8,m_mutation,,visual framing,settings,scene,146,146,True,frame,17871,0.20436440408229828,image,422,0.32623982429504395
ea_llm_self_adaptive_api_1384_run5_20260729_172325.json,1384,8,s_mutation,,emotional_bonds,abstract_concepts,love,164,164,True,cherish,6032,0.3377106785774231,cherish,6032,0.3377106785774231
ea_llm_self_adaptive_api_1384_run5_20260729_172325.json,1384,8,crossover,0,weather_emotions,weather,hot,17,17,True,calm,9998,0.15698960423469543,sunny,9397,0.3500138521194458
ea_llm_self_adaptive_api_1384_run5_20260729_172325.json,1384,8,crossover,1,weather_emotions,emotions,shock,77,77,True,calm,9998,0.22504109144210815,sunny,9397,-0.07825826108455658
ea_llm_self_adaptive_api_1384_run5_20260729_172325.json,1384,9,ml_mutation,,sensory attributes,weather,hot,17,17,True,sound,2303,0.17662008106708527,sound,2303,0.17662008106708527
ea_llm_self_adaptive_api_1384_run5_20260729_172325.json,1384,9,l_mutation,,physical forces,emotions,shock,77,77,True,impact,8089,0.4069468080997467,impact,8089,0.4069468080997467
ea_llm_self_adaptive_api_1384_run5_20260729_172325.json,1384,9,s_mutation,,shameful_states,emotional_states,embarrassed,110,110,True,mortified,11306,0.5350430011749268,shy,1326,0.30906450748443604
ea_llm_self_adaptive_api_1384_run5_20260729_172325.json,1384,9,m_mutation,,visual perspectives,settings,scene,146,146,True,view,3120,0.28621503710746765,view,3120,0.28621503710746765
ea_llm_self_adaptive_api_1384_run5_20260729_172325.json,1384,9,m_mutation,,tactile_experiences,abstract_concepts,love,164,164,True,embrace,3499,0.401154100894928,kiss,819,0.46186256408691406
ea_llm_self_adaptive_api_1384_run5_20260729_172325.json,1384,9,crossover,0,Weather-Inspired Emotions,weather,hot,17,17,True,calm,9998,0.15698960423469543,sunny,9397,0.3500138521194458
ea_llm_self_adaptive_api_1384_run5_20260729_172325.json,1384,9,crossover,1,Weather-Inspired Emotions,emotions,shock,77,77,True,calm,9998,0.22504109144210815,sunny,9397,-0.07825826108455658
ea_llm_self_adaptive_api_1384_run5_20260729_172325.json,1384,10,s_mutation,,Heat Intensity,weather,hot,17,17,True,burning,4441,0.32525160908699036,burning,4441,0.32525160908699036
ea_llm_self_adaptive_api_1384_run5_20260729_172325.json,1384,10,s_mutation,,sudden reactions,emotions,shock,77,77,True,stun,3930,0.29324865341186523,surprise,657,0.5128042101860046
ea_llm_self_adaptive_api_1384_run5_20260729_172325.json,1384,10,l_mutation,,positions,emotional_states,embarrassed,110,110,True,position,24978,0.1483999639749527,rank,2094,0.029000287875533104
ea_llm_self_adaptive_api_1384_run5_20260729_172325.json,1384,10,l_mutation,,components,settings,scene,146,146,True,component,20647,0.0985393300652504,detail,2237,0.36702296137809753
ea_llm_self_adaptive_api_1384_run5_20260729_172325.json,1384,10,m_mutation,,emotional_expressions,abstract_concepts,love,164,164,True,grace,1162,0.3928658962249756,grace,1162,0.3928658962249756
ea_llm_self_adaptive_api_1384_run5_20260729_172325.json,1384,10,crossover,0,weather_and_emotion_states,weather,hot,17,17,True,calm,9998,0.15698960423469543,sunny,9397,0.3500138521194458
ea_llm_self_adaptive_api_1384_run5_20260729_172325.json,1384,10,crossover,1,weather_and_emotion_states,emotions,shock,77,77,True,calm,9998,0.22504109144210815,sunny,9397,-0.07825826108455658
ea_llm_self_adaptive_api_1384_run5_20260729_172325.json,1384,11,ml_mutation,,emotional states,weather,hot,17,17,True,excitement,1015,0.1713801473379135,excitement,1015,0.1713801473379135
ea_llm_self_adaptive_api_1384_run5_20260729_172325.json,1384,11,s_mutation,,sudden emotional reactions,emotions,shock,77,77,True,stun,3930,0.29324865341186523,stun,3930,0.29324865341186523
ea_llm_self_adaptive_api_1384_run5_20260729_172325.json,1384,11,l_mutation,,social_cues,emotional_states,embarrassed,110,110,True,gaze,7463,0.09755688905715942,glance,1536,0.20523400604724884
ea_llm_self_adaptive_api_1384_run5_20260729_172325.json,1384,11,ml_mutation,,social practices,settings,scene,146,146,True,ritual,7226,0.26574623584747314,practice,5932,0.20118826627731323
ea_llm_self_adaptive_api_1384_run5_20260729_172325.json,1384,11,l_mutation,,cultural_objects,abstract_concepts,love,164,164,True,artifact,14307,0.022991051897406578,craft,3612,0.17198005318641663
ea_llm_self_adaptive_api_1384_run5_20260729_172325.json,1384,11,crossover,0,Calm and Peaceful States,weather,hot,17,17,True,calm,9998,0.15698960423469543,peace,8948,0.11485748738050461
ea_llm_self_adaptive_api_1384_run5_20260729_172325.json,1384,11,crossover,1,Calm and Peaceful States,emotions,shock,77,77,True,calm,9998,0.22504109144210815,peace,8948,0.10367169231176376
ea_llm_self_adaptive_api_1384_run5_20260729_172325.json,1384,12,m_mutation,,Thermal Damage,weather,hot,17,17,True,scorch,3184,0.03214052692055702,scorch,3184,0.03214052692055702
ea_llm_self_adaptive_api_1384_run5_20260729_172325.json,1384,12,m_mutation,,vocal expressions of joy,emotional states,glee,50,50,True,laugh,328,0.3254055082798004,laugh,328,0.3254055082798004
ea_llm_self_adaptive_api_1384_run5_20260729_172325.json,1384,12,m_mutation,,Physical Impact Phenomena,emotions,shock,77,77,True,impact,8089,0.4069468080997467,impact,8089,0.4069468080997467
ea_llm_self_adaptive_api_1384_run5_20260729_172325.json,1384,12,l_mutation,,social_practices,emotional_states,embarrassed,110,110,True,practice,5932,0.08528095483779907,routine,3340,0.12997721135616302
ea_llm_self_adaptive_api_1384_run5_20260729_172325.json,1384,12,m_mutation,,visual_elements,settings,scene,146,146,True,stage,5455,0.3627811372280121,shot,1287,0.36791232228279114
ea_llm_self_adaptive_api_1384_run5_20260729_172325.json,1384,12,crossover,0,Weather-Influenced Emotions,weather,hot,17,17,True,calm,9998,0.15698960423469543,sunny,9397,0.3500138521194458
ea_llm_self_adaptive_api_1384_run5_20260729_172325.json,1384,12,crossover,1,Weather-Influenced Emotions,emotional states,glee,50,50,True,calm,9998,0.051957789808511734,sunny,9397,-0.012440552935004234
ea_llm_self_adaptive_api_1384_run5_20260729_172325.json,1384,13,m_mutation,,current_trends,weather,hot,17,17,True,trend,226,0.24108059704303741,hype,35,0.1952325403690338
ea_llm_self_adaptive_api_1384_run5_20260729_172325.json,1384,13,l_mutation,,energy_levels,emotional states,glee,50,50,True,energy,14895,-0.02953394129872322,energy,14895,-0.02953394129872322
ea_llm_self_adaptive_api_1384_run5_20260729_172325.json,1384,13,l_mutation,,sensory phenomena,emotions,shock,77,77,True,sting,3168,0.23950107395648956,sting,3168,0.23950107395648956
ea_llm_self_adaptive_api_1384_run5_20260729_172325.json,1384,13,m_mutation,,physiological_responses_to_social_discomfort,emotional_states,embarrassed,110,110,True,blush,9995,0.148849219083786,sweat,9626,0.1133192628622055
ea_llm_self_adaptive_api_1384_run5_20260729_172325.json,1384,13,m_mutation,,scene_components,settings,scene,146,146,True,elements,10018,0.3541323244571686,image,422,0.32623982429504395
ea_llm_self_adaptive_api_1384_run5_20260729_172325.json,1384,13,crossover,0,weather_trends,weather,hot,17,17,True,trend,226,0.24108059704303741,hype,35,0.1952325403690338
ea_llm_self_adaptive_api_1384_run5_20260729_172325.json,1384,13,crossover,1,weather_trends,current_trends,hype,35,35,True,trend,226,0.1862659752368927,hype,35,1.0000001192092896
ea_llm_self_adaptive_api_1384_run5_20260729_172325.json,1384,14,l_mutation,,physical activity,weather,hot,17,17,True,movement,22314,0.10660097002983093,action,2413,0.13917629420757294
ea_llm_self_adaptive_api_1384_run5_20260729_172325.json,1384,14,s_mutation,,recent_trends,current_trends,latest,18,18,True,recent,566,0.7150634527206421,newest,362,0.5381139516830444
ea_llm_self_adaptive_api_1384_run5_20260729_172325.json,1384,14,m_mutation,,Physical Expressions of Joy,emotional states,glee,50,50,True,skip,3146,0.02323131449520588,skip,3146,0.02323131449520588
ea_llm_self_adaptive_api_1384_run5_20260729_172325.json,1384,14,l_mutation,,sudden_phenomena,emotions,shock,77,77,True,flare,6960,0.13498884439468384,flash,2505,0.26526153087615967
ea_llm_self_adaptive_api_1384_run5_20260729_172325.json,1384,14,l_mutation,,cultural_practices,emotional_states,embarrassed,110,110,True,ritual,7226,0.030378291383385658,habit,1484,0.22652526199817657
ea_llm_self_adaptive_api_1384_run5_20260729_172325.json,1384,14,crossover,0,trending_weather,weather,hot,17,17,True,trend,226,0.24108059704303741,hype,35,0.1952325403690338
ea_llm_self_adaptive_api_1384_run5_20260729_172325.json,1384,14,crossover,1,trending_weather,current_trends,latest,18,18,True,trend,226,0.4096221923828125,hype,35,0.22418801486492157
ea_llm_self_adaptive_api_1384_run5_20260729_172325.json,1384,15,s_mutation,,intense temperatures,weather,hot,17,17,True,sultry,1621,0.2796327471733093,sultry,1621,0.2796327471733093
ea_llm_self_adaptive_api_1384_run5_20260729_172325.json,1384,15,s_mutation,,intense joy,emotional states,glee,50,50,True,mirth,5073,0.2739958167076111,giggle,928,0.2867066562175751
ea_llm_self_adaptive_api_1384_run5_20260729_172325.json,1384,15,l_mutation,,mechanical responses,emotions,shock,77,77,True,tremor,30071,0.22693848609924316,resonate,18083,0.14239062368869781
ea_llm_self_adaptive_api_1384_run5_20260729_172325.json,1384,15,ml_mutation,,social hesitations,emotional_states,embarrassed,110,110,True,timid,20530,0.3462267220020294,reluctant,10138,0.3832748830318451
ea_llm_self_adaptive_api_1384_run5_20260729_172325.json,1384,15,s_mutation,,visual contexts,settings,scene,146,146,True,stage,5455,0.3627811372280121,view,3120,0.28621503710746765
ea_llm_self_adaptive_api_1384_run5_20260729_172325.json,1384,15,crossover,0,weather-emotion,weather,hot,17,17,True,calm,9998,0.15698960423469543,sunny,9397,0.3500138521194458
ea_llm_self_adaptive_api_1384_run5_20260729_172325.json,1384,15,crossover,1,weather-emotion,emotional states,glee,50,50,True,calm,9998,0.051957789808511734,sunny,9397,-0.012440552935004234
ea_llm_self_adaptive_api_1384_run5_20260729_172325.json,1384,16,ml_mutation,,thermal sensations,weather,hot,17,17,True,warm,5694,0.5167189836502075,scorching,3184,0.37586164474487305
ea_llm_self_adaptive_api_1384_run5_20260729_172325.json,1384,16,s_mutation,,Exuberant Emotions,emotional states,glee,50,50,True,laughter,1192,0.27941104769706726,laughter,1192,0.27941104769706726
ea_llm_self_adaptive_api_1384_run5_20260729_172325.json,1384,16,ml_mutation,,physiological responses,emotions,shock,77,77,True,adrenaline,17349,0.186289444565773,sweating,9626,0.22111380100250244
ea_llm_self_adaptive_api_1384_run5_20260729_172325.json,1384,16,ml_mutation,,social_dispositions,emotional_states,embarrassed,110,110,True,reserved,4112,0.05342016741633415,reserved,4112,0.05342016741633415
ea_llm_self_adaptive_api_1384_run5_20260729_172325.json,1384,16,ml_mutation,,sensory descriptors,settings,scene,146,146,True,vivid,7983,0.324673593044281,vibrant,7832,0.27160677313804626
ea_llm_self_adaptive_api_1384_run5_20260729_172325.json,1384,16,crossover,0,weather-influenced emotions,weather,hot,17,17,True,calm,9998,0.15698960423469543,sunny,9397,0.3500138521194458
ea_llm_self_adaptive_api_1384_run5_20260729_172325.json,1384,16,crossover,1,weather-influenced emotions,emotional states,glee,50,50,True,calm,9998,0.051957789808511734,sunny,9397,-0.012440552935004234
ea_llm_self_adaptive_api_1384_run5_20260729_172325.json,1384,17,s_mutation,,extreme heat,weather,hot,17,17,True,scorching,3184,0.37586164474487305,scorching,3184,0.37586164474487305
ea_llm_self_adaptive_api_1384_run5_20260729_172325.json,1384,17,ml_mutation,,color terms,emotional states,glee,50,50,True,vivid,7983,0.0258372500538826,vivid,7983,0.0258372500538826
ea_llm_self_adaptive_api_1384_run5_20260729_172325.json,1384,17,m_mutation,,Physical Reactions,emotions,shock,77,77,True,jolt,14745,0.4029170870780945,impact,8089,0.4069468080997467
ea_llm_self_adaptive_api_1384_run5_20260729_172325.json,1384,17,m_mutation,,situational_causes_of_embarrassment,emotional_states,embarrassed,110,110,True,mistake,1024,0.38083165884017944,mistake,1024,0.38083165884017944
ea_llm_self_adaptive_api_1384_run5_20260729_172325.json,1384,17,m_mutation,,viewing_angles,settings,scene,146,146,True,viewpoint,6912,0.03683599457144737,viewpoint,6912,0.03683599457144737
ea_llm_self_adaptive_api_1384_run5_20260729_172325.json,1384,17,crossover,0,weather_emotions,weather,hot,17,17,True,calm,9998,0.15698960423469543,still,100,0.31587788462638855
ea_llm_self_adaptive_api_1384_run5_20260729_172325.json,1384,17,crossover,1,weather_emotions,emotional states,glee,50,50,True,calm,9998,0.051957789808511734,still,100,0.00022385480406228453
ea_llm_self_adaptive_api_1384_run5_20260729_172325.json,1384,18,ml_mutation,,physical sensations,weather,hot,17,17,True,pain,1568,0.15809723734855652,pain,1568,0.15809723734855652
ea_llm_self_adaptive_api_1384_run5_20260729_172325.json,1384,18,ml_mutation,,musical terms,emotional states,glee,50,50,True,melody,9550,0.1726534068584442,harmony,9386,0.12713666260242462
ea_llm_self_adaptive_api_1384_run5_20260729_172325.json,1384,18,ml_mutation,,physical_reactions,emotions,shock,77,77,True,jolt,14745,0.4029170870780945,jolt,14745,0.4029170870780945
ea_llm_self_adaptive_api_1384_run5_20260729_172325.json,1384,18,s_mutation,,socially_uncomfortable_emotions,emotional_states,embarrassed,110,110,True,humiliated,3230,0.6848905682563782,humiliated,3230,0.6848905682563782
ea_llm_self_adaptive_api_1384_run5_20260729_172325.json,1384,18,s_mutation,,scene components,settings,scene,146,146,True,position,24978,0.13571137189865112,arena,14724,0.1846321076154709
ea_llm_self_adaptive_api_1384_run5_20260729_172325.json,1384,18,crossover,0,weather_emotions,weather,hot,17,17,True,tranquility,24123,0.003235551528632641,calm,9998,0.15698960423469543
ea_llm_self_adaptive_api_1384_run5_20260729_172325.json,1384,18,crossover,1,weather_emotions,emotional states,glee,50,50,True,tranquility,24123,-0.0028072716668248177,calm,9998,0.051957789808511734
ea_llm_self_adaptive_api_1384_run5_20260729_172325.json,1384,19,s_mutation,,extreme heat,weather,hot,17,17,True,toasty,34757,0.13592225313186646,torrid,1603,0.20692625641822815
ea_llm_self_adaptive_api_1384_run5_20260729_172325.json,1384,19,m_mutation,,Physical Indicators of Happiness,emotional states,glee,50,50,True,laugh,328,0.3254055082798004,laugh,328,0.3254055082798004
ea_llm_self_adaptive_api_1384_run5_20260729_172325.json,1384,19,m_mutation,,Transmission Pathways,settings,medium,73,73,True,conduit,29918,0.015228250995278358,channel,1779,0.1798337697982788
ea_llm_self_adaptive_api_1384_run5_20260729_172325.json,1384,19,s_mutation,,sudden emotional reactions,emotions,shock,77,77,True,stun,3930,0.29324865341186523,stun,3930,0.29324865341186523
ea_llm_self_adaptive_api_1384_run5_20260729_172325.json,1384,19,ml_mutation,,social_reactions,emotional_states,embarrassed,110,110,True,modest,7789,0.0167804267257452,unsettled,3771,0.23142074048519135
ea_llm_self_adaptive_api_1384_run5_20260729_172325.json,1384,19,crossover,0,weather_emotional_calm,weather,hot,17,17,True,calmness,28779,-0.05342220142483711,still,100,0.31587788462638855
ea_llm_self_adaptive_api_1384_run5_20260729_172325.json,1384,19,crossover,1,weather_emotional_calm,emotional states,glee,50,50,True,calmness,28779,0.06987529993057251,still,100,0.00022385480406228453
ea_llm_self_adaptive_api_1384_run5_20260729_172325.json,1384,20,m_mutation,,physical transformations from heat,weather,hot,17,17,True,scorch,3184,0.03214052692055702,scorch,3184,0.03214052692055702
ea_llm_self_adaptive_api_1384_run5_20260729_172325.json,1384,20,ml_mutation,,modes,settings,medium,73,73,True,mode,12338,0.28252971172332764,type,3522,0.3363316059112549
ea_llm_self_adaptive_api_1384_run5_20260729_172325.json,1384,20,ml_mutation,,physical reactions,emotions,shock,77,77,True,stun,3930,0.29324865341186523,stun,3930,0.29324865341186523
ea_llm_self_adaptive_api_1384_run5_20260729_172325.json,1384,20,l_mutation,,nonverbal communication,emotional_states,embarrassed,110,110,True,gaze,7463,0.09755688905715942,tone,3617,0.1694294959306717
ea_llm_self_adaptive_api_1384_run5_20260729_172325.json,1384,20,ml_mutation,,interpersonal_terms,abstract_concepts,love,164,164,True,trust,3961,0.2844618260860443,support,3296,0.2374177873134613
ea_llm_self_adaptive_api_1384_run5_20260729_172325.json,1384,20,crossover,0,environmental_conditions,weather,hot,17,17,True,climate,7031,0.3289792835712433,atmosphere,2844,0.2541533410549164
ea_llm_self_adaptive_api_1384_run5_20260729_172325.json,1384,20,crossover,1,environmental_conditions,settings,medium,73,73,True,climate,7031,0.13415148854255676,atmosphere,2844,0.15849409997463226
ea_llm_self_adaptive_api_1384_run5_20260729_172325.json,1384,21,s_mutation,,thermal weather,weather,hot,17,17,True,scorching,3184,0.37586164474487305,scorching,3184,0.37586164474487305
ea_llm_self_adaptive_api_1384_run5_20260729_172325.json,1384,21,s_mutation,,objective_concepts,abstract_concepts,reality,69,69,True,fact,114,0.5408822894096375,fact,114,0.5408822894096375
ea_llm_self_adaptive_api_1384_run5_20260729_172325.json,1384,21,ml_mutation,,materials,settings,medium,73,73,True,material,3270,0.2355065494775772,material,3270,0.2355065494775772
ea_llm_self_adaptive_api_1384_run5_20260729_172325.json,1384,21,m_mutation,,Electrical Phenomena,emotions,shock,77,77,True,stun,3930,0.29324865341186523,stun,3930,0.29324865341186523
ea_llm_self_adaptive_api_1384_run5_20260729_172325.json,1384,21,l_mutation,,social_contexts,emotional_states,embarrassed,110,110,True,scene,146,0.09400342404842377,gossip,1,0.10430189222097397
