trace_file,game_number,child_id,generation,parent_id,parent_rank,sampled_op,arm,prompt_sha256,prompt_chars,llm_parse_failed,proposed_word,proposed_words,proposed_word_invalid,realized_rank,predicted_closeness,predicted_closeness_clamped,predicted_bucket,self_report_parse_failed,basis_words_count,reason_chars
ea_llm_self_adaptive_api_1364_run1_20260722_184759.json,1364,228de21087ec40329eea50c99894e0b9,2,58d738557c9f4fba9bbc39273c804155,6,l_mutation,genuine,469b8711efef41f89b70f9148836dba2a4e3bf54234c9a964d42d7ecf6f13e93,3859,False,legacy,legacy;symbol;echo,False,1701,0.3,False,top500,False,1,153
ea_llm_self_adaptive_api_1364_run1_20260722_184759.json,1364,228de21087ec40329eea50c99894e0b9,2,58d738557c9f4fba9bbc39273c804155,6,l_mutation,wrong,92aee3cde1dcad50547ef6e3f65607a5c821aca81482779aaa3d507822b73271,3858,False,legacy,legacy;memory;remnant,False,1701,0.3,False,top500,False,1,176
ea_llm_self_adaptive_api_1364_run1_20260722_184759.json,1364,228de21087ec40329eea50c99894e0b9,2,58d738557c9f4fba9bbc39273c804155,6,l_mutation,filler,0e0600df2b150f57d2733cd479ece5b15341fd9a109f24cd44e4d7ae91a3fec8,3848,False,vestige,vestige;remnant;trace,False,2569,0.3,False,top500,False,1,226
ea_llm_self_adaptive_api_1364_run1_20260722_184759.json,1364,228de21087ec40329eea50c99894e0b9,2,58d738557c9f4fba9bbc39273c804155,6,l_mutation,absent,7c8409a011b122b46f77dba7aff5b725436b746113b0a39fb5374dd8a5ef1136,3620,False,tenacity,tenacity;resilience;persistence,False,26229,0.3,False,top500,False,1,164
ea_llm_self_adaptive_api_1364_run1_20260722_184759.json,1364,08787096a3ed4b99aaa94e31fdb66c30,2,a2b3944c7edb408e83f24d69a7e0185f,127,ml_mutation,genuine,a6508cbb00d782a4e95061c1aba4da24fc929a9573a6e28cb7553e16f1524985,3727,False,building,building;structure;design,False,20,0.3,False,top500,False,1,136
ea_llm_self_adaptive_api_1364_run1_20260722_184759.json,1364,08787096a3ed4b99aaa94e31fdb66c30,2,a2b3944c7edb408e83f24d69a7e0185f,127,ml_mutation,wrong,7c7bd71ac0f88efb690548abc30ba02465da6e1a52679b71055ab26cd786938b,3721,False,ancestry,ancestry;lineage;genealogy,False,15986,0.3,False,top500,False,1,143
ea_llm_self_adaptive_api_1364_run1_20260722_184759.json,1364,08787096a3ed4b99aaa94e31fdb66c30,2,a2b3944c7edb408e83f24d69a7e0185f,127,ml_mutation,filler,90e95a1cba5ee11952d2ef093796ce77ae3173e4b3f28b015bb2eb5b2702ef86,3729,False,artifact,artifact;relic;remnant,False,600,0.7,False,top500,False,1,94
ea_llm_self_adaptive_api_1364_run1_20260722_184759.json,1364,08787096a3ed4b99aaa94e31fdb66c30,2,a2b3944c7edb408e83f24d69a7e0185f,127,ml_mutation,absent,687cf6dc00d90bca72463e45f789aaa7fe7c003dd7d6115c20145b9e3e307e3d,3501,False,artifact,artifact;ruins;carving,False,600,0.6,False,top500,False,1,118
ea_llm_self_adaptive_api_1364_run1_20260722_184759.json,1364,847e2dd14cbc4a68b1144f61d1cae02f,3,58d738557c9f4fba9bbc39273c804155,6,l_mutation,genuine,6966f88152d5b85ecb86a2631ae3554ca4f7c44b8bfa31e307b694d97150fc9a,4336,False,symbol,symbol;marker;icon,False,3107,0.3,False,top500,False,1,168
ea_llm_self_adaptive_api_1364_run1_20260722_184759.json,1364,847e2dd14cbc4a68b1144f61d1cae02f,3,58d738557c9f4fba9bbc39273c804155,6,l_mutation,wrong,9ea50c5b51bc48185f3b48167b56b77800511b5238065d305319bba40c809b41,4328,False,symbol,symbol;icon;token,False,3107,0.3,False,top500,False,1,167
ea_llm_self_adaptive_api_1364_run1_20260722_184759.json,1364,847e2dd14cbc4a68b1144f61d1cae02f,3,58d738557c9f4fba9bbc39273c804155,6,l_mutation,filler,d9f265a4bcedd3375d38006ad7c701a0e52fefb25a7466816b7ba72beaa118b6,4325,False,symbol,symbol;metaphor;image,False,3107,0.3,False,top500,False,1,149
ea_llm_self_adaptive_api_1364_run1_20260722_184759.json,1364,847e2dd14cbc4a68b1144f61d1cae02f,3,58d738557c9f4fba9bbc39273c804155,6,l_mutation,absent,3b3e9de31b11522f98d9e0ea38a194489593ba1bba7ce3c756ee7223aba4f105,4097,False,symbol,symbol;icon;metaphor,False,3107,0.4,False,top500,False,1,160
ea_llm_self_adaptive_api_1364_run1_20260722_184759.json,1364,6c439b4a405b4ded8250d09fc7fb0065,3,a2b3944c7edb408e83f24d69a7e0185f,127,l_mutation,genuine,5e473670d794a8d428e4d32ace745dfccd2f5a0689af3620db9b9e9de8acbfde,4408,False,material,material;objects;survival,False,5235,0.3,False,top500,False,1,236
ea_llm_self_adaptive_api_1364_run1_20260722_184759.json,1364,6c439b4a405b4ded8250d09fc7fb0065,3,a2b3944c7edb408e83f24d69a7e0185f,127,l_mutation,wrong,64d8b780c8b9c65cd31a66f47dd32433d51c25c8250f18ed8f7cf44a3bcc4a61,4417,False,medium,medium;archive;transmission,False,3125,0.5,False,top500,False,1,147
ea_llm_self_adaptive_api_1364_run1_20260722_184759.json,1364,6c439b4a405b4ded8250d09fc7fb0065,3,a2b3944c7edb408e83f24d69a7e0185f,127,l_mutation,filler,9be604bd7d7976bfe8bb2c8bcad6376f711d4a58adaa1129ef59bbe019debb38,4410,False,memory,memory;identity;perception,False,1403,0.3,False,top500,False,1,153
ea_llm_self_adaptive_api_1364_run1_20260722_184759.json,1364,6c439b4a405b4ded8250d09fc7fb0065,3,a2b3944c7edb408e83f24d69a7e0185f,127,l_mutation,absent,20f77b65c659392d8add47da8e7166573868f4f9fbef7e05eea645b0f7f7a2b6,4182,False,memory,memory;identity;empathy,False,1403,0.5,False,top500,False,1,159
ea_llm_self_adaptive_api_1364_run1_20260722_184759.json,1364,155769048efd42aaaf36a1c91d7eda0c,3,228de21087ec40329eea50c99894e0b9,222,ml_mutation,genuine,a79dd5a21fb4bedbe6b861fd0053934b6f75ce5103c50663bc7007de539e970a,4303,False,vestige,vestige;mark;remnant,False,2569,0.6,False,top500,False,1,140
ea_llm_self_adaptive_api_1364_run1_20260722_184759.json,1364,155769048efd42aaaf36a1c91d7eda0c,3,228de21087ec40329eea50c99894e0b9,222,ml_mutation,wrong,002aea52bd596ff4cb4d549a75c1e3818aa4fdb3b7bce3be82dea38e8d9418df,4255,False,debris,debris;fragment;remnant,False,14979,0.6,False,top500,False,1,159
ea_llm_self_adaptive_api_1364_run1_20260722_184759.json,1364,155769048efd42aaaf36a1c91d7eda0c,3,228de21087ec40329eea50c99894e0b9,222,ml_mutation,filler,e1eee9b986769a87c5a61d3e0fe9311a3567e9125ad5d449d063fcf6703085b1,4289,False,token,token;vestige;remnant,False,7170,0.6,False,top500,False,1,171
ea_llm_self_adaptive_api_1364_run1_20260722_184759.json,1364,155769048efd42aaaf36a1c91d7eda0c,3,228de21087ec40329eea50c99894e0b9,222,ml_mutation,absent,2747b15d8df2d0407ac6a8cf27ebd54c2c31b8aaa3599d142633286ac0a7a386,4024,False,remnant,remnant;fragment;shard,False,549,0.7,False,top500,False,2,154
ea_llm_self_adaptive_api_1364_run1_20260722_184759.json,1364,44d0e122f9d3468e9275808399295e7d,4,58d738557c9f4fba9bbc39273c804155,6,s_mutation,genuine,7507ce1a1eb87a4bb0a7b0607e290718e9fef7949adec2e1b47026e18bcca984,4637,False,memorial,memorial;tablet;marker,False,1257,0.7,False,top100,False,1,155
ea_llm_self_adaptive_api_1364_run1_20260722_184759.json,1364,44d0e122f9d3468e9275808399295e7d,4,58d738557c9f4fba9bbc39273c804155,6,s_mutation,wrong,cb4e11d900619568964bde4c2598f7019bc30a4b50245ec3a2fbea7ce004be5e,4613,False,memorial,memorial;tablet;marker,False,1257,0.7,False,top100,False,1,106
ea_llm_self_adaptive_api_1364_run1_20260722_184759.json,1364,44d0e122f9d3468e9275808399295e7d,4,58d738557c9f4fba9bbc39273c804155,6,s_mutation,filler,a527579f120c758d5fc7d85667dbbfadb6fd466f4b5392744fbbee6e69844cba,4626,False,memorial,memorial;tablet;cenotaph,False,1257,0.7,False,top100,False,1,127
ea_llm_self_adaptive_api_1364_run1_20260722_184759.json,1364,44d0e122f9d3468e9275808399295e7d,4,58d738557c9f4fba9bbc39273c804155,6,s_mutation,absent,be018433a92c6fe95893fe2c12aa3a8e4eb4ac5e5928828874db81e228b13ef8,4398,False,memorial,memorial;tablet;tower,False,1257,0.6,False,top500,False,1,112
ea_llm_self_adaptive_api_1364_run1_20260722_184759.json,1364,07c156830ba24f7a94044979fb7343c4,4,097217a2db5344399f31b28356069971,72,ml_mutation,genuine,1488e98a791f38c40ed8c251994e583e4c6ab32ba216d2444debeca78a7b2d89,4623,False,county,county;parish;borough,False,5136,0.7,False,top100,False,1,157
ea_llm_self_adaptive_api_1364_run1_20260722_184759.json,1364,07c156830ba24f7a94044979fb7343c4,4,097217a2db5344399f31b28356069971,72,ml_mutation,wrong,25d472ce2e15450432c42164c66e898a12067c56d198ea889994f9874b4f1a16,4618,False,settlement,settlement;village;hamlet,False,2047,0.4,False,top500,False,1,149
ea_llm_self_adaptive_api_1364_run1_20260722_184759.json,1364,07c156830ba24f7a94044979fb7343c4,4,097217a2db5344399f31b28356069971,72,ml_mutation,filler,0dfb4721859977aabf0a726a38fb722f0d58cf570239472b0d60bd13a4e19c6f,4626,False,locale,locale;site;spot,False,3663,0.5,False,top500,False,1,145
ea_llm_self_adaptive_api_1364_run1_20260722_184759.json,1364,07c156830ba24f7a94044979fb7343c4,4,097217a2db5344399f31b28356069971,72,ml_mutation,absent,712a7324adde77d776cf24b5c553c378c62a1c5eb97d589f304eec9a9cecbe56,4398,False,settlement,settlement;colony;village,False,2047,0.7,False,top500,False,1,222
ea_llm_self_adaptive_api_1364_run1_20260722_184759.json,1364,cd867fa69f454b2394fc9eed1ffc3b94,4,a2b3944c7edb408e83f24d69a7e0185f,127,m_mutation,genuine,fedd82b4f57135cfe10a1c79b261fc7963a41357299a26857dae796128921ff5,4775,False,custody,custody;protection;conservation,False,8177,0.5,False,top500,False,1,130
ea_llm_self_adaptive_api_1364_run1_20260722_184759.json,1364,cd867fa69f454b2394fc9eed1ffc3b94,4,a2b3944c7edb408e83f24d69a7e0185f,127,m_mutation,wrong,e3f179ad4b6fe45897bc7b52f28269642122cdb0efb7159ce312205edcaea983,4785,False,inheritance,inheritance;memory;preservation,False,8562,0.4,False,top500,False,1,171
ea_llm_self_adaptive_api_1364_run1_20260722_184759.json,1364,cd867fa69f454b2394fc9eed1ffc3b94,4,a2b3944c7edb408e83f24d69a7e0185f,127,m_mutation,filler,7a6ec2cb94a49eea0d997c963b39ade6b2d45db1879ed14e024b47a4477ed53f,4777,False,ancestry,ancestry;passage;inheritance,False,15986,0.3,False,top500,False,1,162
ea_llm_self_adaptive_api_1364_run1_20260722_184759.json,1364,cd867fa69f454b2394fc9eed1ffc3b94,4,a2b3944c7edb408e83f24d69a7e0185f,127,m_mutation,absent,78515af35a0b26f2f5a41c6dcd54ff1137ba8d81ac54e7be5638087397db40cd,4549,False,remnant,remnant;impact;inheritance,False,549,0.6,False,top500,False,1,141
ea_llm_self_adaptive_api_1364_run1_20260722_184759.json,1364,c1f0b46a7a0643c9a06b6d17a4f695b1,5,58d738557c9f4fba9bbc39273c804155,6,s_mutation,genuine,682e5a1ae34e4c75d8ff49e907669b3540b790c2e669eec4d83ea4dad94d711d,5074,False,edifice,edifice;megalith;pillar,False,126,0.75,False,top100,False,1,125
ea_llm_self_adaptive_api_1364_run1_20260722_184759.json,1364,c1f0b46a7a0643c9a06b6d17a4f695b1,5,58d738557c9f4fba9bbc39273c804155,6,s_mutation,wrong,097047b01183e404034494491c26cbad56a1d7958d0de06208c984f1227a39e8,5073,False,memorial,memorial;tomb;cairn,False,1257,0.7,False,top100,False,1,91
ea_llm_self_adaptive_api_1364_run1_20260722_184759.json,1364,c1f0b46a7a0643c9a06b6d17a4f695b1,5,58d738557c9f4fba9bbc39273c804155,6,s_mutation,filler,727c78f66c5f446293948d963bbc7d00db57086d970061adf264529e64442bd1,5063,False,temple,temple;shrine;altar,False,7,0.7,False,top100,False,1,163
ea_llm_self_adaptive_api_1364_run1_20260722_184759.json,1364,c1f0b46a7a0643c9a06b6d17a4f695b1,5,58d738557c9f4fba9bbc39273c804155,6,s_mutation,absent,937c4794c05ac6615646ffd2aa33062a2a82ee7ba11d8a2a985f398424a19d97,4835,False,memorial,memorial;slab;block,False,1257,0.7,False,top100,False,1,137
ea_llm_self_adaptive_api_1364_run1_20260722_184759.json,1364,ee6602525ff0428aba01483ebb83e24a,5,cd867fa69f454b2394fc9eed1ffc3b94,6,s_mutation,genuine,010cb947bcf20fa263bf2dd22d9be175fef96740a902e7b33cb58e488978773e,5087,False,stele,stele;arch;tower,False,5673,0.7,False,top100,False,1,134
ea_llm_self_adaptive_api_1364_run1_20260722_184759.json,1364,ee6602525ff0428aba01483ebb83e24a,5,cd867fa69f454b2394fc9eed1ffc3b94,6,s_mutation,wrong,8977ab272ba80d8f9d43e7c81dac736c6a415dfc153d02ecbcb16aed17317cd7,5059,False,statue,statue;obelisk;monolith,False,63,0.8,False,top10,False,1,117
ea_llm_self_adaptive_api_1364_run1_20260722_184759.json,1364,ee6602525ff0428aba01483ebb83e24a,5,cd867fa69f454b2394fc9eed1ffc3b94,6,s_mutation,filler,c73f806807e8d7d2a4da107f6ba3fe2fbba57ba8850e0b7bef2105e71b5a7d83,5087,False,stele,stele;obelisk;plaque,False,5673,0.9,False,top10,False,1,114
ea_llm_self_adaptive_api_1364_run1_20260722_184759.json,1364,ee6602525ff0428aba01483ebb83e24a,5,cd867fa69f454b2394fc9eed1ffc3b94,6,s_mutation,absent,5dff757fe05e3dfcaf9f0e878bb087c2925e885aa071430f7916a1d0844033d4,4822,False,tower,tower;arch;dome,False,38,0.6,False,top500,False,1,123
ea_llm_self_adaptive_api_1364_run1_20260722_184759.json,1364,fd18bc114bc04d98a3e3707e307f1003,5,44d0e122f9d3468e9275808399295e7d,48,ml_mutation,genuine,6d55c4c01c69d5ec8768b1a6256d78314373787f6d3d97019dfefb6994985179,5059,False,cemetery,cemetery;grave;vault,False,1207,0.4,False,top500,False,2,181
ea_llm_self_adaptive_api_1364_run1_20260722_184759.json,1364,fd18bc114bc04d98a3e3707e307f1003,5,44d0e122f9d3468e9275808399295e7d,48,ml_mutation,wrong,fc559fa16f577ac578a338588d7f6d8e7ce77d8f4632ee181473dee8715fe9f5,5064,False,medal,medal;order;ribbon,False,4580,0.5,False,beyond,False,1,107
ea_llm_self_adaptive_api_1364_run1_20260722_184759.json,1364,fd18bc114bc04d98a3e3707e307f1003,5,44d0e122f9d3468e9275808399295e7d,48,ml_mutation,filler,4add63f8922aa136a4244f67a00529f94b58617e177940a0e547e87d127973ad,5059,False,arch,arch;beam;truss,False,341,0.3,False,beyond,False,1,119
ea_llm_self_adaptive_api_1364_run1_20260722_184759.json,1364,fd18bc114bc04d98a3e3707e307f1003,5,44d0e122f9d3468e9275808399295e7d,48,ml_mutation,absent,892ab3cc904ce04cf1ffe63b8758cb6fb0d05be8bb296bd537e53c072364b843,4831,False,temple,temple;church;mosque,False,7,0.2,False,beyond,False,1,159
ea_llm_self_adaptive_api_1364_run1_20260722_184759.json,1364,27d84c231b534e5693fb3c022109c313,5,097217a2db5344399f31b28356069971,72,ml_mutation,genuine,ef5625957f1b6884cd3c6652f926f2c59626a53bf5f2bb13ccd66b46253c4d2c,5098,False,settlement,settlement;township;tract,False,2047,0.3,False,top500,False,1,163
ea_llm_self_adaptive_api_1364_run1_20260722_184759.json,1364,27d84c231b534e5693fb3c022109c313,5,097217a2db5344399f31b28356069971,72,ml_mutation,wrong,70abb20986c6f0fb47f9741070f96ec7df6a747f7ca7a4c39db09f755f61d74c,5092,False,settlement,settlement;residence;commune,False,2047,0.6,False,top500,False,1,158
ea_llm_self_adaptive_api_1364_run1_20260722_184759.json,1364,27d84c231b534e5693fb3c022109c313,5,097217a2db5344399f31b28356069971,72,ml_mutation,filler,d36e52f6dc0fb76d77a80f44a6be96b717ab5574048413a5e024a54c8c1ce85a,5101,False,locale,locale;tract;range,False,3663,0.6,False,top500,False,1,111
ea_llm_self_adaptive_api_1364_run1_20260722_184759.json,1364,27d84c231b534e5693fb3c022109c313,5,097217a2db5344399f31b28356069971,72,ml_mutation,absent,0d132c1b6097344bf7a4ff8d41c794810654f0c1473eeaf66978ce2f4cae2ae7,4873,False,density,density;layout;structure,False,10461,0.4,False,top500,False,1,158
ea_llm_self_adaptive_api_1364_run1_20260722_184759.json,1364,c52f7d2b0f694aa7b9e8d43c27e79162,6,58d738557c9f4fba9bbc39273c804155,6,m_mutation,genuine,d739cf0bcbe661812ef4886d326580a0fb93bdfb70aab4c24778b120268be55d,5582,False,legacy,legacy;heritage;permanence,False,1701,0.75,False,top100,False,1,110
ea_llm_self_adaptive_api_1364_run1_20260722_184759.json,1364,c52f7d2b0f694aa7b9e8d43c27e79162,6,58d738557c9f4fba9bbc39273c804155,6,m_mutation,wrong,3c762e301c54e688a73d6ccebd638c39ddd4c7021455051ac4327f699105894f,5574,False,symbol,symbol;commemoration;representation,False,3107,0.7,False,top100,False,1,85
ea_llm_self_adaptive_api_1364_run1_20260722_184759.json,1364,c52f7d2b0f694aa7b9e8d43c27e79162,6,58d738557c9f4fba9bbc39273c804155,6,m_mutation,filler,11b823d07908c02df1784c74da3c18a60a0083cd492d0331b0d8a05b7070eeb5,5571,False,memory,memory;legacy;heritage,False,1403,0.7,False,top100,False,1,194
ea_llm_self_adaptive_api_1364_run1_20260722_184759.json,1364,c52f7d2b0f694aa7b9e8d43c27e79162,6,58d738557c9f4fba9bbc39273c804155,6,m_mutation,absent,accf3f6204a31acb9944141c6797316c6d003cb709a110396a41832feeef7c68,5343,False,token,token;legacy;testament,False,7170,0.5,False,top500,False,1,141
ea_llm_self_adaptive_api_1364_run1_20260722_184759.json,1364,37c1d585c4af46148be9549101e8e373,6,cd867fa69f454b2394fc9eed1ffc3b94,6,l_mutation,genuine,a5ec00691d5c42a3c262555f1dacdaa95db17246a8e2128c0784ff309a2322b6,5645,False,memory,memory;narrative;presence,False,1403,0.2,False,beyond,False,1,138
ea_llm_self_adaptive_api_1364_run1_20260722_184759.json,1364,37c1d585c4af46148be9549101e8e373,6,cd867fa69f454b2394fc9eed1ffc3b94,6,l_mutation,wrong,65871e313630ca29d7b1b13a6e4c5f86b5cdd8b3d5486a409d13a630674316ac,5624,False,story,story;narrative;signature,False,1843,0.3,False,top500,False,1,131
ea_llm_self_adaptive_api_1364_run1_20260722_184759.json,1364,37c1d585c4af46148be9549101e8e373,6,cd867fa69f454b2394fc9eed1ffc3b94,6,l_mutation,filler,85ffe3ef1d944cfc6b646be2345dfd3e4600727b677bb863c8ea73b27a166fbf,5645,False,myth,myth;legend;narrative,False,4120,0.3,False,top500,False,2,162
ea_llm_self_adaptive_api_1364_run1_20260722_184759.json,1364,37c1d585c4af46148be9549101e8e373,6,cd867fa69f454b2394fc9eed1ffc3b94,6,l_mutation,absent,002224b35c6d374d469f2b5b351ac5596cb5208c80c88bec4b794052828f4a9d,5380,False,metaphor,metaphor;narrative;language,False,13760,0.3,False,top500,False,1,122
ea_llm_self_adaptive_api_1364_run1_20260722_184759.json,1364,5d394b8740384515837cffbccc8a07b3,6,fd18bc114bc04d98a3e3707e307f1003,7,l_mutation,genuine,b259cfe9cb2d724470218fcbf56777d598d7e5c3fefbd297eaf40f1f2053e367,5669,False,myth,myth;legend;fable,False,4120,0.3,False,top500,False,1,182
ea_llm_self_adaptive_api_1364_run1_20260722_184759.json,1364,5d394b8740384515837cffbccc8a07b3,6,fd18bc114bc04d98a3e3707e307f1003,7,l_mutation,wrong,74b35b9aafbe8ac09589e371b1411f35d720c6a91a79ad2c041c91abddf435eb,5635,False,myth,myth;legend;fable,False,4120,0.3,False,top500,False,1,171
ea_llm_self_adaptive_api_1364_run1_20260722_184759.json,1364,5d394b8740384515837cffbccc8a07b3,6,fd18bc114bc04d98a3e3707e307f1003,7,l_mutation,filler,bf032ae83c2465a64c14c9105318b743bfaae4651cb7f8134fcb7c87d8006d2d,5685,False,environment,environment;landscape;terrain,False,7382,0.4,False,top500,False,1,183
ea_llm_self_adaptive_api_1364_run1_20260722_184759.json,1364,5d394b8740384515837cffbccc8a07b3,6,fd18bc114bc04d98a3e3707e307f1003,7,l_mutation,absent,16362bb50bbe924ff172dfeb2937cd28f1a97ef211df7842a7a08977c713187d,5420,False,myth,myth;legend;fable,False,4120,0.1,False,beyond,False,2,161
ea_llm_self_adaptive_api_1364_run1_20260722_184759.json,1364,3b23150ea5cc43d2aa63538797c93b26,6,c1f0b46a7a0643c9a06b6d17a4f695b1,9,ml_mutation,genuine,bca1cac9985212bc1aaab99036a430083f2f390c27f1a7f0e45cf3344de28e80,5430,False,memorial,memorial;tradition;history,False,1257,0.5,False,top500,False,1,137
ea_llm_self_adaptive_api_1364_run1_20260722_184759.json,1364,3b23150ea5cc43d2aa63538797c93b26,6,c1f0b46a7a0643c9a06b6d17a4f695b1,9,ml_mutation,wrong,c89b2d6aff86e3fb6325ffd073b8f95b7fd9d1d6cf2ff9e7f428cd0e542ecac3,5406,False,symbol,symbol;legacy;trace,False,3107,0.3,False,top100,False,1,268
ea_llm_self_adaptive_api_1364_run1_20260722_184759.json,1364,3b23150ea5cc43d2aa63538797c93b26,6,c1f0b46a7a0643c9a06b6d17a4f695b1,9,ml_mutation,filler,d0914a191ba808df60d5e0e19e2c651773a898f0a3e88f8200d88671a93931e9,5413,False,grave,grave;crypt;urn,False,2097,0.7,False,top100,False,1,88
ea_llm_self_adaptive_api_1364_run1_20260722_184759.json,1364,3b23150ea5cc43d2aa63538797c93b26,6,c1f0b46a7a0643c9a06b6d17a4f695b1,9,ml_mutation,absent,03239d973c523606d28b949b93b009796f12f9012df8c6dadd860a0bb54dc09f,5185,False,burial,burial;interment;funeral,False,1032,0.7,False,top100,False,1,162
ea_llm_self_adaptive_api_1364_run1_20260722_184759.json,1364,f3b1090004af40d3abd6e86bdf194e2b,7,58d738557c9f4fba9bbc39273c804155,6,ml_mutation,genuine,54e363c964b18299f1e1b65557ccc9177612ed108dd89d111ea261d489753c6e,5967,False,memorial,memorial;plaque;engraving,False,1257,0.7,False,top100,False,1,142
ea_llm_self_adaptive_api_1364_run1_20260722_184759.json,1364,f3b1090004af40d3abd6e86bdf194e2b,7,58d738557c9f4fba9bbc39273c804155,6,ml_mutation,wrong,55ad546671691834ebe919517b6cc8df36cda058c2b78d3fe6204878fda0a1a9,5966,False,tablet,tablet;plaque;marker,False,11450,0.6,False,top100,False,1,147
ea_llm_self_adaptive_api_1364_run1_20260722_184759.json,1364,f3b1090004af40d3abd6e86bdf194e2b,7,58d738557c9f4fba9bbc39273c804155,6,ml_mutation,filler,11bb9b85392984e94f8943300e132f69a7776f45d4fec6cabb931fa097471662,5956,False,memorial,memorial;symbol;legacy,False,1257,0.7,False,top100,False,1,185
ea_llm_self_adaptive_api_1364_run1_20260722_184759.json,1364,f3b1090004af40d3abd6e86bdf194e2b,7,58d738557c9f4fba9bbc39273c804155,6,ml_mutation,absent,68c51dcff5c646c68206b3248f3754dbc788d14b0b3ed5915a90952019b9b892,5728,False,roof,roof;floor;beam,False,880,0.4,False,top500,False,1,151
ea_llm_self_adaptive_api_1364_run1_20260722_184759.json,1364,2573689b95c64349b37b61d8103e1dcc,7,cd867fa69f454b2394fc9eed1ffc3b94,6,m_mutation,genuine,3097ff41c94ee202fc849d4c31ad061fce8f27d98e0995e93d6270bd0db00d09,5991,False,benchmark,benchmark;representation;standard,False,10631,0.6,False,top100,False,1,180
ea_llm_self_adaptive_api_1364_run1_20260722_184759.json,1364,2573689b95c64349b37b61d8103e1dcc,7,cd867fa69f454b2394fc9eed1ffc3b94,6,m_mutation,wrong,9ca89c625f1b6d79f4916945b8292ccde56901a15856126f6ada74cc85bbb9e8,5963,False,art,art;image;message,False,576,0.3,False,top500,False,1,153
ea_llm_self_adaptive_api_1364_run1_20260722_184759.json,1364,2573689b95c64349b37b61d8103e1dcc,7,cd867fa69f454b2394fc9eed1ffc3b94,6,m_mutation,filler,f03d7d13bce351f62d972634e006c116d6a71430d4b648a669a57acd09c37480,5991,False,symbol,symbol;icon;token,False,3107,0.6,False,top500,False,1,132
ea_llm_self_adaptive_api_1364_run1_20260722_184759.json,1364,2573689b95c64349b37b61d8103e1dcc,7,cd867fa69f454b2394fc9eed1ffc3b94,6,m_mutation,absent,b755115ae7b20b14b5c7db550c935f2e6f4806625399d2e88384232880949ae3,5726,False,identity,identity;expression;representation,False,8808,0.6,False,top500,False,1,89
ea_llm_self_adaptive_api_1364_run1_20260722_184759.json,1364,f3bc7b9ec8e4456da548c0d0108db3e8,7,dbe47c02ba784f6896b0abc7bbdf0418,6,s_mutation,genuine,e6fcafd2f56f1e6e62b34d2cab66acba2a07e67a109d417c25e729c40199fd59,5713,False,tablet,tablet;marker;column,False,11450,0.3,False,top500,False,1,170
ea_llm_self_adaptive_api_1364_run1_20260722_184759.json,1364,f3bc7b9ec8e4456da548c0d0108db3e8,7,dbe47c02ba784f6896b0abc7bbdf0418,6,s_mutation,wrong,6d2434260e08ec9fc3c5cf28f07f0fe66e46cd42c7bdb64cb16f6cd16114e086,5671,False,effigy,effigy;obelisk;stele,False,2026,0.7,False,top100,False,1,152
ea_llm_self_adaptive_api_1364_run1_20260722_184759.json,1364,f3bc7b9ec8e4456da548c0d0108db3e8,7,dbe47c02ba784f6896b0abc7bbdf0418,6,s_mutation,filler,bfa051e8a85f3d1d58bb84983c27fe2c4819950a6325c96423dd1ba64aecb6f5,5697,False,memorial,memorial;monolith;tomb,False,1257,0.6,False,top100,False,1,94
ea_llm_self_adaptive_api_1364_run1_20260722_184759.json,1364,f3bc7b9ec8e4456da548c0d0108db3e8,7,dbe47c02ba784f6896b0abc7bbdf0418,6,s_mutation,absent,33f62c5485b939ab9e760cefbeb08512deecee25713001ea96d49fd62007d740,5432,False,memorial,memorial;stele;obelisk,False,1257,0.7,False,top100,False,3,155
ea_llm_self_adaptive_api_1364_run1_20260722_184759.json,1364,fc90a7dd63494d8894bf0d0e4ef13e88,7,fd18bc114bc04d98a3e3707e307f1003,7,ml_mutation,genuine,62037617d8af503f68eb44c0e0e85c5ba81e37969f5e0caa53cabdccdf3cf325,5770,False,marble,marble;granite;limestone,False,149,0.3,False,top500,False,1,161
ea_llm_self_adaptive_api_1364_run1_20260722_184759.json,1364,fc90a7dd63494d8894bf0d0e4ef13e88,7,fd18bc114bc04d98a3e3707e307f1003,7,ml_mutation,wrong,5ef4d914f84e90cb94dc3d61729169f22ff53ccb97fb4ece7f48d097af9b6a2e,5736,False,icon,icon;symbol;emblem,False,6620,0.7,False,top100,False,1,150
ea_llm_self_adaptive_api_1364_run1_20260722_184759.json,1364,fc90a7dd63494d8894bf0d0e4ef13e88,7,fd18bc114bc04d98a3e3707e307f1003,7,ml_mutation,filler,07767fbeddcfab3e8cb4348d2ddc7ad7e11866444117fc2ed3b92b1bb16b4813,5786,False,monument,monument;icon;symbol,False,6,0.5,False,top100,False,1,151
ea_llm_self_adaptive_api_1364_run1_20260722_184759.json,1364,fc90a7dd63494d8894bf0d0e4ef13e88,7,fd18bc114bc04d98a3e3707e307f1003,7,ml_mutation,absent,dc7a6ffd21b7689e3749aea750c5efbdd455e35e19823d5af41956f9d483d920,5521,False,symbol,symbol;icon;emblem,False,3107,0.7,False,top100,False,1,200
ea_llm_self_adaptive_api_1364_run1_20260722_184759.json,1364,26fd3b0a9ace42dd8ec7d18169da23e7,7,c1f0b46a7a0643c9a06b6d17a4f695b1,9,ml_mutation,genuine,cb189ba72de7e99557cfa2b490805b7f161170c280c62463cffae69e65f0d4de,5786,False,emblem,emblem;totem;sigil,False,8518,0.25,False,top500,False,1,182
ea_llm_self_adaptive_api_1364_run1_20260722_184759.json,1364,26fd3b0a9ace42dd8ec7d18169da23e7,7,c1f0b46a7a0643c9a06b6d17a4f695b1,9,ml_mutation,wrong,8e4a4683e9ce3080b579a6259b56e9b557cb8e6ee9a24fc6b71a0cc344adcfcd,5785,False,legacy,legacy;heritage;tradition,False,1701,0.3,False,beyond,False,1,182
ea_llm_self_adaptive_api_1364_run1_20260722_184759.json,1364,26fd3b0a9ace42dd8ec7d18169da23e7,7,c1f0b46a7a0643c9a06b6d17a4f695b1,9,ml_mutation,filler,f79de89a2aa09971e47ce5c621d83562321b18f5fdc2545f5bd021d4840a898d,5769,False,symbol,symbol;emblem;token,False,3107,0.6,False,top100,False,1,150
ea_llm_self_adaptive_api_1364_run1_20260722_184759.json,1364,26fd3b0a9ace42dd8ec7d18169da23e7,7,c1f0b46a7a0643c9a06b6d17a4f695b1,9,ml_mutation,absent,670fa2177416b9b1c612897c438f9124599866e344a93ac1ce6e148edd0fdcdb,5541,False,grave,grave;coffin;funeral,False,2097,0.8,False,top100,False,1,164
ea_llm_self_adaptive_api_1364_run1_20260722_184759.json,1364,7e14b3d9fdf042c389ed19f6350efd0a,8,58d738557c9f4fba9bbc39273c804155,6,m_mutation,genuine,6a56a93779de96ce6a26164b0dc51a2f62670abd8c27eb748ab18616f630cb9c,6212,False,testament,testament;emblem;tradition,False,6998,0.4,False,top500,False,1,158
ea_llm_self_adaptive_api_1364_run1_20260722_184759.json,1364,7e14b3d9fdf042c389ed19f6350efd0a,8,58d738557c9f4fba9bbc39273c804155,6,m_mutation,wrong,4db6fe14cc215a2a240f160790d31a344722a256d0af8e53c36a9a8b28316b00,6195,False,symbol,symbol;icon;emblem,False,3107,0.5,False,top500,False,1,146
ea_llm_self_adaptive_api_1364_run1_20260722_184759.json,1364,7e14b3d9fdf042c389ed19f6350efd0a,8,58d738557c9f4fba9bbc39273c804155,6,m_mutation,filler,8c1b2a5ddcff5045af72c43e885aa5ce15287f7f783daa5f4a92187d4c0758bc,6201,False,symbol,symbol;legacy;marker,False,3107,0.7,False,top500,False,1,113
ea_llm_self_adaptive_api_1364_run1_20260722_184759.json,1364,7e14b3d9fdf042c389ed19f6350efd0a,8,58d738557c9f4fba9bbc39273c804155,6,m_mutation,absent,fc4a1c8cf652f4367e476f3e326d4d2964cb150666986c505d740296943c8b56,5973,False,emblem,emblem;legacy;heritage,False,8518,0.6,False,top500,False,1,95
ea_llm_self_adaptive_api_1364_run1_20260722_184759.json,1364,118d61a4a74d4994bfeff4a6b823e893,8,cd867fa69f454b2394fc9eed1ffc3b94,6,m_mutation,genuine,a7c551320a7302a18b1c3a57a1f03743fcec72b42dbee5a493eabc68be0b17dd,6158,False,totem,totem;spire;arcade,False,3556,0.6,False,top100,False,1,161
ea_llm_self_adaptive_api_1364_run1_20260722_184759.json,1364,118d61a4a74d4994bfeff4a6b823e893,8,cd867fa69f454b2394fc9eed1ffc3b94,6,m_mutation,wrong,9e909f6baf31afae3ef4fdd2a8b71923c12f76bc6497156f2029aca0c6c4a3cd,6136,False,erect,erect;build;construct,True,,0.3,False,top500,False,1,173
ea_llm_self_adaptive_api_1364_run1_20260722_184759.json,1364,118d61a4a74d4994bfeff4a6b823e893,8,cd867fa69f454b2394fc9eed1ffc3b94,6,m_mutation,filler,5f4bd6d2df69676103fbb80e16d898ea5af673bf579e6ccf0c37612ba9d85841,6158,False,emblem,emblem;representation;marker,False,8518,0.6,False,top500,False,1,147
ea_llm_self_adaptive_api_1364_run1_20260722_184759.json,1364,118d61a4a74d4994bfeff4a6b823e893,8,cd867fa69f454b2394fc9eed1ffc3b94,6,m_mutation,absent,e189be77e6cdfd42c52b642754cf270f852fa3c7dd554c3c0452284cc67680ba,5893,False,representation,representation;standard;memory,False,4474,0.4,False,top500,False,1,127
ea_llm_self_adaptive_api_1364_run1_20260722_184759.json,1364,4bef7a6819e94738a71175675bf4cb9c,8,dbe47c02ba784f6896b0abc7bbdf0418,6,l_mutation,genuine,300f52dbcda103cdd3c75dbc1b7aaf6762a2d5cb8110250702a23e8c41bd22cb,6287,False,tree,tree;rock;hill,False,1261,0.3,False,top500,False,1,202
ea_llm_self_adaptive_api_1364_run1_20260722_184759.json,1364,4bef7a6819e94738a71175675bf4cb9c,8,dbe47c02ba784f6896b0abc7bbdf0418,6,l_mutation,wrong,62723276bbaf9d9280e92b0ece12c9b08c9fd3e2e0e86a71abeec96cb105aaa4,6223,False,territory,territory;boundaries;limits,False,1967,0.3,False,top500,False,1,165
ea_llm_self_adaptive_api_1364_run1_20260722_184759.json,1364,4bef7a6819e94738a71175675bf4cb9c,8,dbe47c02ba784f6896b0abc7bbdf0418,6,l_mutation,filler,7237f5aee527d00f5c270e1b086579f3139b3a704fb23aa9eeff35c1ddf4858c,6271,False,story,story;trace;sign,False,1843,0.3,False,top500,False,3,177
ea_llm_self_adaptive_api_1364_run1_20260722_184759.json,1364,4bef7a6819e94738a71175675bf4cb9c,8,dbe47c02ba784f6896b0abc7bbdf0418,6,l_mutation,absent,887c3487ecaf87a5adf8a9ced6f5907522fab697b075f7644e3a827fc97b6e66,6006,False,symbol,symbol;echo;memory,False,3107,0.4,False,top500,False,1,139
ea_llm_self_adaptive_api_1364_run1_20260722_184759.json,1364,eaeaba71f7b7456da366c8ab40d9f42d,8,fd18bc114bc04d98a3e3707e307f1003,7,l_mutation,genuine,cf6f05ae745781dedb3b96a5c4edd3f8d6cb4e0b26b3dbd85345a32d5040afd6,6300,False,landscapes,landscapes;settings;environments,False,598,0.3,False,top500,False,2,181
ea_llm_self_adaptive_api_1364_run1_20260722_184759.json,1364,eaeaba71f7b7456da366c8ab40d9f42d,8,fd18bc114bc04d98a3e3707e307f1003,7,l_mutation,wrong,871f3dcff930494a66b0b2206366a61df8322b923ed702e8a1587ac1ba87768e,6272,False,custom,custom;practice;spirit,False,4121,0.3,False,top500,False,1,220
ea_llm_self_adaptive_api_1364_run1_20260722_184759.json,1364,eaeaba71f7b7456da366c8ab40d9f42d,8,fd18bc114bc04d98a3e3707e307f1003,7,l_mutation,filler,f216548b8a19df303b69708cba8c6c756c191eb219aca8aeb8809098cf78b767,6316,False,spirit,spirit;practice;worship,False,4451,0.3,False,beyond,False,1,161
ea_llm_self_adaptive_api_1364_run1_20260722_184759.json,1364,eaeaba71f7b7456da366c8ab40d9f42d,8,fd18bc114bc04d98a3e3707e307f1003,7,l_mutation,absent,b57a5c23b74c070f6a82aef46385fad91cc7e68e032b7a3884329c4800cf3463,6051,False,myth,myth;legend;story,False,4120,0.3,False,top500,False,1,176
ea_llm_self_adaptive_api_1364_run1_20260722_184759.json,1364,d2f8b6a49de045b7b8cbd861c163c892,8,c1f0b46a7a0643c9a06b6d17a4f695b1,9,m_mutation,genuine,4196a6e08f9726d5517cb22f2f6f5eb08695b79c935725099623e95fdfb4926c,6094,False,shroud,shroud;elegy;sepulcher,False,7010,0.7,False,top100,False,1,160
ea_llm_self_adaptive_api_1364_run1_20260722_184759.json,1364,d2f8b6a49de045b7b8cbd861c163c892,8,c1f0b46a7a0643c9a06b6d17a4f695b1,9,m_mutation,wrong,c179753ef5d1c87efd99da03b7032a38c0550b012b7beb1d2957ac59a1b9a26a,6077,False,shroud,shroud;rite;marker,False,7010,0.6,False,top100,False,1,145
ea_llm_self_adaptive_api_1364_run1_20260722_184759.json,1364,d2f8b6a49de045b7b8cbd861c163c892,8,c1f0b46a7a0643c9a06b6d17a4f695b1,9,m_mutation,filler,e8387432823ed5d0f1c9bf072ffd0e6875d1a0f8a6a3bd233072dc9abc3f1652,6077,False,burial,burial;remains;inheritance,False,1032,0.6,False,top500,False,1,106
ea_llm_self_adaptive_api_1364_run1_20260722_184759.json,1364,d2f8b6a49de045b7b8cbd861c163c892,8,c1f0b46a7a0643c9a06b6d17a4f695b1,9,m_mutation,absent,1b8c166f1d3abfa611b71a9dee6e085451377d278e1ca4b726bd0860753ad2d1,5849,False,burial,burial;ritual;mourning,False,1032,0.4,False,top500,False,1,139
ea_llm_self_adaptive_api_1364_run1_20260722_184759.json,1364,d56579cfb80f440fb7fca51a35f72b04,9,dbe47c02ba784f6896b0abc7bbdf0418,2,ml_mutation,genuine,a4f6dd5465d04a7aee4ec24d1f44bc676571fb8847b9b7c22af19fddecea6bba,6245,False,palace,palace;manor;castle,False,1,0.4,False,top500,False,1,150
ea_llm_self_adaptive_api_1364_run1_20260722_184759.json,1364,d56579cfb80f440fb7fca51a35f72b04,9,dbe47c02ba784f6896b0abc7bbdf0418,2,ml_mutation,wrong,675f919ec2842e8b954aa2d45afe3a8927074c1271cb0a3e7606f2aa3b22f0bd,6199,False,column,column;roof;terrace,False,993,0.7,False,top100,False,1,129
ea_llm_self_adaptive_api_1364_run1_20260722_184759.json,1364,d56579cfb80f440fb7fca51a35f72b04,9,dbe47c02ba784f6896b0abc7bbdf0418,2,ml_mutation,filler,8eaaaabf826bcdb64963494817f9975407990cbfbb2f46830198839f3285dab5,6229,False,manor,manor;palace;castle,False,115,0.7,False,top100,False,1,181
ea_llm_self_adaptive_api_1364_run1_20260722_184759.json,1364,d56579cfb80f440fb7fca51a35f72b04,9,dbe47c02ba784f6896b0abc7bbdf0418,2,ml_mutation,absent,ee2596fa349ba297aaa1573aff6d8d7a3b1ad8704f0c8cc305ae3fc9b4f1630f,5964,False,residence,residence;condo;apartment,False,22,0.4,False,top500,False,1,122
ea_llm_self_adaptive_api_1364_run2_20260722_205531.json,1364,f6f104ce326a469380a21efe3b2b8d54,2,7150f03948ca4795ac443f5f3d8f741c,269,m_mutation,genuine,68db5074a2c80bd7755df63f2a8137db3be1fb1d18529f42ac1e844ade2188ef,3714,False,cornerstone,cornerstone;mainstay;sustainer,False,5182,0.4,False,top500,False,1,142
ea_llm_self_adaptive_api_1364_run2_20260722_205531.json,1364,f6f104ce326a469380a21efe3b2b8d54,2,7150f03948ca4795ac443f5f3d8f741c,269,m_mutation,wrong,b32a3ec232db7dc8883244e96547a69e0f009a39f180d835294150361bfe84a9,3658,False,obelisk,obelisk;stele;monolith,False,558,0.6,False,top500,False,1,125
ea_llm_self_adaptive_api_1364_run2_20260722_205531.json,1364,f6f104ce326a469380a21efe3b2b8d54,2,7150f03948ca4795ac443f5f3d8f741c,269,m_mutation,filler,53e886a0ced9fb2849db8cd43c989a80e7c71aa5829e0527ee52fa8f4ee60954,3710,False,monument,monument;memorial;plaque,False,6,0.2,False,beyond,False,1,165
ea_llm_self_adaptive_api_1364_run2_20260722_205531.json,1364,f6f104ce326a469380a21efe3b2b8d54,2,7150f03948ca4795ac443f5f3d8f741c,269,m_mutation,absent,75b9e163185f5e8f1ff405475de5a9e6e3ccaa95c9b228965cb8e920c9378f16,3445,False,leader,leader;member;founder,False,2474,0.3,False,beyond,False,1,129
ea_llm_self_adaptive_api_1364_run2_20260722_205531.json,1364,fa2f54415c5d4c6c81f4782e4bcbd08e,3,143432220aee4735885f0756675cd0f1,243,m_mutation,genuine,06504c179def0347e8f4b58204c66a4f8eaa04ee52fa6a7cff4f0066f735e173,4283,False,bedrock,bedrock;slab;shale,False,19714,0.2,False,beyond,False,1,150
ea_llm_self_adaptive_api_1364_run2_20260722_205531.json,1364,fa2f54415c5d4c6c81f4782e4bcbd08e,3,143432220aee4735885f0756675cd0f1,243,m_mutation,wrong,92346e6a8423f68491377cfc3730325b60b7892246855fd2965f4ca41158d5e4,4297,False,block,block;tile;slab,False,848,0.4,False,top500,False,1,125
ea_llm_self_adaptive_api_1364_run2_20260722_205531.json,1364,fa2f54415c5d4c6c81f4782e4bcbd08e,3,143432220aee4735885f0756675cd0f1,243,m_mutation,filler,cc4294fd58f9dbacdf3275c2a46bf933949b53a8e6367cec5c0250cf20682cef,4298,False,shard,shard;grit;quarry,False,4067,0.4,False,top500,False,1,138
ea_llm_self_adaptive_api_1364_run2_20260722_205531.json,1364,fa2f54415c5d4c6c81f4782e4bcbd08e,3,143432220aee4735885f0756675cd0f1,243,m_mutation,absent,a97ba27cef4aeb95d6cfca599cf344dd8f350b2b06fbee1f37099525dce2c203,4033,False,monument,monument;carving;temple,False,6,0.35,False,beyond,False,1,117
ea_llm_self_adaptive_api_1364_run2_20260722_205531.json,1364,c12104b2b79748fc8ecccd3ad0afc45e,4,73a6cb99d9a34ef98649a3ffd2306259,46,m_mutation,genuine,9c70ce3b49274029ac49f6c3e8ba67c578b994ebae3f6e5933af2834d40c7e68,4534,False,residents,residents;population;community,False,2926,0.6,False,top500,False,1,214
ea_llm_self_adaptive_api_1364_run2_20260722_205531.json,1364,c12104b2b79748fc8ecccd3ad0afc45e,4,73a6cb99d9a34ef98649a3ffd2306259,46,m_mutation,wrong,de5b8f9aced8b27eecc97ef8b6a4e6d17ec398bcf098a997a8ae6d80089fa35d,4484,False,resident,resident;municipal;council,False,2926,0.7,False,top500,False,1,137
ea_llm_self_adaptive_api_1364_run2_20260722_205531.json,1364,c12104b2b79748fc8ecccd3ad0afc45e,4,73a6cb99d9a34ef98649a3ffd2306259,46,m_mutation,filler,16012f87c986c784628dce97cfed2f345043b9bdcff76180cf1981ab8b335e4b,4525,False,municipal,municipal;borough;council,False,1561,0.6,False,top100,False,1,131
ea_llm_self_adaptive_api_1364_run2_20260722_205531.json,1364,c12104b2b79748fc8ecccd3ad0afc45e,4,73a6cb99d9a34ef98649a3ffd2306259,46,m_mutation,absent,9643fa98c473f1745b319c0b313e7f3a4541c92905c2e9706be6e9de26c35f39,4260,False,municipal,municipal;resident;community,False,1561,0.6,False,top500,False,1,172
ea_llm_self_adaptive_api_1364_run2_20260722_205531.json,1364,3d677fb0f25b442fa7203dc93552781e,5,73a6cb99d9a34ef98649a3ffd2306259,46,l_mutation,genuine,2bebe86c88c2e981f72176809b1a1ce0778b95a92e68bd610e43fb8e0146dddb,5129,False,social,social;community;network,False,4558,0.3,False,top500,False,2,145
ea_llm_self_adaptive_api_1364_run2_20260722_205531.json,1364,3d677fb0f25b442fa7203dc93552781e,5,73a6cb99d9a34ef98649a3ffd2306259,46,l_mutation,wrong,ccf07eca1ed3b818a746efa1aa8875465f414f7a3aab52a94c0e656e9555de9d,5095,False,event,event;gathering;interaction,False,1242,0.2,False,beyond,False,1,117
ea_llm_self_adaptive_api_1364_run2_20260722_205531.json,1364,3d677fb0f25b442fa7203dc93552781e,5,73a6cb99d9a34ef98649a3ffd2306259,46,l_mutation,filler,eb8f79eeb12c229b29473052af87b98381c645da5e853a5d92a862d42e12622a,5120,False,community,community;interaction;network,False,3532,0.3,False,top500,False,1,159
ea_llm_self_adaptive_api_1364_run2_20260722_205531.json,1364,3d677fb0f25b442fa7203dc93552781e,5,73a6cb99d9a34ef98649a3ffd2306259,46,l_mutation,absent,b3356d6708fc275e68ecd3afea5096dd1b8cb03865dcd180b6b85092ffda7eb1,4855,False,dialogue,dialogue;exchange;network,False,12159,0.4,False,top500,False,1,167
ea_llm_self_adaptive_api_1364_run2_20260722_205531.json,1364,fe6c3a0ebaa64ff58caec8e2815d426f,6,143432220aee4735885f0756675cd0f1,31,ml_mutation,genuine,7727f00f797a2cc5370fd61bf867da43a5964dd3af541afee0326a13772893a5,5685,False,quartz,quartz;magma;sediment,False,9247,0.2,False,beyond,False,1,162
ea_llm_self_adaptive_api_1364_run2_20260722_205531.json,1364,fe6c3a0ebaa64ff58caec8e2815d426f,6,143432220aee4735885f0756675cd0f1,31,ml_mutation,wrong,f7ff599b21920ec57ea971d3011c8a798c2eee4cd4269705d7971765a41471c5,5715,False,building,building;bridge;tower,False,20,0.2,False,beyond,False,1,141
ea_llm_self_adaptive_api_1364_run2_20260722_205531.json,1364,fe6c3a0ebaa64ff58caec8e2815d426f,6,143432220aee4735885f0756675cd0f1,31,ml_mutation,filler,25aff5ea7482a3e127c07e0b6583f34567f644435f1e112537d88336fd8f6bbb,5700,False,spire,spire;tower;arch,False,224,0.6,False,top500,False,1,223
ea_llm_self_adaptive_api_1364_run2_20260722_205531.json,1364,fe6c3a0ebaa64ff58caec8e2815d426f,6,143432220aee4735885f0756675cd0f1,31,ml_mutation,absent,691f6a036be37af57ead8a68dbba5220dd8211185b915cb32a7850939a3c687f,5435,False,temple,temple;monument;obelisk,False,7,0.7,False,top100,False,1,210
ea_llm_self_adaptive_api_1364_run2_20260722_205531.json,1364,140a8a56e0fb412b9bc8a43bd74f1a27,7,73a6cb99d9a34ef98649a3ffd2306259,46,l_mutation,genuine,1b9cda66314e87bcd6b4db793f31991098f592b2011590c3cbd5ebad2cae80d5,6170,False,social,social;interaction;network,False,4558,0.25,False,beyond,False,2,206
ea_llm_self_adaptive_api_1364_run2_20260722_205531.json,1364,140a8a56e0fb412b9bc8a43bd74f1a27,7,73a6cb99d9a34ef98649a3ffd2306259,46,l_mutation,wrong,5ff845069b07fcc82dbd8e9d431f23b57834fe80f0bb291bddd4c49b2a1fd0e3,6129,False,society,society;interaction;network,False,3615,0.3,False,top500,False,1,150
ea_llm_self_adaptive_api_1364_run2_20260722_205531.json,1364,140a8a56e0fb412b9bc8a43bd74f1a27,7,73a6cb99d9a34ef98649a3ffd2306259,46,l_mutation,filler,0653c3e384d847ffdc8e7716db7ee6526100cc4f3516a275606084967c036f62,6161,False,hill,hill;plain;valley,False,257,0.3,False,top500,False,1,137
ea_llm_self_adaptive_api_1364_run2_20260722_205531.json,1364,140a8a56e0fb412b9bc8a43bd74f1a27,7,73a6cb99d9a34ef98649a3ffd2306259,46,l_mutation,absent,11c2b731e6183364d473963849ef603aaa9be5149ac3a81ba82c9805033260ad,5896,False,society,society;community;social,False,3615,0.4,False,top500,False,2,127
ea_llm_self_adaptive_api_1364_run2_20260722_205531.json,1364,e4a53134a7da4c92aa6f4652550a8a27,8,dbaf6798fe6a4441ad9cbe4c6eaf830f,6,l_mutation,genuine,5778762bd142c7092b866891f9f6b1ba53bc88a29d43b44ae1a734fbe63ebfe1,6369,False,relic,relic;artifact;trace,False,222,0.3,False,top500,False,2,125
ea_llm_self_adaptive_api_1364_run2_20260722_205531.json,1364,e4a53134a7da4c92aa6f4652550a8a27,8,dbaf6798fe6a4441ad9cbe4c6eaf830f,6,l_mutation,wrong,e3c9980efdd27f400ac4360f35c3e344b5b715d0b3148a7c9f84a72396051dce,6414,False,landform,landform;valley;plateau,False,23624,0.2,False,beyond,False,1,162
ea_llm_self_adaptive_api_1364_run2_20260722_205531.json,1364,e4a53134a7da4c92aa6f4652550a8a27,8,dbaf6798fe6a4441ad9cbe4c6eaf830f,6,l_mutation,filler,d515405318643473a33e59a0c6a20772a890dcef417f29925adb6d0c6bc09121,6364,False,artifact,artifact;symbol;formation,False,600,0.3,False,top500,False,1,145
ea_llm_self_adaptive_api_1364_run2_20260722_205531.json,1364,e4a53134a7da4c92aa6f4652550a8a27,8,dbaf6798fe6a4441ad9cbe4c6eaf830f,6,l_mutation,absent,63138e0d6729a003281316f323dfd809ad71b1a08a1b6c94cc50a09d49e9d339,6136,False,history,history;past;era,False,491,0.3,False,top500,False,1,143
ea_llm_self_adaptive_api_1364_run2_20260722_205531.json,1364,0c72f573384e4fb5bc6ffdb7f86699ea,9,3d677fb0f25b442fa7203dc93552781e,7,m_mutation,genuine,303601cf0d45d62ade11a5e434eac5b9eaeab4253879666f643b1a30815d24a6,6774,False,sanctuary,sanctuary;edifice;shrine,False,195,0.4,False,top500,False,1,215
ea_llm_self_adaptive_api_1364_run2_20260722_205531.json,1364,0c72f573384e4fb5bc6ffdb7f86699ea,9,3d677fb0f25b442fa7203dc93552781e,7,m_mutation,wrong,436587ded97ea4cb7cc8c340ee93bd80f7a64b25a591e8a24325972eebbb3283,6698,False,altar,altar;sanctuary;nave,False,325,0.6,False,top500,False,1,193
ea_llm_self_adaptive_api_1364_run2_20260722_205531.json,1364,0c72f573384e4fb5bc6ffdb7f86699ea,9,3d677fb0f25b442fa7203dc93552781e,7,m_mutation,filler,14fde5f3498d51475a1fd2b6da09b73752ff5e79c1100e1ff6742fa858221c4a,6750,False,structure,structure;sanctuary;pillar,False,253,0.6,False,top500,False,1,146
ea_llm_self_adaptive_api_1364_run2_20260722_205531.json,1364,0c72f573384e4fb5bc6ffdb7f86699ea,9,3d677fb0f25b442fa7203dc93552781e,7,m_mutation,absent,c38f076f5c3a7d77d91d9dda6d3dfc7c29ca713d7530ec87adfde4891dc1e555,6485,False,beam,beam;column;foundation,False,7624,0.5,False,top500,False,1,137
ea_llm_self_adaptive_api_1364_run2_20260722_205531.json,1364,2fd21b05416549248e44094a71b2ba71,10,dbaf6798fe6a4441ad9cbe4c6eaf830f,6,ml_mutation,genuine,ec6ce22cc3d8ccc7703d3f1ca15a4a5c41039faf06437ee1577f629090b4467d,6818,False,symbol,symbol;marker;emblem,False,3107,0.3,False,beyond,False,2,159
ea_llm_self_adaptive_api_1364_run2_20260722_205531.json,1364,2fd21b05416549248e44094a71b2ba71,10,dbaf6798fe6a4441ad9cbe4c6eaf830f,6,ml_mutation,wrong,00fb705f54110f754bcb03ab9ca0b95e57c6cbe6d65ad82f793a4792976d2c10,6864,False,landmark,landmark;heritage;legacy,False,50,0.8,False,top100,False,3,174
ea_llm_self_adaptive_api_1364_run2_20260722_205531.json,1364,2fd21b05416549248e44094a71b2ba71,10,dbaf6798fe6a4441ad9cbe4c6eaf830f,6,ml_mutation,filler,10bfb76876ccbe176e0cfe67776772654c26bd2a9442d0162b2f80e4728d6cb6,6813,False,monolith,monolith;obelisk;stele,False,4778,0.7,False,top100,False,1,223
ea_llm_self_adaptive_api_1364_run2_20260722_205531.json,1364,2fd21b05416549248e44094a71b2ba71,10,dbaf6798fe6a4441ad9cbe4c6eaf830f,6,ml_mutation,absent,61a3379cc157133f4a9dbf46277dfe39fbc5dcefd3d81f6b41739e9691b12d1b,6585,False,landmark,landmark;memorial;obelisk,False,50,0.7,False,top100,False,1,90
ea_llm_self_adaptive_api_1364_run2_20260722_205531.json,1364,48b33bf7a63e4765917dbebdc246b8bb,11,eac00fa4805e44efb9ef68d4a6dbbfc3,6,l_mutation,genuine,2c0c20e4fcedfcd61a9032e853062302a4279d51a690e51bd32f06f1ec658641,7272,False,celestial,celestial;event;celebration,False,1628,0.3,False,beyond,False,1,127
ea_llm_self_adaptive_api_1364_run2_20260722_205531.json,1364,48b33bf7a63e4765917dbebdc246b8bb,11,eac00fa4805e44efb9ef68d4a6dbbfc3,6,l_mutation,wrong,3e32e17b03db73ca896e0b421af57cbf0f174ee9633863eff74b4a51ff85aca0,7315,False,ritual,ritual;event;gathering,False,2215,0.3,False,top500,False,1,164
ea_llm_self_adaptive_api_1364_run2_20260722_205531.json,1364,48b33bf7a63e4765917dbebdc246b8bb,11,eac00fa4805e44efb9ef68d4a6dbbfc3,6,l_mutation,filler,df954d3373b8b4c494f0397f1f8168f8da3e226c7552cbdd46ef8fef63787a38,7271,False,legacy,legacy;story;symbol,False,1701,0.3,False,top500,False,1,115
ea_llm_self_adaptive_api_1364_run2_20260722_205531.json,1364,48b33bf7a63e4765917dbebdc246b8bb,11,eac00fa4805e44efb9ef68d4a6dbbfc3,6,l_mutation,absent,0e66aee1517206caf302150b8955ddd6e2fcf7d9dcb9e18b7b0e677ef45e375b,7043,False,interaction,interaction;influence;connection,False,24311,0.4,False,top500,False,1,172
ea_llm_self_adaptive_api_1364_run2_20260722_205531.json,1364,0a3da07bad3b452e836c16a61ac2eb82,2,143432220aee4735885f0756675cd0f1,243,l_mutation,genuine,e77cc4cf14afdb87c9be0243a10b26e9ff73a29e40b759aa0538bed1ef7b93f2,3862,False,artifact,artifact;relic;remnant,False,600,0.4,False,top500,False,1,158
ea_llm_self_adaptive_api_1364_run2_20260722_205531.json,1364,0a3da07bad3b452e836c16a61ac2eb82,2,143432220aee4735885f0756675cd0f1,243,l_mutation,wrong,10c270345757daea9e354bef4d291a1e50c3ac5f014fad183bf01d8b946625a8,3893,False,clay,clay;lava;mud,False,2878,0.4,False,top500,False,1,172
ea_llm_self_adaptive_api_1364_run2_20260722_205531.json,1364,0a3da07bad3b452e836c16a61ac2eb82,2,143432220aee4735885f0756675cd0f1,243,l_mutation,filler,810b73c713b3e11f6db8daee3dceb538d875eb0883dce5f6dd130d53e17ec2b5,3877,False,artifact,artifact;tool;carving,False,600,0.2,False,beyond,False,1,168
ea_llm_self_adaptive_api_1364_run2_20260722_205531.json,1364,0a3da07bad3b452e836c16a61ac2eb82,2,143432220aee4735885f0756675cd0f1,243,l_mutation,absent,fde51480f84caa7c72a4b8fb90162d83e7d9b8214846c06d14dd850d35022f86,3612,False,grains,grains;layers;crust,False,7493,0.4,False,top500,False,1,137
ea_llm_self_adaptive_api_1364_run2_20260722_205531.json,1364,04b01e5c6a774199af847597038e11b4,3,7150f03948ca4795ac443f5f3d8f741c,269,l_mutation,genuine,9dcfaa680a41aa0d57663eae0b4dcb60f73483c2bee6c4ae9c4d563230c6ad58,4432,False,vessel,vessel;current;flow,False,6896,0.4,False,top500,False,1,154
ea_llm_self_adaptive_api_1364_run2_20260722_205531.json,1364,04b01e5c6a774199af847597038e11b4,3,7150f03948ca4795ac443f5f3d8f741c,269,l_mutation,wrong,dc2bde830a457412f1224dee53d8868d3a8c3d8bfc64f89cd470343321b1058a,4383,False,altar,altar;amulet;totem,False,325,0.4,False,top500,False,1,157
ea_llm_self_adaptive_api_1364_run2_20260722_205531.json,1364,04b01e5c6a774199af847597038e11b4,3,7150f03948ca4795ac443f5f3d8f741c,269,l_mutation,filler,a8f01892455430fa235e8d423d14f8535a9a75a42e61fa688a5850110b32d9c7,4428,False,sustain,sustain;maintain;preserve,False,14823,0.3,False,beyond,False,2,168
ea_llm_self_adaptive_api_1364_run2_20260722_205531.json,1364,04b01e5c6a774199af847597038e11b4,3,7150f03948ca4795ac443f5f3d8f741c,269,l_mutation,absent,abcfc79054592bc8c20581d71e78ec702bb906eba35d4c754e8f3d06037a9822,4163,False,spore,spore;vein;glow,False,45160,0.3,False,top500,False,1,166
ea_llm_self_adaptive_api_1364_run2_20260722_205531.json,1364,3467d84182774a32ad8ab87396f2e3c1,4,143432220aee4735885f0756675cd0f1,243,m_mutation,genuine,0e73fb263ae0c362a98db6e0d80f2453d0a83de68c9bef6a8d61decaa97cb78b,4808,False,chisel,chisel;grind;sharpen,False,24798,0.2,False,beyond,False,1,127
ea_llm_self_adaptive_api_1364_run2_20260722_205531.json,1364,3467d84182774a32ad8ab87396f2e3c1,4,143432220aee4735885f0756675cd0f1,243,m_mutation,wrong,f00ff231c8c239607d43cf2e9035394f99f69f35ac7a4ff4726fabc2898d836e,4834,False,mass,mass;weight;load,False,4864,0.3,False,beyond,False,1,124
ea_llm_self_adaptive_api_1364_run2_20260722_205531.json,1364,3467d84182774a32ad8ab87396f2e3c1,4,143432220aee4735885f0756675cd0f1,243,m_mutation,filler,7c74913a558708409d56270ac152b0c3a3829d6203966e06163a3171673ee5d6,4823,False,sculpture,sculpture;carving;monument,False,136,0.4,False,top500,False,1,153
ea_llm_self_adaptive_api_1364_run2_20260722_205531.json,1364,3467d84182774a32ad8ab87396f2e3c1,4,143432220aee4735885f0756675cd0f1,243,m_mutation,absent,b584b2d31af38d0c5fdecb6c2e70d1f6bb7ee4b77b450a3da406979a62511eb5,4558,False,tool,tool;carving;masonry,False,18586,0.4,False,top500,False,1,106
ea_llm_self_adaptive_api_1364_run2_20260722_205531.json,1364,8b79d806b9b54ad4b724a62ed4517332,5,4d6219ef149949c2b7dc05235b7bb461,149,m_mutation,genuine,e65c1b532add7a3e340234a9a73baa89b4bf9b772d9b69999e989fc9ae4e699e,5005,False,sculpture,sculpture;statue;museum,False,136,0.3,False,beyond,False,1,137
ea_llm_self_adaptive_api_1364_run2_20260722_205531.json,1364,8b79d806b9b54ad4b724a62ed4517332,5,4d6219ef149949c2b7dc05235b7bb461,149,m_mutation,wrong,95aed0422876239d271ae7b1bcb8ea6fa8ad1cee2383b06f53dcc44b53eddad5,4939,False,ball,ball;roll;toy,False,2068,0.2,False,beyond,False,1,126
ea_llm_self_adaptive_api_1364_run2_20260722_205531.json,1364,8b79d806b9b54ad4b724a62ed4517332,5,4d6219ef149949c2b7dc05235b7bb461,149,m_mutation,filler,a8e517ed851e16676c3754f0e814205a9cdd478d359e1617bb10bfb3504ba849,4983,False,color,color;shade;hue,False,2497,0.4,False,beyond,False,1,92
ea_llm_self_adaptive_api_1364_run2_20260722_205531.json,1364,8b79d806b9b54ad4b724a62ed4517332,5,4d6219ef149949c2b7dc05235b7bb461,149,m_mutation,absent,6a535b488480a6d0f1ee821bb88a3bb715b6cd338afaf38aad3dd07f68a3969b,4718,False,sculpture,sculpture;statue;carving,False,136,0.3,False,top500,False,1,106
ea_llm_self_adaptive_api_1364_run2_20260722_205531.json,1364,a78b99d6a54141f283c2ce77be1865d2,6,dbaf6798fe6a4441ad9cbe4c6eaf830f,6,ml_mutation,genuine,697104cf9ff3dea9a6617715764ea6e0203310a256fe8e1c40605a691c623f0f,5345,False,landmark,landmark;sight;site,False,50,0.7,False,top100,False,3,132
ea_llm_self_adaptive_api_1364_run2_20260722_205531.json,1364,a78b99d6a54141f283c2ce77be1865d2,6,dbaf6798fe6a4441ad9cbe4c6eaf830f,6,ml_mutation,wrong,0fe138ecd346e23681800bc977cc570eeb9d25d99cbcf5d13d50971daa7c9921,5384,False,temple,temple;castle;abbey,False,7,0.3,False,beyond,False,3,201
ea_llm_self_adaptive_api_1364_run2_20260722_205531.json,1364,a78b99d6a54141f283c2ce77be1865d2,6,dbaf6798fe6a4441ad9cbe4c6eaf830f,6,ml_mutation,filler,31227cc8f3892cad84e7f6a43bcf909f96e9605a0c63077a02e30d872bbc6d7f,5340,False,symbol,symbol;emblem;marker,False,3107,0.4,False,top500,False,1,138
ea_llm_self_adaptive_api_1364_run2_20260722_205531.json,1364,a78b99d6a54141f283c2ce77be1865d2,6,dbaf6798fe6a4441ad9cbe4c6eaf830f,6,ml_mutation,absent,969eccc1e6e54284185a56e061bdf65973989a0eb5882ed5970f798de837bd7e,5112,False,arch,arch;bridge;tower,False,341,0.4,False,beyond,False,1,147
ea_llm_self_adaptive_api_1364_run2_20260722_205531.json,1364,40adffac10da43edb933728e8039e5b7,7,fe6c3a0ebaa64ff58caec8e2815d426f,38,ml_mutation,genuine,88195b0aabd23fcc992eb170a8201a35ebf4f3c7b5a9240e2e66b9e4b50f5afa,5876,False,form,form;shape;style,False,2494,0.3,False,top500,False,1,165
ea_llm_self_adaptive_api_1364_run2_20260722_205531.json,1364,40adffac10da43edb933728e8039e5b7,7,fe6c3a0ebaa64ff58caec8e2815d426f,38,ml_mutation,wrong,7a5b7a93856fee829dcb28405a17eb6039a7e6e1d9a1f0bf52b82b331398113c,5865,False,monument,monument;beacon;obelisk,False,6,0.4,False,top500,False,1,115
ea_llm_self_adaptive_api_1364_run2_20260722_205531.json,1364,40adffac10da43edb933728e8039e5b7,7,fe6c3a0ebaa64ff58caec8e2815d426f,38,ml_mutation,filler,5602eff382e6e90cb1d5063277cdff5393c246e3c6d5f1a9de392d5d0c1f4997,5858,False,park,park;square;garden,False,122,0.3,False,top500,False,1,155
ea_llm_self_adaptive_api_1364_run2_20260722_205531.json,1364,40adffac10da43edb933728e8039e5b7,7,fe6c3a0ebaa64ff58caec8e2815d426f,38,ml_mutation,absent,f1503006049186ad9832109684da37f872321542ca09aa2177a586798fedf421,5593,False,dam,dam;tunnel;viaduct,False,931,0.7,False,top100,False,1,194
ea_llm_self_adaptive_api_1364_run2_20260722_205531.json,1364,9a439eccb4644adf8cc5b0d9c3049f96,8,9f68b913954c468e9bdcd4376764cf20,20,s_mutation,genuine,cebabd238c085981622c3e4d32fdf864428f583dd0af0d709cbd50a91773155b,6241,False,residence,residence;dwelling;facility,False,22,0.7,False,top100,False,2,156
ea_llm_self_adaptive_api_1364_run2_20260722_205531.json,1364,9a439eccb4644adf8cc5b0d9c3049f96,8,9f68b913954c468e9bdcd4376764cf20,20,s_mutation,wrong,53a43a4c22c915c15d01cc2754f28dac6187272f56095920fe27c24d79ffaaa6,6207,False,residence,residence;dwelling;manor,False,22,0.6,False,top100,False,3,93
ea_llm_self_adaptive_api_1364_run2_20260722_205531.json,1364,9a439eccb4644adf8cc5b0d9c3049f96,8,9f68b913954c468e9bdcd4376764cf20,20,s_mutation,filler,7c2de9b90eda61e760c84f6b0fdb0bb000185c0064b20d738a1e98ed081a64d0,6269,False,structure,structure;edifice;facility,False,253,0.7,False,top500,False,1,100
ea_llm_self_adaptive_api_1364_run2_20260722_205531.json,1364,9a439eccb4644adf8cc5b0d9c3049f96,8,9f68b913954c468e9bdcd4376764cf20,20,s_mutation,absent,6deded5d479b1aa897b633cb9dc995fd869266d3be11d78ba945487131484dbc,5928,False,dwelling,dwelling;residence;edifice,False,343,0.6,False,top500,False,1,145
ea_llm_self_adaptive_api_1364_run2_20260722_205531.json,1364,de954bba0439433289259f867c017657,9,868ab14d72c646eaac07f7a1fae4cf44,6,ml_mutation,genuine,2c1834243f6b996821739861aff35f5686f87d59ed4575e7833f282218ca2cd6,6625,False,symbol,symbol;icon;tradition,False,3107,0.6,False,top100,False,1,144
ea_llm_self_adaptive_api_1364_run2_20260722_205531.json,1364,de954bba0439433289259f867c017657,9,868ab14d72c646eaac07f7a1fae4cf44,6,ml_mutation,wrong,e6e1114cbedad5fa47847f85935f6a5713a0374eb7845ed6ac390c3ebadfce8d,6561,False,era,era;epoch;period,False,1560,0.7,False,top100,False,1,146
ea_llm_self_adaptive_api_1364_run2_20260722_205531.json,1364,de954bba0439433289259f867c017657,9,868ab14d72c646eaac07f7a1fae4cf44,6,ml_mutation,filler,bb3eb1fd0742b13b39768ae56520203743c7f9969bfc379359a4c2c47f2cdeef,6605,False,icon,icon;symbol;emblem,False,6620,0.7,False,top100,False,1,116
ea_llm_self_adaptive_api_1364_run2_20260722_205531.json,1364,de954bba0439433289259f867c017657,9,868ab14d72c646eaac07f7a1fae4cf44,6,ml_mutation,absent,40cdc2885c70424cae2e4bb47993389b0a5361eb5987ad874d267d74b0398264,6340,False,style,style;form;pattern,False,1082,0.4,False,top500,False,1,131
ea_llm_self_adaptive_api_1364_run2_20260722_205531.json,1364,420436a9f9b6423184309af3ac66504a,10,868ab14d72c646eaac07f7a1fae4cf44,6,l_mutation,genuine,9efde1e7162e60766ce16e81e406590dffbda19b504adabfa43451424e5df818,7111,False,narrative,narrative;memory;story,False,7860,0.3,False,top500,False,1,179
ea_llm_self_adaptive_api_1364_run2_20260722_205531.json,1364,420436a9f9b6423184309af3ac66504a,10,868ab14d72c646eaac07f7a1fae4cf44,6,l_mutation,wrong,c2ae9061a25dc616fb75a2f7bb19e0fa13374d483a7b56cd64e54eef43e496b0,7063,False,geography,geography;terrain;topography,False,13308,0.2,False,beyond,False,1,163
ea_llm_self_adaptive_api_1364_run2_20260722_205531.json,1364,420436a9f9b6423184309af3ac66504a,10,868ab14d72c646eaac07f7a1fae4cf44,6,l_mutation,filler,c73d12973e698e60ac66be2d6dea1bb19e1159fa76fbd5c09f731acd8ed07477,7091,False,echo,echo;trace;remnant,False,1723,0.3,False,top500,False,1,161
ea_llm_self_adaptive_api_1364_run2_20260722_205531.json,1364,420436a9f9b6423184309af3ac66504a,10,868ab14d72c646eaac07f7a1fae4cf44,6,l_mutation,absent,a7c3df940e26c268b6a0edeb5d8f0756300a602cdd24f81e16ef18c5f0b8e6af,6826,False,symbol,symbol;icon;sign,False,3107,0.4,False,top500,False,2,105
ea_llm_self_adaptive_api_1364_run2_20260722_205531.json,1364,f0c9845560db4464943211440f4057e2,11,3d677fb0f25b442fa7203dc93552781e,7,l_mutation,genuine,535377e9c7adfe761073fe21693d22b11ff4f4b5203647dee1ac967e9da90ef3,7374,False,belief,belief;cosmology;philosophy,False,8694,0.3,False,top500,False,1,172
ea_llm_self_adaptive_api_1364_run2_20260722_205531.json,1364,f0c9845560db4464943211440f4057e2,11,3d677fb0f25b442fa7203dc93552781e,7,l_mutation,wrong,f4b32345b8189cde3af9721024cd14b0f7ad6576f7307b5fe775f10387d72e27,7316,False,celestial,celestial;cosmic;star,False,1628,0.2,False,beyond,False,1,180
ea_llm_self_adaptive_api_1364_run2_20260722_205531.json,1364,f0c9845560db4464943211440f4057e2,11,3d677fb0f25b442fa7203dc93552781e,7,l_mutation,filler,1482822f2fa01fe30a8708633c4fce1c4909a761af520a4c58cc534a1f578d11,7350,False,interaction,interaction;space;movement,False,24311,0.4,False,top500,False,1,172
ea_llm_self_adaptive_api_1364_run2_20260722_205531.json,1364,f0c9845560db4464943211440f4057e2,11,3d677fb0f25b442fa7203dc93552781e,7,l_mutation,absent,1afae586b2cf291e2f949aa129ac6a230b01e66ffc4e9a608a66ef5d7499603c,7085,False,spiritual,spiritual;practice;space,False,2692,0.4,False,top500,False,1,236
ea_llm_self_adaptive_api_1364_run2_20260722_205531.json,1364,cb4d2f006c824535b827843d96749c82,3,f2e52657046441f0a9976ba9696e1a48,269,m_mutation,genuine,99b8d5ab12a841848aab5413bd4e854be325a2a8c7de7415583168d1c500c192,4263,False,principle,principle;value;guideline,False,16231,0.3,False,top500,False,1,182
ea_llm_self_adaptive_api_1364_run2_20260722_205531.json,1364,cb4d2f006c824535b827843d96749c82,3,f2e52657046441f0a9976ba9696e1a48,269,m_mutation,wrong,300377450f2d07262a1061be450deb20a938c9b3dabf3934ae5de60c14ac4b5f,4248,False,principle,principle;value;cornerstone,False,16231,0.4,False,top500,False,1,201
ea_llm_self_adaptive_api_1364_run2_20260722_205531.json,1364,cb4d2f006c824535b827843d96749c82,3,f2e52657046441f0a9976ba9696e1a48,269,m_mutation,filler,a54b764655f79782e1b63f4b53bdae2d60c2d5fe7f5da9bd3988b54f6ef0860a,4245,False,spine,spine;bone;joint,False,27839,0.3,False,top500,False,1,145
ea_llm_self_adaptive_api_1364_run2_20260722_205531.json,1364,cb4d2f006c824535b827843d96749c82,3,f2e52657046441f0a9976ba9696e1a48,269,m_mutation,absent,81dbe505c6036659bb96b002bba3d864ea416107f750a256d5714d0b736569ec,4017,False,core,core;value;principle,False,8305,0.4,False,top500,False,1,164
ea_llm_self_adaptive_api_1364_run2_20260722_205531.json,1364,f26980d2381e4aeea14e3ea254849591,4,4d6219ef149949c2b7dc05235b7bb461,149,s_mutation,genuine,d937e317ca5e9409f683f3ac8892a9cbc35d17559e795cff87d2018751491f22,4467,False,limestone,limestone;slate;sandstone,False,1524,0.5,False,top500,False,1,89
ea_llm_self_adaptive_api_1364_run2_20260722_205531.json,1364,f26980d2381e4aeea14e3ea254849591,4,4d6219ef149949c2b7dc05235b7bb461,149,s_mutation,wrong,70ffb7b3500a9091d6122e787950e59f30fb84e2fbf95597214f1abba772df37,4402,False,slate,slate;travertine;limestone,False,3925,0.6,False,top500,False,1,102
ea_llm_self_adaptive_api_1364_run2_20260722_205531.json,1364,f26980d2381e4aeea14e3ea254849591,4,4d6219ef149949c2b7dc05235b7bb461,149,s_mutation,filler,b3998736e9abe281d96322954b0247b5b8daf97a2519e3ff8ac330c1bf9f856d,4445,False,onyx,onyx;slate;travertine,False,5473,0.6,False,top500,False,1,60
ea_llm_self_adaptive_api_1364_run2_20260722_205531.json,1364,f26980d2381e4aeea14e3ea254849591,4,4d6219ef149949c2b7dc05235b7bb461,149,s_mutation,absent,21efd285809ff6be1d3a19e81c84c9c233c122d546cf577f9c64614f7843452c,4180,False,onyx,onyx;quartz;travertine,False,5473,0.6,False,top500,False,1,162
ea_llm_self_adaptive_api_1364_run2_20260722_205531.json,1364,d03a7f4635e447cab8ab5741bc64e0b0,5,05e8cc563b914253bee7c6183964348c,217,m_mutation,genuine,09958181e65fba15cff48d131284a3f9721e2aa4782ef79f843578c3938860dd,5050,False,dawdle,dawdle;ramble;wander,False,42981,0.7,False,top500,False,1,177
ea_llm_self_adaptive_api_1364_run2_20260722_205531.json,1364,d03a7f4635e447cab8ab5741bc64e0b0,5,05e8cc563b914253bee7c6183964348c,217,m_mutation,wrong,685cdae24c48dfdedde0008e85344bfe4b022fba02aa810744954f9baf247d1f,5040,False,outing,outing;excursion;tour,False,4596,0.3,False,beyond,False,1,149
ea_llm_self_adaptive_api_1364_run2_20260722_205531.json,1364,d03a7f4635e447cab8ab5741bc64e0b0,5,05e8cc563b914253bee7c6183964348c,217,m_mutation,filler,28a7c77535716834705d4c9128fd4b620ac079d02922727a6564abe3bca92075,5032,False,dawdle,dawdle;meander;loiter,False,42981,0.4,False,top500,False,1,127
ea_llm_self_adaptive_api_1364_run2_20260722_205531.json,1364,d03a7f4635e447cab8ab5741bc64e0b0,5,05e8cc563b914253bee7c6183964348c,217,m_mutation,absent,a3b13708ce49a386ce107e60db756e5d65790a119bd6afd4f07424fa575ac186,4804,False,linger,linger;relax;roam,False,15656,0.5,False,top500,False,1,130
ea_llm_self_adaptive_api_1364_run2_20260722_205531.json,1364,0aea8f6db26342fd9ed536b69025194c,6,8b79d806b9b54ad4b724a62ed4517332,136,l_mutation,genuine,a81b51f61e207f8bcc3300211446199df05accc29e23ecdaaa7c134d8491ccc3,5855,False,motion,motion;perception;interaction,False,15544,0.2,False,beyond,False,1,179
ea_llm_self_adaptive_api_1364_run2_20260722_205531.json,1364,0aea8f6db26342fd9ed536b69025194c,6,8b79d806b9b54ad4b724a62ed4517332,136,l_mutation,wrong,54082bc7cb8b30bbb875a39b95463e7d9d8f960cf4237a851ebb7d800c8cff57,5796,False,perception,perception;experience;impression,False,14054,0.3,False,beyond,False,1,192
ea_llm_self_adaptive_api_1364_run2_20260722_205531.json,1364,0aea8f6db26342fd9ed536b69025194c,6,8b79d806b9b54ad4b724a62ed4517332,136,l_mutation,filler,58ceb08b3aa84f3a44b57072f11d217929278f1c1b80fd614783cd9d9307cfff,5837,False,emotion,emotion;interaction;perception,False,12115,0.3,False,top500,False,1,236
ea_llm_self_adaptive_api_1364_run2_20260722_205531.json,1364,0aea8f6db26342fd9ed536b69025194c,6,8b79d806b9b54ad4b724a62ed4517332,136,l_mutation,absent,5c85cd4db3ea394d09ed8628ec901bebd95c24b42dfbd937c735d49f2905a2dc,5572,False,motion,motion;gesture;flow,False,15544,0.4,False,top500,False,1,146
ea_llm_self_adaptive_api_1364_run2_20260722_205531.json,1364,efd2057a0de44ed0910b2490f67943bb,7,eac00fa4805e44efb9ef68d4a6dbbfc3,6,s_mutation,genuine,3d22b7d212fa27dd32340a636368db14c9104a4eeca28f4cf767326778dc6ab8,6058,False,statue,statue;memorial;obelisk,False,63,0.75,False,top100,False,1,118
ea_llm_self_adaptive_api_1364_run2_20260722_205531.json,1364,efd2057a0de44ed0910b2490f67943bb,7,eac00fa4805e44efb9ef68d4a6dbbfc3,6,s_mutation,wrong,4f63553c0315fbe920ab78663465b9d5aa82312c1dbddbfcc9d78a44812e4e17,6118,False,obelisk,obelisk;spire;plinth,False,558,0.7,False,top100,False,1,153
ea_llm_self_adaptive_api_1364_run2_20260722_205531.json,1364,efd2057a0de44ed0910b2490f67943bb,7,eac00fa4805e44efb9ef68d4a6dbbfc3,6,s_mutation,filler,341722448f990ebdbd2111d571c653fc8e998a3285d63dfabf38a77e5b531a78,6057,False,statue,statue;memorial;plaque,False,63,0.7,False,top100,False,1,170
ea_llm_self_adaptive_api_1364_run2_20260722_205531.json,1364,efd2057a0de44ed0910b2490f67943bb,7,eac00fa4805e44efb9ef68d4a6dbbfc3,6,s_mutation,absent,e44dbbabb0dae0bf5954dab9923e89ea1334bb667b2db8943dcc7dc3874aff39,5829,False,memorial,memorial;spire;obelisk,False,1257,0.7,False,top100,False,1,156
ea_llm_self_adaptive_api_1364_run2_20260722_205531.json,1364,ab085e3bf87245fc9d0aeae98c947d3f,8,eac00fa4805e44efb9ef68d4a6dbbfc3,6,s_mutation,genuine,812f8ef014fc812a01e7b165c718b8ae287e0f7fa391598ed639e83e07458593,6512,False,tablet,tablet;memorial;obelisk,False,11450,0.75,False,top100,False,1,154
ea_llm_self_adaptive_api_1364_run2_20260722_205531.json,1364,ab085e3bf87245fc9d0aeae98c947d3f,8,eac00fa4805e44efb9ef68d4a6dbbfc3,6,s_mutation,wrong,e7acc03a28a30caaecae5a819f7910f48e789ff737a88fc70041ca7ea47bf84d,6556,False,memorial,memorial;monolith;statue,False,1257,0.7,False,top100,False,1,144
ea_llm_self_adaptive_api_1364_run2_20260722_205531.json,1364,ab085e3bf87245fc9d0aeae98c947d3f,8,eac00fa4805e44efb9ef68d4a6dbbfc3,6,s_mutation,filler,1b63d36dcadd1c990790db57ac6b84ac64ed347fc196a61e05638a3f9ad5e34c,6511,False,memorial,memorial;landmark;edifice,False,1257,0.8,False,top100,False,1,140
ea_llm_self_adaptive_api_1364_run2_20260722_205531.json,1364,ab085e3bf87245fc9d0aeae98c947d3f,8,eac00fa4805e44efb9ef68d4a6dbbfc3,6,s_mutation,absent,468544f95a92085582dbe5de6e7953d169a7b3afdec5fb86721ccef4a933345f,6283,False,memorial,memorial;statue;tower,False,1257,0.7,False,top100,False,1,103
ea_llm_self_adaptive_api_1364_run2_20260722_205531.json,1364,dd9fc9481ffd422297f198b291e79b36,9,eac00fa4805e44efb9ef68d4a6dbbfc3,6,l_mutation,genuine,4f010f80233d76c264e849af8f3c1be03eb77466c1ffc0ba52c681bbc9161cde,6743,False,formation,formation;landmark;terrain,False,2974,0.3,False,top500,False,1,103
ea_llm_self_adaptive_api_1364_run2_20260722_205531.json,1364,dd9fc9481ffd422297f198b291e79b36,9,eac00fa4805e44efb9ef68d4a6dbbfc3,6,l_mutation,wrong,f2688b91db35cf59eb9b1d657407aee86ba53f0aef807b3201564b6499a5ebc3,6786,False,symbol,symbol;landmark;emblem,False,3107,0.3,False,top500,False,1,162
ea_llm_self_adaptive_api_1364_run2_20260722_205531.json,1364,dd9fc9481ffd422297f198b291e79b36,9,eac00fa4805e44efb9ef68d4a6dbbfc3,6,l_mutation,filler,4249c03a2d11efaab503d485cedd1834b39eb0e4de4fbe69c7fdfa30ac8201eb,6742,False,symbol,symbol;commemoration;marker,False,3107,0.3,False,top500,False,1,176
ea_llm_self_adaptive_api_1364_run2_20260722_205531.json,1364,dd9fc9481ffd422297f198b291e79b36,9,eac00fa4805e44efb9ef68d4a6dbbfc3,6,l_mutation,absent,6b70be929f1bcfeb1deb18f8ec84c02b26d69a558d46b806792b4114fed9bc44,6514,False,history,history;era;timeline,False,491,0.3,False,top500,False,1,170
ea_llm_self_adaptive_api_1364_run2_20260722_205531.json,1364,392c0b3e3fb7456383b40515c9a54235,10,eac00fa4805e44efb9ef68d4a6dbbfc3,6,ml_mutation,genuine,495f50e59d1dc4d363da0f717ed8e772433137bb6db3dc92f9a864052d93ef24,7211,False,landmark,landmark;plaque;memorial,False,50,0.6,False,top100,False,1,129
ea_llm_self_adaptive_api_1364_run2_20260722_205531.json,1364,392c0b3e3fb7456383b40515c9a54235,10,eac00fa4805e44efb9ef68d4a6dbbfc3,6,ml_mutation,wrong,aa5af24e6296ce99dcfd48831be80d48fd5b33d996ae2e3a7653f8be01998b60,7270,False,statue,statue;tablet;memorial,False,63,0.9,False,top10,False,1,221
ea_llm_self_adaptive_api_1364_run2_20260722_205531.json,1364,392c0b3e3fb7456383b40515c9a54235,10,eac00fa4805e44efb9ef68d4a6dbbfc3,6,ml_mutation,filler,e814ea8aba43abc815b512c8f91904b0f72723b7076bfe2741e41f034f349140,7210,False,heritage,heritage;symbol;tradition,False,127,0.4,False,beyond,False,1,202
ea_llm_self_adaptive_api_1364_run2_20260722_205531.json,1364,392c0b3e3fb7456383b40515c9a54235,10,eac00fa4805e44efb9ef68d4a6dbbfc3,6,ml_mutation,absent,a8c2d25585dc4cd66115a6a5dba0f4448854d6688aa2ed914a3aebac5c0c8eb4,6982,False,landmark,landmark;memorial;plinth,False,50,0.8,False,top100,False,1,124
ea_llm_self_adaptive_api_1364_run2_20260722_205531.json,1364,9049338b1af74f04a875ab539f151525,11,2fd21b05416549248e44094a71b2ba71,8,s_mutation,genuine,bcac8e3ddecda9d17ec4c74adbd2563cd177fb0235bd9d9a317ea2265b1e7ab0,7091,False,remnant,remnant;vestige;shard,False,549,0.8,False,top100,False,1,93
ea_llm_self_adaptive_api_1364_run2_20260722_205531.json,1364,9049338b1af74f04a875ab539f151525,11,2fd21b05416549248e44094a71b2ba71,8,s_mutation,wrong,8c2519b22c053edd5710a47ee416f702bdc46a26252634469ce790b9eca6f5a8,7077,False,remnant,remnant;vestige;remains,False,549,0.6,False,top500,False,1,105
ea_llm_self_adaptive_api_1364_run2_20260722_205531.json,1364,9049338b1af74f04a875ab539f151525,11,2fd21b05416549248e44094a71b2ba71,8,s_mutation,filler,01458701ab6cae4168fcfb0511b3d7d17fbef93bbefb7bc647df93799bf754f2,7087,False,remnant,remnant;debris;remains,False,549,0.7,False,top100,False,1,122
ea_llm_self_adaptive_api_1364_run2_20260722_205531.json,1364,9049338b1af74f04a875ab539f151525,11,2fd21b05416549248e44094a71b2ba71,8,s_mutation,absent,a13281aecfc3b68d03fe75744517030802e4237732c7fcea4e90be964cd95553,6822,False,debris,debris;fragment;vestige,False,14979,0.6,False,top500,False,1,175
ea_llm_self_adaptive_api_1364_run2_20260722_205531.json,1364,73a6cb99d9a34ef98649a3ffd2306259,3,05e8cc563b914253bee7c6183964348c,217,l_mutation,genuine,e67c0e79a04599a8cab287696d7215e9da81e0b68c51e983a56a2ad8fa54ff09,4249,False,leisure,leisure;relax;recreation,False,364,0.6,False,top500,False,1,156
ea_llm_self_adaptive_api_1364_run2_20260722_205531.json,1364,73a6cb99d9a34ef98649a3ffd2306259,3,05e8cc563b914253bee7c6183964348c,217,l_mutation,wrong,9bae1e52ffdb2097e8fb5881da6eb4b3a55581187a2f533e831192323ccc01e8,4223,False,gaze,gaze;listen;pause,False,4184,0.4,False,top500,False,1,181
ea_llm_self_adaptive_api_1364_run2_20260722_205531.json,1364,73a6cb99d9a34ef98649a3ffd2306259,3,05e8cc563b914253bee7c6183964348c,217,l_mutation,filler,89c54c4fa707494ad99181206bf1f5da45f58e819a0138e09d0c9d367fa73a23,4231,False,chat,chat;meet;greet,False,7011,0.5,False,top500,False,1,157
ea_llm_self_adaptive_api_1364_run2_20260722_205531.json,1364,73a6cb99d9a34ef98649a3ffd2306259,3,05e8cc563b914253bee7c6183964348c,217,l_mutation,absent,02768ddb49722028fc21988a243c835817933775f08e8e5b4a4c0a55dd5ad7f1,4003,False,gaze,gaze;listen;touch,False,4184,0.4,False,top500,False,1,168
ea_llm_self_adaptive_api_1364_run2_20260722_205531.json,1364,458a433cf22f46848b49282487ac1762,4,05e8cc563b914253bee7c6183964348c,217,m_mutation,genuine,2e8d7344ead21f8ee82274993ffd3fc68046ab146a0b483bdad60b0c07594689,4589,False,saunter,saunter;linger;ramble,False,16166,0.5,False,top500,False,1,139
ea_llm_self_adaptive_api_1364_run2_20260722_205531.json,1364,458a433cf22f46848b49282487ac1762,4,05e8cc563b914253bee7c6183964348c,217,m_mutation,wrong,b232d38ff37335ebf1954e6762faf5de54a7ca044f9da551f00c6e9231ef1e18,4556,False,chat,chat;meet;greet,False,7011,0.3,False,top500,False,1,111
ea_llm_self_adaptive_api_1364_run2_20260722_205531.json,1364,458a433cf22f46848b49282487ac1762,4,05e8cc563b914253bee7c6183964348c,217,m_mutation,filler,27757cf1a789cf5b02b551d21a603ed9eac5da0b34dfaa3b12ee490d140902ca,4571,False,leisure,leisure;relax;amuse,False,364,0.4,False,top500,False,1,153
ea_llm_self_adaptive_api_1364_run2_20260722_205531.json,1364,458a433cf22f46848b49282487ac1762,4,05e8cc563b914253bee7c6183964348c,217,m_mutation,absent,49626d9c0e0cf82b995304bd9644dfe2f58d386980972f71d5127c9bf19b22f5,4343,False,leisure,leisure;relax;recreation,False,364,0.3,False,top500,False,1,132
ea_llm_self_adaptive_api_1364_run2_20260722_205531.json,1364,e593eaaf820b4f4793bd5e83c20f7719,5,143432220aee4735885f0756675cd0f1,243,l_mutation,genuine,a79e5faa1c74b93ec526a0732e4b8eed127df890837ed5ab217b2e4ac3a9f84b,5332,False,erosion,erosion;weathering;sediment,False,30183,0.3,False,top500,False,1,175
ea_llm_self_adaptive_api_1364_run2_20260722_205531.json,1364,e593eaaf820b4f4793bd5e83c20f7719,5,143432220aee4735885f0756675cd0f1,243,l_mutation,wrong,986c591562d7d52371c11261186a38ea0669c06a90dc5fc075cfcdfbd6cec42c,5363,False,mineral,mineral;fuel;coal,False,6470,0.6,False,top500,False,1,137
ea_llm_self_adaptive_api_1364_run2_20260722_205531.json,1364,e593eaaf820b4f4793bd5e83c20f7719,5,143432220aee4735885f0756675cd0f1,243,l_mutation,filler,aa390cdcfa5f749845e9fb6051359a5bf9be892480dd916a6f8d037904524522,5347,False,echo,echo;resonance;acoustic,False,1723,0.2,False,beyond,False,1,168
ea_llm_self_adaptive_api_1364_run2_20260722_205531.json,1364,e593eaaf820b4f4793bd5e83c20f7719,5,143432220aee4735885f0756675cd0f1,243,l_mutation,absent,15d607dcd26738ad74c2ec28321aaf799300550c22121b19cecd9b4a9de91a3a,5082,False,echo,echo;resonance;sound,False,1723,0.3,False,top500,False,1,162
ea_llm_self_adaptive_api_1364_run2_20260722_205531.json,1364,40e3fea004f44ff889478ec40c9eae25,6,3d677fb0f25b442fa7203dc93552781e,127,s_mutation,genuine,b15585e25564dc3dd57c25aa5e94efef06ca94b13df3013dabcc5df800cc6040,5456,False,legacy,legacy;customs;lineage,False,1701,0.7,False,top500,False,1,203
ea_llm_self_adaptive_api_1364_run2_20260722_205531.json,1364,40e3fea004f44ff889478ec40c9eae25,6,3d677fb0f25b442fa7203dc93552781e,127,s_mutation,wrong,dd9fcb77048f133b41a0a9885a5a37570f32d0f7e998d57129a68e2234e8576f,5403,False,legacy,legacy;custom;inheritance,False,1701,0.7,False,top500,False,1,106
ea_llm_self_adaptive_api_1364_run2_20260722_205531.json,1364,40e3fea004f44ff889478ec40c9eae25,6,3d677fb0f25b442fa7203dc93552781e,127,s_mutation,filler,6a1e8db73a37464c905e57d645123e44d11b5114eadd4be02ea63651d8bbd3df,5432,False,legacy,legacy;custom;ancestry,False,1701,0.6,False,top500,False,1,123
ea_llm_self_adaptive_api_1364_run2_20260722_205531.json,1364,40e3fea004f44ff889478ec40c9eae25,6,3d677fb0f25b442fa7203dc93552781e,127,s_mutation,absent,d9b0def91922f00b923d947616d9a85245b405e07b0028591da95ab361ebaa09,5167,False,legacy,legacy;conservation;artifact,False,1701,0.7,False,top500,False,1,143
ea_llm_self_adaptive_api_1364_run2_20260722_205531.json,1364,868ab14d72c646eaac07f7a1fae4cf44,7,3d677fb0f25b442fa7203dc93552781e,127,ml_mutation,genuine,93bb5763050c9bddda4e12c8f04dd3c0449ca0b065814017078753a04128cf8e,6021,False,protection,protection;conservation;maintenance,False,7267,0.6,False,top500,False,1,142
ea_llm_self_adaptive_api_1364_run2_20260722_205531.json,1364,868ab14d72c646eaac07f7a1fae4cf44,7,3d677fb0f25b442fa7203dc93552781e,127,ml_mutation,wrong,bcc94e7743fd732987a1702605ddc689ac42f0c48e614315d41ebbd47656caa0,5961,False,century,century;millennium;decade,False,83,0.3,False,top500,False,1,193
ea_llm_self_adaptive_api_1364_run2_20260722_205531.json,1364,868ab14d72c646eaac07f7a1fae4cf44,7,3d677fb0f25b442fa7203dc93552781e,127,ml_mutation,filler,cc31add527c073501106a058003177cd002c381db63f4121ba9e37f85bc62f9f,5997,False,monument,monument;archive;record,False,6,0.7,False,top500,False,1,130
ea_llm_self_adaptive_api_1364_run2_20260722_205531.json,1364,868ab14d72c646eaac07f7a1fae4cf44,7,3d677fb0f25b442fa7203dc93552781e,127,ml_mutation,absent,488b581b6a1e80fe5d2944660bbef6cbd6baf6a2b396a30c949b36500ec3c928,5732,False,conservation,conservation;preservation;monument,False,10670,0.6,False,top500,False,1,160
ea_llm_self_adaptive_api_1364_run2_20260722_205531.json,1364,c32fda7eccef4af18521822f70bf20b4,8,868ab14d72c646eaac07f7a1fae4cf44,6,ml_mutation,genuine,786770c228cafefb5fade5be4bc9876d124cbaae1c9308c14937d90b4d072aaa,6276,False,symbol,symbol;memorial;statue,False,3107,0.8,False,top100,False,1,142
ea_llm_self_adaptive_api_1364_run2_20260722_205531.json,1364,c32fda7eccef4af18521822f70bf20b4,8,868ab14d72c646eaac07f7a1fae4cf44,6,ml_mutation,wrong,fae860bd86d919c20306e38f1871c017c4a8134a3eebe81dd85ed5b75b2487ab,6235,False,trait,trait;attribute;marker,False,25706,0.5,False,top500,False,1,146
ea_llm_self_adaptive_api_1364_run2_20260722_205531.json,1364,c32fda7eccef4af18521822f70bf20b4,8,868ab14d72c646eaac07f7a1fae4cf44,6,ml_mutation,filler,12ae62a7259c737ab8df8ce810ba48ff53d83b8c84c86df6339004de86f62a65,6256,False,symbol,symbol;icon;emblem,False,3107,0.7,False,top100,False,1,166
ea_llm_self_adaptive_api_1364_run2_20260722_205531.json,1364,c32fda7eccef4af18521822f70bf20b4,8,868ab14d72c646eaac07f7a1fae4cf44,6,ml_mutation,absent,bac786452cbcb8ababed54e65391f31a86c643dc8f14ca61773ee99ce2f1b488,5991,False,symbol,symbol;emblem;icon,False,3107,0.7,False,top100,False,1,179
ea_llm_self_adaptive_api_1364_run2_20260722_205531.json,1364,f6e2a90b87004fe0ab67148e13a4dd4d,9,9f68b913954c468e9bdcd4376764cf20,20,l_mutation,genuine,03da2c31841521aa8f1e9f33ae7c5d90782ccd04e0f0c2cad811fd597bed3464,6915,False,natural,natural;element;component,False,4080,0.4,False,top500,False,3,130
ea_llm_self_adaptive_api_1364_run2_20260722_205531.json,1364,f6e2a90b87004fe0ab67148e13a4dd4d,9,9f68b913954c468e9bdcd4376764cf20,20,l_mutation,wrong,9151abc2ed1b070d713b6cb69ed2dea7fedee0eadb3b435440e0e148ca815976,6880,False,travel,travel;movement;walk,False,1773,0.3,False,top500,False,2,171
ea_llm_self_adaptive_api_1364_run2_20260722_205531.json,1364,f6e2a90b87004fe0ab67148e13a4dd4d,9,9f68b913954c468e9bdcd4376764cf20,20,l_mutation,filler,3cf3014ed89c2284e7c22893680a5d1358ff8fffae2c68d256cf9468ffbeceb2,6943,False,movement,movement;transportation;mobility,False,6105,0.3,False,top500,False,1,137
ea_llm_self_adaptive_api_1364_run2_20260722_205531.json,1364,f6e2a90b87004fe0ab67148e13a4dd4d,9,9f68b913954c468e9bdcd4376764cf20,20,l_mutation,absent,325d30cf02dc478512267330c5b42b175c3aeb8eb70ef186a7228eb29daf71c2,6602,False,activity,activity;function;use,False,2078,0.3,False,top500,False,1,159
ea_llm_self_adaptive_api_1364_run2_20260722_205531.json,1364,ff990252d2724f819a302c19a9375640,10,9f68b913954c468e9bdcd4376764cf20,20,l_mutation,genuine,17ff4f58e2fa03995b143a980f6f4ff31a5f8e0d7b4f73e1a35e2d1e355fff9d,7208,False,ecosystem,ecosystem;nature;life,False,22475,0.1,False,beyond,False,2,161
ea_llm_self_adaptive_api_1364_run2_20260722_205531.json,1364,ff990252d2724f819a302c19a9375640,10,9f68b913954c468e9bdcd4376764cf20,20,l_mutation,wrong,22b9f8f8680c4011eb4af22383d0a0bd4559803b8c06b841c00cb1e967339a64,7158,False,people,people;event;moment,False,1361,0.3,False,beyond,False,3,127
ea_llm_self_adaptive_api_1364_run2_20260722_205531.json,1364,ff990252d2724f819a302c19a9375640,10,9f68b913954c468e9bdcd4376764cf20,20,l_mutation,filler,e0460db764c8b891d35a035223d214bc282a7d59561e23c84732a05a200aefc8,7236,False,ecosystem,ecosystem;habitat;biodiversity,False,22475,0.3,False,top500,False,1,138
ea_llm_self_adaptive_api_1364_run2_20260722_205531.json,1364,ff990252d2724f819a302c19a9375640,10,9f68b913954c468e9bdcd4376764cf20,20,l_mutation,absent,c763e9ea83756ffd22b7bdedaeb0ca2d02118c8ac41ec4cc2b5854f76b9188f5,6895,False,space,space;movement;social,False,1949,0.4,False,top500,False,1,163
ea_llm_self_adaptive_api_1364_run2_20260722_205531.json,1364,a840087275e44fc5b148891e1403d3c0,11,868ab14d72c646eaac07f7a1fae4cf44,6,s_mutation,genuine,eb9e5675458af5693e9c274b22faf3e7edcbd931cb319fc4f8bcb5dd31a60b1d,7173,False,memorial,memorial;monolith;stele,False,1257,0.7,False,top100,False,1,161
ea_llm_self_adaptive_api_1364_run2_20260722_205531.json,1364,a840087275e44fc5b148891e1403d3c0,11,868ab14d72c646eaac07f7a1fae4cf44,6,s_mutation,wrong,89cccbc45128da653e23284abc2f3600ad0e0c0fe652f046107de8dab75b7b34,7116,False,memorial,memorial;statue;monumental,False,1257,0.8,False,top100,False,1,102
ea_llm_self_adaptive_api_1364_run2_20260722_205531.json,1364,a840087275e44fc5b148891e1403d3c0,11,868ab14d72c646eaac07f7a1fae4cf44,6,s_mutation,filler,94ef4c45233e0b12ce93f37c971672dcf1fc5c990fdf6b8da305e763d88b838c,7153,False,memorial,memorial;statue;monolith,False,1257,0.8,False,top100,False,1,164
ea_llm_self_adaptive_api_1364_run2_20260722_205531.json,1364,a840087275e44fc5b148891e1403d3c0,11,868ab14d72c646eaac07f7a1fae4cf44,6,s_mutation,absent,17d10e6c71ee2f0c2e4f71d5c5869662cd62ba299b33038510acd047b43ab0d0,6888,False,memorial,memorial;stele;relief,False,1257,0.6,False,top500,False,1,115
ea_llm_self_adaptive_api_1364_run2_20260722_205531.json,1364,6d7a1fc974384b00a3309690254bf83a,6,73a6cb99d9a34ef98649a3ffd2306259,46,m_mutation,genuine,575f9af1b1e1d1e52d776c50c072d978b1a5847e4d945815cf5c89e4855f5ccf,5599,False,core,core;hub;node,False,8305,0.6,False,top500,False,1,161
ea_llm_self_adaptive_api_1364_run2_20260722_205531.json,1364,6d7a1fc974384b00a3309690254bf83a,6,73a6cb99d9a34ef98649a3ffd2306259,46,m_mutation,wrong,74b86c16b5df4ab684f15184098905c10404ac9faa495d6a7af9833d15772818,5565,False,capital,capital;center;hub,False,289,0.4,False,top500,False,1,136
ea_llm_self_adaptive_api_1364_run2_20260722_205531.json,1364,6d7a1fc974384b00a3309690254bf83a,6,73a6cb99d9a34ef98649a3ffd2306259,46,m_mutation,filler,87e4a058a03e51c73f586cc10c5e8ca2723d0549a9348980481b8eff6da3fee9,5590,False,grid,grid;core;hub,False,8519,0.6,False,top100,False,1,117
ea_llm_self_adaptive_api_1364_run2_20260722_205531.json,1364,6d7a1fc974384b00a3309690254bf83a,6,73a6cb99d9a34ef98649a3ffd2306259,46,m_mutation,absent,b6a05214ac7a0ea2426dcefede3db908bcb4ca7236ea2e2f0d4ba9b74c2acc10,5325,False,community,community;population;society,False,3532,0.6,False,top500,False,1,152
ea_llm_self_adaptive_api_1364_run2_20260722_205531.json,1364,9f68b913954c468e9bdcd4376764cf20,7,dbaf6798fe6a4441ad9cbe4c6eaf830f,6,ml_mutation,genuine,729c3585f3f718dd04cbd28aa51e3da89ed56276f6fe014462d51a944e219c81,5750,False,facade,facade;balcony;terrace,False,107,0.3,False,top500,False,3,192
ea_llm_self_adaptive_api_1364_run2_20260722_205531.json,1364,9f68b913954c468e9bdcd4376764cf20,7,dbaf6798fe6a4441ad9cbe4c6eaf830f,6,ml_mutation,wrong,dd5061af27aa29b8f345db6960b9d4fe98048dee2b0e4c7c0b101f89b60f4360,5780,False,bridge,bridge;tower;gate,False,449,0.7,False,top100,False,2,253
ea_llm_self_adaptive_api_1364_run2_20260722_205531.json,1364,9f68b913954c468e9bdcd4376764cf20,7,dbaf6798fe6a4441ad9cbe4c6eaf830f,6,ml_mutation,filler,2696d41df2b1eca7485fd85948af4562b0c6152432a35eb490e8d8cf19aaa491,5745,False,column,column;dome;spire,False,993,0.7,False,top500,False,1,155
ea_llm_self_adaptive_api_1364_run2_20260722_205531.json,1364,9f68b913954c468e9bdcd4376764cf20,7,dbaf6798fe6a4441ad9cbe4c6eaf830f,6,ml_mutation,absent,fb2d1fec509bbbeb18c7dcaee44873a3425282a91908e7e6d5fc5d94763b75b1,5517,False,feature,feature;structure;design,False,779,0.3,False,beyond,False,1,131
ea_llm_self_adaptive_api_1364_run3_20260722_210932.json,1364,f97282a45bbc4084bc384fb7b258a401,2,9a50fc7380774dafb8c29b83d7d66efe,6,ml_mutation,genuine,def5a66d93a21344bd28e11bfef4406eabcc5ab51d55f17b868edefdbfa2314b,3594,False,landmark,landmark;heritage;relic,False,50,0.8,False,top100,False,1,183
ea_llm_self_adaptive_api_1364_run3_20260722_210932.json,1364,f97282a45bbc4084bc384fb7b258a401,2,9a50fc7380774dafb8c29b83d7d66efe,6,ml_mutation,wrong,f72bd14f4cff126a6469a25f673b9c3280c926420adca1ead7a3ca9e10117c61,3583,False,heritage,heritage;symbol;legacy,False,127,0.4,False,top500,False,1,137
ea_llm_self_adaptive_api_1364_run3_20260722_210932.json,1364,f97282a45bbc4084bc384fb7b258a401,2,9a50fc7380774dafb8c29b83d7d66efe,6,ml_mutation,filler,a79d92e56fb9429ae529ea5a043ff8cd95a6a9bf7ee1277257d39fe4972ca638,3580,False,heritage,heritage;legacy;artifact,False,127,0.6,False,top100,False,1,161
ea_llm_self_adaptive_api_1364_run3_20260722_210932.json,1364,f97282a45bbc4084bc384fb7b258a401,2,9a50fc7380774dafb8c29b83d7d66efe,6,ml_mutation,absent,67ac0da24421f6150b8b7075508e7db7521bf51c2a23592d15711b7a925ef22f,3352,False,temple,temple;palace;tower,False,7,0.7,False,top100,False,1,135
ea_llm_self_adaptive_api_1364_run3_20260722_210932.json,1364,8a91e73149224955a8f32d68c8a066dd,2,e38fa6c3c0ec4879a0918939a0e9ed14,757,ml_mutation,genuine,2dcb1acb00ba9e5f3f0435a1e37519b4fbbeffc33912234e63971b3a7d30a2ab,3666,False,cave,cave;quarry;mine,False,123,0.6,False,top500,False,1,146
ea_llm_self_adaptive_api_1364_run3_20260722_210932.json,1364,8a91e73149224955a8f32d68c8a066dd,2,e38fa6c3c0ec4879a0918939a0e9ed14,757,ml_mutation,wrong,3e8fc64c61b0b6cd897151c433e136d22cf62d081c7d2044423476989227b70f,3677,False,tunnel,tunnel;cave;shaft,False,1171,0.4,False,beyond,False,1,193
ea_llm_self_adaptive_api_1364_run3_20260722_210932.json,1364,8a91e73149224955a8f32d68c8a066dd,2,e38fa6c3c0ec4879a0918939a0e9ed14,757,ml_mutation,filler,bc91229432a671adecd572785791187d3a939fea252e3dfd0088d750e315cdae,3667,False,tunnel,tunnel;bridge;road,False,1171,0.6,False,top500,False,1,173
ea_llm_self_adaptive_api_1364_run3_20260722_210932.json,1364,8a91e73149224955a8f32d68c8a066dd,2,e38fa6c3c0ec4879a0918939a0e9ed14,757,ml_mutation,absent,bfc5872d1c72d2bbbf2a14e603024893cf762df41aa9d342c02a4b645643335a,3439,False,mine,mine;sewer;cave,False,3701,0.6,False,top500,False,1,130
ea_llm_self_adaptive_api_1364_run4_20260722_215044.json,1364,09879e4e73a04297a884ac2794be5fb4,2,a3add1978027473f866d8dfe4b6b58f0,122,m_mutation,genuine,c0fddb6c2490fb4869dc65e4a70138b704d0a446e1009a31ebaa34d43da3a20b,3620,False,leisure,leisure;entertainment;recreation,False,364,0.3,False,top500,False,1,168
ea_llm_self_adaptive_api_1364_run4_20260722_215044.json,1364,09879e4e73a04297a884ac2794be5fb4,2,a3add1978027473f866d8dfe4b6b58f0,122,m_mutation,wrong,fea7ea7ffba294a7805deaedf6fd17c5b5b2508fb61651b24bab6172248a9bc3,3558,False,parking,parking;vehicle;garage,False,122,0.3,False,top500,False,1,130
ea_llm_self_adaptive_api_1364_run4_20260722_215044.json,1364,09879e4e73a04297a884ac2794be5fb4,2,a3add1978027473f866d8dfe4b6b58f0,122,m_mutation,filler,ceb232c552366da47689187f914f0b691c2ed0535a19b23ed3f7eaf7528eb822,3655,False,venue,venue;amenity;facility,False,166,0.6,False,top500,False,1,122
ea_llm_self_adaptive_api_1364_run4_20260722_215044.json,1364,09879e4e73a04297a884ac2794be5fb4,2,a3add1978027473f866d8dfe4b6b58f0,122,m_mutation,absent,a2d914890675caf8014b6f299b62940c43cf70f04947b41a37d19f521bbd35c5,3314,False,parking,parking;storage;garage,False,122,0.4,False,top500,False,1,134
ea_llm_self_adaptive_api_1364_run4_20260722_215044.json,1364,9e24df47e20143929558f8b07cc12c8e,2,ffadf8c770944f349b2373201330f4fc,418,s_mutation,genuine,e2c51c0ea8915e22e8c22ec8f245ac078f9f4c3a24a68ec21bc7f0e4aaa570b4,3559,False,track,track;line;system,False,2570,0.7,False,top500,False,1,111
ea_llm_self_adaptive_api_1364_run4_20260722_215044.json,1364,9e24df47e20143929558f8b07cc12c8e,2,ffadf8c770944f349b2373201330f4fc,418,s_mutation,wrong,5c63cc911e40082dacf9958d9fce10076a5b338131cee6a5ee2ca5cac20db9c7,3565,False,line,line;track;network,False,1188,0.6,False,top500,False,1,120
ea_llm_self_adaptive_api_1364_run4_20260722_215044.json,1364,9e24df47e20143929558f8b07cc12c8e,2,ffadf8c770944f349b2373201330f4fc,418,s_mutation,filler,eeab0922352496afc2b3594d5e6c5ee498d3bb2f2efdd7f82b8cd7cff8c09d2d,3540,False,track,track;line;junction,False,2570,0.6,False,top500,False,1,99
ea_llm_self_adaptive_api_1364_run4_20260722_215044.json,1364,9e24df47e20143929558f8b07cc12c8e,2,ffadf8c770944f349b2373201330f4fc,418,s_mutation,absent,de6c4be0e12676247b4baea4954a146e0c1215e94f24b8491684980b079e8a97,3350,False,track,track;line;route,False,2570,0.6,False,top500,False,1,141
ea_llm_self_adaptive_api_1364_run4_20260722_215044.json,1364,f475d07e7409482783c2f7bb10a089e0,3,a3add1978027473f866d8dfe4b6b58f0,10,m_mutation,genuine,87a24ed54c3e513e4231697baae417fb9f6afa3356ba8f6b8f666e92e3b9249c,4110,False,plant,plant;herb;crop,False,5716,0.4,False,top500,False,1,173
ea_llm_self_adaptive_api_1364_run4_20260722_215044.json,1364,f475d07e7409482783c2f7bb10a089e0,3,a3add1978027473f866d8dfe4b6b58f0,10,m_mutation,wrong,087cf4dccc9f25f25a6f19952fd0beb26a8ea4bfae934abeead67e6829ac4517,4048,False,scent,scent;texture;sound,False,9867,0.3,False,top500,False,1,159
ea_llm_self_adaptive_api_1364_run4_20260722_215044.json,1364,f475d07e7409482783c2f7bb10a089e0,3,a3add1978027473f866d8dfe4b6b58f0,10,m_mutation,filler,551a448321a289fa08ffca78cfeef6214b28d5fc4cf686fcc9eaa8cc61200e68,4145,False,herb,herb;crop;bloom,False,17910,0.6,False,top500,False,1,156
ea_llm_self_adaptive_api_1364_run4_20260722_215044.json,1364,f475d07e7409482783c2f7bb10a089e0,3,a3add1978027473f866d8dfe4b6b58f0,10,m_mutation,absent,c283c1888a41b81105327fc47472621b65ac8a010b617b04e68d8caa682f43de,3804,False,sanctuary,sanctuary;refuge;serenity,False,195,0.3,False,beyond,False,1,104
ea_llm_self_adaptive_api_1364_run4_20260722_215044.json,1364,34c426d9474f4371832de36d833aa04b,3,ffadf8c770944f349b2373201330f4fc,418,ml_mutation,genuine,d61c048466bd7a9cfb88ec640e4cca3da358bc87650fbbd272c513f1a5e07abc,4106,False,network,network;route;station,False,6143,0.7,False,top500,False,1,139
ea_llm_self_adaptive_api_1364_run4_20260722_215044.json,1364,34c426d9474f4371832de36d833aa04b,3,ffadf8c770944f349b2373201330f4fc,418,ml_mutation,wrong,efa478b2955643358ef732510009351ecc4a166b96451af1f322ee056ce185c7,4135,False,station,station;platform;tunnel,False,1322,0.2,False,beyond,False,1,180
ea_llm_self_adaptive_api_1364_run4_20260722_215044.json,1364,34c426d9474f4371832de36d833aa04b,3,ffadf8c770944f349b2373201330f4fc,418,ml_mutation,filler,f83885451acd3974c417cc9b17bc0c162d5fd4ca54d8dbb0669fd0458a01554d,4087,False,tunnel,tunnel;station;platform,False,1171,0.3,False,beyond,False,1,199
ea_llm_self_adaptive_api_1364_run4_20260722_215044.json,1364,34c426d9474f4371832de36d833aa04b,3,ffadf8c770944f349b2373201330f4fc,418,ml_mutation,absent,96f264ab54635bb8e0ffa24f0197c17c27444c750aeb9587b7620e58e7978bbe,3897,False,station,station;terminal;crossing,False,1322,0.3,False,top500,False,1,161
ea_llm_self_adaptive_api_1364_run4_20260722_215044.json,1364,ae9078f6ca554e7bbdd2f0024e282630,4,75d5fc6808e84229ae52f3508b097b53,3,l_mutation,genuine,00e88be209770002e4cc5b8641fbca914bbb30614676132626823b60abca9e2d,4700,False,road,road;canal;track,False,923,0.3,False,top500,False,1,139
ea_llm_self_adaptive_api_1364_run4_20260722_215044.json,1364,ae9078f6ca554e7bbdd2f0024e282630,4,75d5fc6808e84229ae52f3508b097b53,3,l_mutation,wrong,ec9a0ef3b1b5dfd4725f6031dedb5b78cd70fc532df3d393c0329342aaa3cde2,4726,False,fort,fort;barracks;base,False,12,0.3,False,top500,False,4,143
ea_llm_self_adaptive_api_1364_run4_20260722_215044.json,1364,ae9078f6ca554e7bbdd2f0024e282630,4,75d5fc6808e84229ae52f3508b097b53,3,l_mutation,filler,fb1ba1237d85c05dfe641fe12d1e85616c4981b2cd9be8709fd49d23108cb7f8,4693,False,arch,arch;vault;spire,False,341,0.3,False,top500,False,1,145
ea_llm_self_adaptive_api_1364_run4_20260722_215044.json,1364,ae9078f6ca554e7bbdd2f0024e282630,4,75d5fc6808e84229ae52f3508b097b53,3,l_mutation,absent,2586a38257061748a46725e6d2cacf4fe92e78d944d72e2f49b0c4384aa1aa7d,4428,False,factory,factory;mill;smelter,False,998,0.1,False,beyond,False,1,143
ea_llm_self_adaptive_api_1364_run4_20260722_215044.json,1364,b1850304d7bc40b29db500f8f0aec9c6,4,a3add1978027473f866d8dfe4b6b58f0,10,m_mutation,genuine,901af5dded4faea6d792dbe38b073b98d768f5d5ca72dafaf1cfe1f1bea5d87e,4650,False,orchard,orchard;grove;nursery,False,887,0.5,False,top500,False,1,150
ea_llm_self_adaptive_api_1364_run4_20260722_215044.json,1364,b1850304d7bc40b29db500f8f0aec9c6,4,a3add1978027473f866d8dfe4b6b58f0,10,m_mutation,wrong,7b061df6ac61a489eb5e552ae96f16a217eeb1d87965083daf7de0c555981e6b,4583,False,botany,botany;herb;soil,False,27494,0.3,False,top500,False,1,131
ea_llm_self_adaptive_api_1364_run4_20260722_215044.json,1364,b1850304d7bc40b29db500f8f0aec9c6,4,a3add1978027473f866d8dfe4b6b58f0,10,m_mutation,filler,804f4f905c7a0b8a5ad6a3da364415755be505911a6beaf946d69d644fa84b5a,4685,False,harvest,harvest;crop;gardening,False,8758,0.7,False,top100,False,1,96
ea_llm_self_adaptive_api_1364_run4_20260722_215044.json,1364,b1850304d7bc40b29db500f8f0aec9c6,4,a3add1978027473f866d8dfe4b6b58f0,10,m_mutation,absent,cf7d3c8273c15aa8d2caabbc75d85f559f7655f548c9949c951f5bb0f563954f,4344,False,flower,flower;soil;prune,False,2159,0.7,False,top100,False,1,208
ea_llm_self_adaptive_api_1364_run4_20260722_215044.json,1364,83751cffbbce446fa7541ddf8363ad1e,5,75d5fc6808e84229ae52f3508b097b53,3,s_mutation,genuine,ec4d34c01fd9b522529b624f9db73495ef5da22a5a03edc3ce32ff1dd3a28b63,4960,False,citadel,citadel;keep;stronghold,False,89,0.8,False,top10,False,1,122
ea_llm_self_adaptive_api_1364_run4_20260722_215044.json,1364,83751cffbbce446fa7541ddf8363ad1e,5,75d5fc6808e84229ae52f3508b097b53,3,s_mutation,wrong,fcd1264d537cc5484bce67f490e92063bb95ad9e3a4e6705babd6454ee47f5e2,4971,False,manor,manor;palace;keep,False,115,0.8,False,top100,False,1,111
ea_llm_self_adaptive_api_1364_run4_20260722_215044.json,1364,83751cffbbce446fa7541ddf8363ad1e,5,75d5fc6808e84229ae52f3508b097b53,3,s_mutation,filler,f9e620f5616f291f3c427f1182165763eac3b16e360b0f6c4f0ec3605ac45125,4953,False,keep,keep;citadel;manor,False,1079,0.7,False,top100,False,1,86
ea_llm_self_adaptive_api_1364_run4_20260722_215044.json,1364,83751cffbbce446fa7541ddf8363ad1e,5,75d5fc6808e84229ae52f3508b097b53,3,s_mutation,absent,e58667ea152c811b51db32d202c51d0c1e66419f7722363c0ed7ed907e47e5c8,4688,False,manor,manor;palace;keep,False,115,0.7,False,top100,False,1,125
ea_llm_self_adaptive_api_1364_run5_20260722_232301.json,1364,432a546e036847b9a79ed62446bed40d,2,7af8a5382b0c43fa8d73ec763a90a62f,85,m_mutation,genuine,60213ade5010141487277b4721c682083d7471e51c382b64ded5e41fae2c8fed,3726,False,market,market;forum;venue,False,2350,0.5,False,top500,False,1,104
ea_llm_self_adaptive_api_1364_run5_20260722_232301.json,1364,432a546e036847b9a79ed62446bed40d,2,7af8a5382b0c43fa8d73ec763a90a62f,85,m_mutation,wrong,09292b7474eff9e4a34d8046143efc5d14a754315c069e7c4e051a8e3906569d,3666,False,gathering,gathering;celebration;assembly,False,2617,0.7,False,top100,False,1,96
ea_llm_self_adaptive_api_1364_run5_20260722_232301.json,1364,432a546e036847b9a79ed62446bed40d,2,7af8a5382b0c43fa8d73ec763a90a62f,85,m_mutation,filler,3fb854d30e22355d34dc9c8429c32e0c26a117c4c457f2c209ef9c7c7acc5216,3708,False,gathering,gathering;assembly;concourse,False,2617,0.6,False,top500,False,1,88
ea_llm_self_adaptive_api_1364_run5_20260722_232301.json,1364,432a546e036847b9a79ed62446bed40d,2,7af8a5382b0c43fa8d73ec763a90a62f,85,m_mutation,absent,e1b70e4bf595fdf11e694b2beacb359bedf2af0dc5955eb50835d18512d15733,3443,False,assembly,assembly;convergence;gathering,False,5356,0.5,False,top500,False,1,120
ea_llm_self_adaptive_api_1364_run5_20260722_232301.json,1364,05607574eebd48fc82d894d2b894e89e,2,f0f6032b92814e74b1a50a76145c8cdc,127,l_mutation,genuine,f7e99c953139ea18846e3a128e76f8f4be1a9a4abdc09663eb8eca5db6f7ed16,3925,False,myth,myth;belief;ritual,False,4120,0.4,False,top500,False,1,127
ea_llm_self_adaptive_api_1364_run5_20260722_232301.json,1364,05607574eebd48fc82d894d2b894e89e,2,f0f6032b92814e74b1a50a76145c8cdc,127,l_mutation,wrong,e8dc6109cfe3fcf9e903402d8e4831ab29dfbc6e19823cc4d2cb89664ccfdb00,3933,False,myth,myth;belief;custom,False,4120,0.4,False,top500,False,1,104
ea_llm_self_adaptive_api_1364_run5_20260722_232301.json,1364,05607574eebd48fc82d894d2b894e89e,2,f0f6032b92814e74b1a50a76145c8cdc,127,l_mutation,filler,3b7a324a33c1208fd53c5e15399b927e6f12b9fbe5f044742dfd158c89981d10,3926,False,belief,belief;identity;tradition,False,8694,0.3,False,top500,False,1,144
ea_llm_self_adaptive_api_1364_run5_20260722_232301.json,1364,05607574eebd48fc82d894d2b894e89e,2,f0f6032b92814e74b1a50a76145c8cdc,127,l_mutation,absent,6dda361914a42c33b4720fdb9a7730c2631b1cbe9df710efc02634aec63ccfff,3698,False,myth,myth;legend;epic,False,4120,0.4,False,top500,False,1,133
ea_llm_self_adaptive_api_1364_run5_20260722_232301.json,1364,a1c8b65b2f3b48d2a2bd312591846d43,2,5b3ff764eb8c437a9424e4e01de3c0fb,168,s_mutation,genuine,2dba1ff82a6f03abaa7a2b718ab067d0842c719914f4983a5a2eb54ef6192867,3741,False,coast,coast;dune;lagoon,False,1187,0.7,False,top500,False,1,120
ea_llm_self_adaptive_api_1364_run5_20260722_232301.json,1364,a1c8b65b2f3b48d2a2bd312591846d43,2,5b3ff764eb8c437a9424e4e01de3c0fb,168,s_mutation,wrong,1a6f60c3a757fe4a37a24216a6c4905df900f3973fc4bdb4e26a9d6938be7fbf,3669,False,shore,shore;coast;dune,False,1136,0.8,False,top100,False,1,136
ea_llm_self_adaptive_api_1364_run5_20260722_232301.json,1364,a1c8b65b2f3b48d2a2bd312591846d43,2,5b3ff764eb8c437a9424e4e01de3c0fb,168,s_mutation,filler,11437c5472ec87bb2bbfcd516aec54e3912175ad4ca6bd907a786576ff9d742d,3706,False,shore,shore;coast;dune,False,1136,0.7,False,top100,False,1,153
ea_llm_self_adaptive_api_1364_run5_20260722_232301.json,1364,a1c8b65b2f3b48d2a2bd312591846d43,2,5b3ff764eb8c437a9424e4e01de3c0fb,168,s_mutation,absent,2332086bd053d0385c2888322c46865072f6bd63f63ac455a4b7e7d30b64a3ba,3441,False,coast,coast;shore;dune,False,1187,0.7,False,top500,False,1,93
ea_llm_self_adaptive_api_1364_run5_20260722_232301.json,1364,1f1cd6f3c2ee47fd8c963f74fcbbbcd5,3,7af8a5382b0c43fa8d73ec763a90a62f,85,l_mutation,genuine,03deee0cb3178f9355155fa4a5ee5a763a5b2a7c4fa2c0863cfe5192a95105d1,4374,False,sanctuary,sanctuary;arena;cloister,False,195,0.3,False,beyond,False,1,194
ea_llm_self_adaptive_api_1364_run5_20260722_232301.json,1364,1f1cd6f3c2ee47fd8c963f74fcbbbcd5,3,7af8a5382b0c43fa8d73ec763a90a62f,85,l_mutation,wrong,fb45ae8f28f028b99b14e4204fc7aa306e92f4c2e190f35cc31b1a5c200c67be,4330,False,glade,glade;moor;valley,False,11408,0.4,False,top500,False,1,106
ea_llm_self_adaptive_api_1364_run5_20260722_232301.json,1364,1f1cd6f3c2ee47fd8c963f74fcbbbcd5,3,7af8a5382b0c43fa8d73ec763a90a62f,85,l_mutation,filler,41e055cc13d3946fb5874928d3c8e268e89646e90f350f676c9cdb80fc83782d,4356,False,temple,temple;chapel;sanctuary,False,7,0.4,False,top500,False,1,167
ea_llm_self_adaptive_api_1364_run5_20260722_232301.json,1364,1f1cd6f3c2ee47fd8c963f74fcbbbcd5,3,7af8a5382b0c43fa8d73ec763a90a62f,85,l_mutation,absent,ff3c2b2958ffa46d82f9240b3fe2b47e22f6009ab5b59c52e8da94dab9c27b11,4091,False,delta,delta;ridge;gorge,False,10756,0.3,False,top500,False,1,157
ea_llm_self_adaptive_api_1364_run5_20260722_232301.json,1364,160f9152f7454c759dab4a260a9092bd,3,f0f6032b92814e74b1a50a76145c8cdc,127,m_mutation,genuine,8645d9c8baf08e72eb0403f9a252e7801f1c0c7935f75773cdd931a9f664cecb,4301,False,lineage,lineage;inheritance;custody,False,6599,0.4,False,top500,False,1,95
ea_llm_self_adaptive_api_1364_run5_20260722_232301.json,1364,160f9152f7454c759dab4a260a9092bd,3,f0f6032b92814e74b1a50a76145c8cdc,127,m_mutation,wrong,54bd7278c73d50f2155a5f04dd0c99bd6869fda59674fc11b08b60a1fed56fda,4300,False,inheritance,inheritance;lineage;heir,False,8562,0.4,False,top500,False,1,190
ea_llm_self_adaptive_api_1364_run5_20260722_232301.json,1364,160f9152f7454c759dab4a260a9092bd,3,f0f6032b92814e74b1a50a76145c8cdc,127,m_mutation,filler,e346b537aa4297e0b1fdd505318a01a8f4f508a3e1a199d55afe6f9c031e4f82,4302,False,lineage,lineage;culture;artifact,False,6599,0.6,False,top500,False,1,157
ea_llm_self_adaptive_api_1364_run5_20260722_232301.json,1364,160f9152f7454c759dab4a260a9092bd,3,f0f6032b92814e74b1a50a76145c8cdc,127,m_mutation,absent,527a34e9285dbdfb7c2b00a2033591ae586bf62fa492f7673ad8d41fab0a7cde,4074,False,lineage,lineage;inheritance;custody,False,6599,0.6,False,top500,False,1,150
ea_llm_self_adaptive_api_1364_run5_20260722_232301.json,1364,aefab974b6bd400ead26faa3fd49a7ef,3,432a546e036847b9a79ed62446bed40d,166,m_mutation,genuine,de0b87b146f7a8526a689dd5c45ab86fb7c34f2c108e8b49514fa21489f36e16,4227,False,theater,theater;studio;court,False,70,0.6,False,top500,False,1,191
ea_llm_self_adaptive_api_1364_run5_20260722_232301.json,1364,aefab974b6bd400ead26faa3fd49a7ef,3,432a546e036847b9a79ed62446bed40d,166,m_mutation,wrong,4009b7b3587bacfca5392dd038811af4dd2797800f64ac7354e3e7312befe350,4220,False,locale,locale;site;stage,False,3663,0.6,False,top500,False,1,145
ea_llm_self_adaptive_api_1364_run5_20260722_232301.json,1364,aefab974b6bd400ead26faa3fd49a7ef,3,432a546e036847b9a79ed62446bed40d,166,m_mutation,filler,27a55e439bf622e5e812550183935539843a5b24e652f2e326ea1bea20752eec,4215,False,stage,stage;arena;locale,False,2577,0.6,False,top500,False,1,129
ea_llm_self_adaptive_api_1364_run5_20260722_232301.json,1364,aefab974b6bd400ead26faa3fd49a7ef,3,432a546e036847b9a79ed62446bed40d,166,m_mutation,absent,2576f277e9653e19d26985954250ef87c5ac62aa3da98a587e887a7a4a42768f,3987,False,locale,locale;site;locale,False,3663,0.4,False,top500,False,1,157
ea_llm_self_adaptive_api_1364_run5_20260722_232301.json,1364,67bb98772db641c9b419c946a00e9e90,3,5b3ff764eb8c437a9424e4e01de3c0fb,168,l_mutation,genuine,21ddbc57ca6c9935fefbe032db57f8ee216109023599691732765fc71cac3913,4610,False,tide,tide;surf;shell,False,9532,0.6,False,top500,False,1,192
ea_llm_self_adaptive_api_1364_run5_20260722_232301.json,1364,67bb98772db641c9b419c946a00e9e90,3,5b3ff764eb8c437a9424e4e01de3c0fb,168,l_mutation,wrong,d8d36a1b4a7346ce10f83b48fbf89cf2052a6f2149b54eeb7c115190b04e2feb,4547,False,fishing,fishing;shipping;sailing,False,5737,0.4,False,top500,False,1,183
ea_llm_self_adaptive_api_1364_run5_20260722_232301.json,1364,67bb98772db641c9b419c946a00e9e90,3,5b3ff764eb8c437a9424e4e01de3c0fb,168,l_mutation,filler,98bd8d355cc4b027b2710929e36910d5a354c7b70f0b123317e40b13f6e252de,4575,False,ecosystem,ecosystem;marine;plankton,False,22475,0.6,False,top500,False,1,182
ea_llm_self_adaptive_api_1364_run5_20260722_232301.json,1364,67bb98772db641c9b419c946a00e9e90,3,5b3ff764eb8c437a9424e4e01de3c0fb,168,l_mutation,absent,35c31a4465013e9eaf728ab7602ddd16aecf35d63dd7294b798ebd039179374c,4310,False,maritime,maritime;transport;shipping,False,4291,0.3,False,beyond,False,1,210
ea_llm_self_adaptive_api_1364_run5_20260722_232301.json,1364,9ea46eab1797451f998b250e62b4b839,3,a1c8b65b2f3b48d2a2bd312591846d43,205,l_mutation,genuine,4de44df9e7031a6d287722dff3fd1465e7f9efc2e5c61c8d32d4f77f842387b6,4564,False,well,well;pond;marsh,False,637,0.3,False,top500,False,1,122
ea_llm_self_adaptive_api_1364_run5_20260722_232301.json,1364,9ea46eab1797451f998b250e62b4b839,3,a1c8b65b2f3b48d2a2bd312591846d43,205,l_mutation,wrong,759f95e972e6f37523322ed979cdf27ebccf591c13fe0bf0f7c913dd856ee21b,4558,False,stream,stream;brook;pond,False,4264,0.3,False,top500,False,1,134
ea_llm_self_adaptive_api_1364_run5_20260722_232301.json,1364,9ea46eab1797451f998b250e62b4b839,3,a1c8b65b2f3b48d2a2bd312591846d43,205,l_mutation,filler,382006fdec4f310657146630f18061858d9cba8b825dc783411324f7db66cac4,4565,False,stream,stream;wetland;pond,False,4264,0.3,False,top500,False,1,126
ea_llm_self_adaptive_api_1364_run5_20260722_232301.json,1364,9ea46eab1797451f998b250e62b4b839,3,a1c8b65b2f3b48d2a2bd312591846d43,205,l_mutation,absent,a1de56d7ca2bdb88e9b53be881553281f9d5d34e01d2e5a34828fe0a712edb4d,4337,False,cave,cave;labyrinth;tunnel,False,123,0.3,False,top500,False,1,156
ea_llm_self_adaptive_api_1364_run5_20260722_232301.json,1364,8a55162bcf604b19a60d78de2e68ab3b,4,5b3ff764eb8c437a9424e4e01de3c0fb,10,m_mutation,genuine,d1b87ae452f342bdc2f21e18cb4bdc13512bcd4d9bb02388965557527c3c4b95,4677,False,cultivation,cultivation;planting;landscaping,False,17983,0.5,False,top500,False,1,170
ea_llm_self_adaptive_api_1364_run5_20260722_232301.json,1364,8a55162bcf604b19a60d78de2e68ab3b,4,5b3ff764eb8c437a9424e4e01de3c0fb,10,m_mutation,wrong,a14ad3b86f9c56e57ff1a942271fc6a9181bd44bb23d70d280d308033d9dda7d,4621,False,cultivate,cultivate;prune;harvest,False,7259,0.6,False,top500,False,1,125
ea_llm_self_adaptive_api_1364_run5_20260722_232301.json,1364,8a55162bcf604b19a60d78de2e68ab3b,4,5b3ff764eb8c437a9424e4e01de3c0fb,10,m_mutation,filler,bb9ffb3d0a725d96ecdeabe3e23478d1343f5f21641b03ec6c2641762610b51d,4642,False,plant,plant;herb;shrub,False,5716,0.75,False,top100,False,1,138
ea_llm_self_adaptive_api_1364_run5_20260722_232301.json,1364,8a55162bcf604b19a60d78de2e68ab3b,4,5b3ff764eb8c437a9424e4e01de3c0fb,10,m_mutation,absent,835b1cdf7a8b1234d9c41e3934ce485662db1f2028c88dd8f2bb07652828f588,4377,False,cultivate,cultivate;plant;grow,False,7259,0.7,False,top100,False,1,169
ea_llm_self_adaptive_api_1364_run5_20260722_232301.json,1364,06319b366808455da882407b56278d96,4,432a546e036847b9a79ed62446bed40d,15,l_mutation,genuine,333b982ef1f78aee3d4943efffc881fb1426ca492dbec6b7581f63d97578f715,4771,False,station,station;terminal;junction,False,1322,0.3,False,top500,False,1,166
ea_llm_self_adaptive_api_1364_run5_20260722_232301.json,1364,06319b366808455da882407b56278d96,4,432a546e036847b9a79ed62446bed40d,15,l_mutation,wrong,0e45e8eea151d2cbd3371b4a3d6852fbe0d2abe1a7be8dfeadefd5145725a335,4762,False,atrium,atrium;cloister;nave,False,924,0.4,False,top500,False,1,152
ea_llm_self_adaptive_api_1364_run5_20260722_232301.json,1364,06319b366808455da882407b56278d96,4,432a546e036847b9a79ed62446bed40d,15,l_mutation,filler,fbff980f1cdffdb75a9a9fbe310978c232cb2f442f6cf43c4db46f3bc72ae1ab,4759,False,sanctuary,sanctuary;cloister;refectory,False,195,0.4,False,top500,False,1,152
ea_llm_self_adaptive_api_1364_run5_20260722_232301.json,1364,06319b366808455da882407b56278d96,4,432a546e036847b9a79ed62446bed40d,15,l_mutation,absent,c645c5b03aa5c51cbc691d5b28e0482a09f425d7ccbdb1095ed8c5565cecdfe2,4531,False,junction,junction;crossing;confluence,False,3687,0.4,False,top500,False,1,140
ea_llm_self_adaptive_api_1364_run5_20260722_232301.json,1364,1abaf59921a24cdcb77c2c0e2942a758,4,7af8a5382b0c43fa8d73ec763a90a62f,85,l_mutation,genuine,5339a0eddb4043accbf7d219e2f3a0ef90f50d406ef16b754c26213bc1485ba3,4863,False,atrium,atrium;courtyard;foyer,False,924,0.4,False,top500,False,1,157
ea_llm_self_adaptive_api_1364_run5_20260722_232301.json,1364,1abaf59921a24cdcb77c2c0e2942a758,4,7af8a5382b0c43fa8d73ec763a90a62f,85,l_mutation,wrong,4c84e368fe283d9a1004bc3187e9937d8a30afa2052fff0c902d33e7c508589c,4803,False,monument,monument;symbol;arch,False,6,0.3,False,beyond,False,1,166
ea_llm_self_adaptive_api_1364_run5_20260722_232301.json,1364,1abaf59921a24cdcb77c2c0e2942a758,4,7af8a5382b0c43fa8d73ec763a90a62f,85,l_mutation,filler,6de8adeeed281b465bf712797927d461738db740d9571c512934a256cb5626d7,4845,False,monument,monument;arch;symbol,False,6,0.35,False,top500,False,1,209
ea_llm_self_adaptive_api_1364_run5_20260722_232301.json,1364,1abaf59921a24cdcb77c2c0e2942a758,4,7af8a5382b0c43fa8d73ec763a90a62f,85,l_mutation,absent,16e70c8681de77110eff2ddcdeadcd4ea1158cf65c31057ec3502c3873626b21,4580,False,confluence,confluence;crossroads;junction,False,15327,0.4,False,top500,False,1,119
ea_llm_self_adaptive_api_1364_run5_20260722_232301.json,1364,ce6f9f20d19a47449c53347fc8524a5b,4,a1c8b65b2f3b48d2a2bd312591846d43,205,s_mutation,genuine,9eeb99bb7cd071d33b809fe2603da7c39d0d3e4710181345721f7de0946fdc5f,4568,False,inlet,inlet;basin;sound,False,14506,0.6,False,top500,False,1,167
ea_llm_self_adaptive_api_1364_run5_20260722_232301.json,1364,ce6f9f20d19a47449c53347fc8524a5b,4,a1c8b65b2f3b48d2a2bd312591846d43,205,s_mutation,wrong,ac1504cc19d9f1f96076c46310bab696c8f3b612bb19e3a6f25992dc16338dac,4563,False,inlet,inlet;pool;reef,False,14506,0.6,False,top500,False,1,107
ea_llm_self_adaptive_api_1364_run5_20260722_232301.json,1364,ce6f9f20d19a47449c53347fc8524a5b,4,a1c8b65b2f3b48d2a2bd312591846d43,205,s_mutation,filler,89c3474c7c9980ecf2c4ce9c70a03069c26f6e95e97ca964627a514122a235e8,4569,False,mangrove,mangrove;reef;inlet,False,5471,0.6,False,top500,False,1,129
ea_llm_self_adaptive_api_1364_run5_20260722_232301.json,1364,ce6f9f20d19a47449c53347fc8524a5b,4,a1c8b65b2f3b48d2a2bd312591846d43,205,s_mutation,absent,89e2030bbee3e7be0d61631117750e7c99ceb673a5ac492d17fe5b23aa5f19f4,4341,False,marsh,marsh;mangrove;creek,False,1983,0.6,False,top500,False,1,113
ea_llm_self_adaptive_api_1364_run5_20260722_232301.json,1364,ad94a4a534534feea8e96a47a5c0c4ed,5,1abaf59921a24cdcb77c2c0e2942a758,6,ml_mutation,genuine,51ff09e39a758104b619f91b2727fd4bd0302488d4b17af00060155920596037,5032,False,sculpture,sculpture;statue;mural,False,136,0.6,False,top100,False,1,135
ea_llm_self_adaptive_api_1364_run5_20260722_232301.json,1364,ad94a4a534534feea8e96a47a5c0c4ed,5,1abaf59921a24cdcb77c2c0e2942a758,6,ml_mutation,wrong,86cc40e91520fc969ffa7df7b3c77a0e35fccee7c7a8bf93afbe7e146ec2fabd,4997,False,sculpture,sculpture;mural;statue,False,136,0.6,False,top100,False,1,102
ea_llm_self_adaptive_api_1364_run5_20260722_232301.json,1364,ad94a4a534534feea8e96a47a5c0c4ed,5,1abaf59921a24cdcb77c2c0e2942a758,6,ml_mutation,filler,36b875bf6502dafcfe3f86039c650c0e997fa9adee204f4dfc041d441af69cb3,5025,False,sculpture,sculpture;statue;plaque,False,136,0.4,False,top500,False,1,109
ea_llm_self_adaptive_api_1364_run5_20260722_232301.json,1364,ad94a4a534534feea8e96a47a5c0c4ed,5,1abaf59921a24cdcb77c2c0e2942a758,6,ml_mutation,absent,6898f6b95b760ef3f70a277eca1381842ab796a0145947c3fb05f8697ecbbed2,4760,False,legacy,legacy;symbolism;memory,False,1701,0.7,False,top500,False,1,186
ea_llm_self_adaptive_api_1364_run5_20260722_232301.json,1364,1e46cfc3820645f595718545eb8735d3,5,06319b366808455da882407b56278d96,7,l_mutation,genuine,755e925314d9bfa4a8b0a00bd0975546c30a71e58f83619f615b7acd0778c843,5331,False,myth,myth;ritual;offering,False,4120,0.3,False,top500,False,2,196
ea_llm_self_adaptive_api_1364_run5_20260722_232301.json,1364,1e46cfc3820645f595718545eb8735d3,5,06319b366808455da882407b56278d96,7,l_mutation,wrong,f6d6a0f86bd735a38031e1d2f015985a810dc9f699518b7a053896fca3d68ed7,5287,False,pilgrimage,pilgrimage;path;rite,False,393,0.3,False,top500,False,1,161
ea_llm_self_adaptive_api_1364_run5_20260722_232301.json,1364,1e46cfc3820645f595718545eb8735d3,5,06319b366808455da882407b56278d96,7,l_mutation,filler,0fc0c66f3e33f9095ed220c68b1041bb842110150259c41d5680c6ec308d57d9,5316,False,silence,silence;stillness;solitude,False,2090,0.2,False,beyond,False,1,187
ea_llm_self_adaptive_api_1364_run5_20260722_232301.json,1364,1e46cfc3820645f595718545eb8735d3,5,06319b366808455da882407b56278d96,7,l_mutation,absent,e043d44de3fbed6ebba94cc9b60c76d5bc05978c008046ab1d3078cc9ed55daf,5051,False,myth,myth;legend;structure,False,4120,0.3,False,top500,False,1,162
ea_llm_self_adaptive_api_1364_run5_20260722_232301.json,1364,6a0ce90405514389b75ea8055bf28fa1,5,5b3ff764eb8c437a9424e4e01de3c0fb,10,ml_mutation,genuine,5123ff20401526ea8cbe9c1f5250c58c6d4a1219045bf32980dac93eba85c43a,5227,False,bed,bed;mulch;compost,False,2050,0.8,False,top100,False,1,213
ea_llm_self_adaptive_api_1364_run5_20260722_232301.json,1364,6a0ce90405514389b75ea8055bf28fa1,5,5b3ff764eb8c437a9424e4e01de3c0fb,10,ml_mutation,wrong,155fa5da323739859acfd454f0c3386c75e01109230a820bb4ff51dbc0edfeea,5170,False,bench,bench;fence;statue,False,2397,0.3,False,top500,False,1,221
ea_llm_self_adaptive_api_1364_run5_20260722_232301.json,1364,6a0ce90405514389b75ea8055bf28fa1,5,5b3ff764eb8c437a9424e4e01de3c0fb,10,ml_mutation,filler,7940be547d24bcb6dac31d7b242e872af21127e4f52fc8fbc4165ca9d0ac551e,5192,False,leaf,leaf;flower;root,False,12907,0.6,False,top100,False,1,102
ea_llm_self_adaptive_api_1364_run5_20260722_232301.json,1364,6a0ce90405514389b75ea8055bf28fa1,5,5b3ff764eb8c437a9424e4e01de3c0fb,10,ml_mutation,absent,750d34588a76f706f8b71764cf4a40e6719f14c1c69757593dc9fd3a677dbe9e,4927,False,flower,flower;herb;shrub,False,2159,0.8,False,top100,False,1,170
ea_llm_self_adaptive_api_1364_run5_20260722_232301.json,1364,a353aad69b1b41d2b1eef1e719dd9127,5,432a546e036847b9a79ed62446bed40d,15,s_mutation,genuine,102a2fcc485c2bb5caa2150aa00f9d4c4776341e503f855d80161fc99dd2af9a,5092,False,parlor,parlor;lounge;auditorium,False,734,0.7,False,top100,False,1,159
ea_llm_self_adaptive_api_1364_run5_20260722_232301.json,1364,a353aad69b1b41d2b1eef1e719dd9127,5,432a546e036847b9a79ed62446bed40d,15,s_mutation,wrong,1c9f217144bb35334512d779f0dbdab75356951b76312a2ff2c39a5e30764927,5089,False,lounge,lounge;parlor;lobby,False,1177,0.8,False,top100,False,1,124
ea_llm_self_adaptive_api_1364_run5_20260722_232301.json,1364,a353aad69b1b41d2b1eef1e719dd9127,5,432a546e036847b9a79ed62446bed40d,15,s_mutation,filler,ca3a8306d69dd57cab41a3a450fd169d1e7c0ead19ded80bce2f08bb0b091c11,5080,False,banquet,banquet;lounge;parlor,False,618,0.7,False,top100,False,1,169
ea_llm_self_adaptive_api_1364_run5_20260722_232301.json,1364,a353aad69b1b41d2b1eef1e719dd9127,5,432a546e036847b9a79ed62446bed40d,15,s_mutation,absent,261a98565b4cd7d817a8f244babfea2e4bb5fc4e25bd190182c542448230869b,4852,False,chamber,chamber;lobby;foyer,False,698,0.5,False,top500,False,1,141
ea_llm_self_adaptive_api_1364_run5_20260722_232301.json,1364,1d6e3034b8154ed0aca17e40954ea04a,5,99eee845d446484587a00cbbc9847a15,33,m_mutation,genuine,f3fb0048c3be80e76686fe1c5b1be4004d949797120218f71600bca23264b8b9,5281,False,dome,dome;minaret;mosaic,False,189,0.6,False,top500,False,1,164
ea_llm_self_adaptive_api_1364_run5_20260722_232301.json,1364,1d6e3034b8154ed0aca17e40954ea04a,5,99eee845d446484587a00cbbc9847a15,33,m_mutation,wrong,aa648c2b06c3839eb8bf8cfc552bffa38044a29592bb87fffb57d85de75ae11e,5173,False,icon,icon;emblem;heraldry,False,6620,0.35,False,top500,False,1,135
ea_llm_self_adaptive_api_1364_run5_20260722_232301.json,1364,1d6e3034b8154ed0aca17e40954ea04a,5,99eee845d446484587a00cbbc9847a15,33,m_mutation,filler,403e9a561c23153327c79829854121c0bcf8bf545999e27fecbdb2a83a0fdaf7,5232,False,dome,dome;minaret;tile,False,189,0.3,False,top500,False,1,134
ea_llm_self_adaptive_api_1364_run5_20260722_232301.json,1364,1d6e3034b8154ed0aca17e40954ea04a,5,99eee845d446484587a00cbbc9847a15,33,m_mutation,absent,4d5f726fb6fe16f22f21c7966ece732f8eb2660c121c852e2fe3b7dfb80cf1ed,4891,False,ceremony,ceremony;event;ritual,False,717,0.6,False,top500,False,1,169
ea_llm_self_adaptive_api_1364_run5_20260722_232301.json,1364,98f660f311054e77bbfb86e065fbab50,6,1abaf59921a24cdcb77c2c0e2942a758,6,m_mutation,genuine,5f234f45b2e4c126394b7f59a934decb82e2ff6e64171f4629d3b0e2dad97884,5509,False,symbol,symbol;memorial;marker,False,3107,0.7,False,top100,False,1,149
ea_llm_self_adaptive_api_1364_run5_20260722_232301.json,1364,98f660f311054e77bbfb86e065fbab50,6,1abaf59921a24cdcb77c2c0e2942a758,6,m_mutation,wrong,4d443562260fe68af3dcc147b441991801e9480552a584420e3367a94285ee19,5459,False,symbol,symbol;legacy;memory,False,3107,0.7,False,top100,False,1,115
ea_llm_self_adaptive_api_1364_run5_20260722_232301.json,1364,98f660f311054e77bbfb86e065fbab50,6,1abaf59921a24cdcb77c2c0e2942a758,6,m_mutation,filler,e756981f8cc937f2ac5fa28eccb6f5269438a3966ac0cba605535dcf1bf16702,5502,False,emblem,emblem;trace;mark,False,8518,0.7,False,top100,False,1,124
ea_llm_self_adaptive_api_1364_run5_20260722_232301.json,1364,98f660f311054e77bbfb86e065fbab50,6,1abaf59921a24cdcb77c2c0e2942a758,6,m_mutation,absent,212984ab02ef2cbd590b2fa9bd4af36c22d0e8c260573a21a81eac219d39f8fe,5237,False,symbol,symbol;memorial;tribute,False,3107,0.7,False,top100,False,1,123
ea_llm_self_adaptive_api_1364_run5_20260722_232301.json,1364,a75efa9c15dd4166ba6fe9838b997b55,6,06319b366808455da882407b56278d96,7,ml_mutation,genuine,84f6997034bd0f26118be02f4539c3ead5739562f1d63a38de9b3e159055ad9a,5513,False,ritual,ritual;prayer;worship,False,2215,0.7,False,top500,False,1,168
ea_llm_self_adaptive_api_1364_run5_20260722_232301.json,1364,a75efa9c15dd4166ba6fe9838b997b55,6,06319b366808455da882407b56278d96,7,ml_mutation,wrong,5db481cc4fb0499a82b33549ffed4d5ab6e3830e56d497f36a605442e0c28046,5452,False,ritual,ritual;prayer;worship,False,2215,0.6,False,top500,False,1,152
ea_llm_self_adaptive_api_1364_run5_20260722_232301.json,1364,a75efa9c15dd4166ba6fe9838b997b55,6,06319b366808455da882407b56278d96,7,ml_mutation,filler,6fdbe386a64d1ec99959e072594ff56da10e97734cba20a6d88d4ebb71e38592,5498,False,prayer,prayer;chant;relic,False,4688,0.7,False,top100,False,1,119
ea_llm_self_adaptive_api_1364_run5_20260722_232301.json,1364,a75efa9c15dd4166ba6fe9838b997b55,6,06319b366808455da882407b56278d96,7,ml_mutation,absent,cc5b0aaadfa2f211134434977bc7635c12918dc7c9ba94a4d9e7906e658e50ae,5233,False,dome,dome;steeple;apse,False,189,0.6,False,top500,False,1,160
ea_llm_self_adaptive_api_1364_run5_20260722_232301.json,1364,f4dc398a56534b828048d52c8fc00be2,6,5b3ff764eb8c437a9424e4e01de3c0fb,10,l_mutation,genuine,a65bfd8fe019ee9d9807397a0b2716999fb0ce34f568cf5f815c9b31f9365f97,5798,False,prairie,prairie;peninsula;butte,False,2866,0.4,False,top500,False,1,188
ea_llm_self_adaptive_api_1364_run5_20260722_232301.json,1364,f4dc398a56534b828048d52c8fc00be2,6,5b3ff764eb8c437a9424e4e01de3c0fb,10,l_mutation,wrong,4677e2b335bffa8432e41c02b61a49e2c7a6af0c530bc6da50ad9faad3493b91,5742,False,water,water;light;air,False,2237,0.3,False,top500,False,1,183
ea_llm_self_adaptive_api_1364_run5_20260722_232301.json,1364,f4dc398a56534b828048d52c8fc00be2,6,5b3ff764eb8c437a9424e4e01de3c0fb,10,l_mutation,filler,34e2eb03d4f40f0bfefb3a44c1cf72e50e887462f50d90cfb845897d3ead5fe2,5763,False,ecology,ecology;interactions;network,False,30656,0.4,False,top100,False,2,158
ea_llm_self_adaptive_api_1364_run5_20260722_232301.json,1364,f4dc398a56534b828048d52c8fc00be2,6,5b3ff764eb8c437a9424e4e01de3c0fb,10,l_mutation,absent,d95f0eea3c88e65976a82586df2a74ea12680a4bddc9facdcc9f1266f215f931,5498,False,wildlife,wildlife;habitat;ecosystem,False,3289,0.3,False,top500,False,1,171
ea_llm_self_adaptive_api_1364_run5_20260722_232301.json,1364,e1c5d2fb79124205b76c2ce9fc31d525,6,432a546e036847b9a79ed62446bed40d,15,m_mutation,genuine,edeb648588ce9fd82f316460b6050e03c4c95ba179370ebe346f5061539fe23c,5625,False,corridor,corridor;passage;gallery,False,1011,0.3,False,beyond,False,1,125
ea_llm_self_adaptive_api_1364_run5_20260722_232301.json,1364,e1c5d2fb79124205b76c2ce9fc31d525,6,432a546e036847b9a79ed62446bed40d,15,m_mutation,wrong,d68308c5cc0aedb8bc07a2b5003bd0ecc7a93f6e725a54eddd5f709651f87f05,5623,False,corridor,corridor;passage;room,False,1011,0.3,False,top500,False,1,116
ea_llm_self_adaptive_api_1364_run5_20260722_232301.json,1364,e1c5d2fb79124205b76c2ce9fc31d525,6,432a546e036847b9a79ed62446bed40d,15,m_mutation,filler,7e5d1358dbda172cbd3cf62801d0d1a546d17d000f3b381040cd422e54d8c30e,5613,False,wing,wing;suite;gallery,False,2172,0.4,False,top500,False,1,136
ea_llm_self_adaptive_api_1364_run5_20260722_232301.json,1364,e1c5d2fb79124205b76c2ce9fc31d525,6,432a546e036847b9a79ed62446bed40d,15,m_mutation,absent,f2865530c72644f1dc0a7a51457b359adb87c90cca7cdff44df1f2bfe339f5ce,5385,False,corridor,corridor;staircase;atrium,False,1011,0.2,False,beyond,False,1,112
ea_llm_self_adaptive_api_1364_run5_20260722_232301.json,1364,1fe04bed35c543e5a85383163dff412a,6,99eee845d446484587a00cbbc9847a15,33,s_mutation,genuine,ec1fb99765bcc988bd191619b873928cb24870f2a814ef0030a76b8eb395cb05,5590,False,sanctuary,sanctuary;shrine;sanctum,False,195,0.7,False,top100,False,1,203
ea_llm_self_adaptive_api_1364_run5_20260722_232301.json,1364,1fe04bed35c543e5a85383163dff412a,6,99eee845d446484587a00cbbc9847a15,33,s_mutation,wrong,2b7405d816e557b6f877995c99df0712a7a8a1beca3b319b24a31734302268a5,5498,False,synagogue,synagogue;sanctum;convent,False,315,0.7,False,top100,False,1,108
ea_llm_self_adaptive_api_1364_run5_20260722_232301.json,1364,1fe04bed35c543e5a85383163dff412a,6,99eee845d446484587a00cbbc9847a15,33,s_mutation,filler,586a5886fe45f0159b98b8d3743df3e981fa9d146a9c888321805d27e4c060e3,5541,False,sanctuary,sanctuary;shrine;temple,False,195,0.8,False,top100,False,1,127
ea_llm_self_adaptive_api_1364_run5_20260722_232301.json,1364,1fe04bed35c543e5a85383163dff412a,6,99eee845d446484587a00cbbc9847a15,33,s_mutation,absent,a6ada2aca2bb04081ba32573cadbec6460aea09c2dd2c0288f5ce1332d50e947,5200,False,crypt,crypt;tomb;mausoleum,False,969,0.6,False,top500,False,1,134
ea_llm_self_adaptive_api_1364_run5_20260722_232301.json,1364,b2fd54d526734702a348472f7383acb5,7,1abaf59921a24cdcb77c2c0e2942a758,6,ml_mutation,genuine,04b1ea53b9243158d8bb055bc24c8d2602a9b3abe0fa72dfabc4d68a01baa7af,5848,False,heritage,heritage;symbol;legacy,False,127,0.7,False,top100,False,1,164
ea_llm_self_adaptive_api_1364_run5_20260722_232301.json,1364,b2fd54d526734702a348472f7383acb5,7,1abaf59921a24cdcb77c2c0e2942a758,6,ml_mutation,wrong,19ba205dbdb8be18256065cbfbba142fe1c81d94266de74123fb548f894491d9,5791,False,heritage,heritage;icon;legacy,False,127,0.7,False,top100,False,1,144
ea_llm_self_adaptive_api_1364_run5_20260722_232301.json,1364,b2fd54d526734702a348472f7383acb5,7,1abaf59921a24cdcb77c2c0e2942a758,6,ml_mutation,filler,8af8c0c2da7c51cff97f2d9057590c2a49dfbb54c6a2c14dd661da0d5c8ad031,5841,False,bench,bench;kiosk;statue,False,2397,0.4,False,top500,False,1,180
ea_llm_self_adaptive_api_1364_run5_20260722_232301.json,1364,b2fd54d526734702a348472f7383acb5,7,1abaf59921a24cdcb77c2c0e2942a758,6,ml_mutation,absent,26b107d3423b48da91a59847fde7431cbed972370fb5b5d34ef0d049a049b860,5576,False,sculpture,sculpture;installation;mural,False,136,0.7,False,top100,False,1,109
ea_llm_self_adaptive_api_1364_run5_20260722_232301.json,1364,ca068c25a01645368744d32b435d3f44,7,06319b366808455da882407b56278d96,7,ml_mutation,genuine,e629a5fa97542a9fb4bad4d2c2e0d9031fe314bd7ac237a31c76b04c37e84baa,5885,False,dome,dome;spire;tower,False,189,0.4,False,top500,False,1,176
ea_llm_self_adaptive_api_1364_run5_20260722_232301.json,1364,ca068c25a01645368744d32b435d3f44,7,06319b366808455da882407b56278d96,7,ml_mutation,wrong,11de4379313b506cbc7d5bbfa052c6996a72d842ea60dd135d7087cdac28f950,5841,False,ritual,ritual;worship;chant,False,2215,0.7,False,top100,False,1,244
ea_llm_self_adaptive_api_1364_run5_20260722_232301.json,1364,ca068c25a01645368744d32b435d3f44,7,06319b366808455da882407b56278d96,7,ml_mutation,filler,d32428476f6af14d79a3f48946371aa5f38ace6f8b5faf7183f5ea61d192efe2,5870,False,chalice,chalice;icon;statue,False,5706,0.5,False,top500,False,1,150
ea_llm_self_adaptive_api_1364_run5_20260722_232301.json,1364,ca068c25a01645368744d32b435d3f44,7,06319b366808455da882407b56278d96,7,ml_mutation,absent,a1146ec12bcbe3168bac96d7356ff120590c80fb6a9ca67836793ce669b822f3,5605,False,symbol,symbol;idol;relic,False,3107,0.7,False,top100,False,3,166
ea_llm_self_adaptive_api_1364_run5_20260722_232301.json,1364,5bf52406ea9c434b9d55227ec2196442,7,5b3ff764eb8c437a9424e4e01de3c0fb,10,l_mutation,genuine,e9f2ffe405b3ea5a8dec033b00d370239e0e116a46a79db2233cbda4ebf5a8a5,6111,False,pruning,pruning;planting;watering,False,26452,0.4,False,top500,False,1,194
ea_llm_self_adaptive_api_1364_run5_20260722_232301.json,1364,5bf52406ea9c434b9d55227ec2196442,7,5b3ff764eb8c437a9424e4e01de3c0fb,10,l_mutation,wrong,434dcf62a5431e71529e702f38378c822e6009fa20ac5258e9d62ab14aca9a58,6055,False,vegetation,vegetation;growth;nurture,False,7303,0.4,False,top500,False,1,243
ea_llm_self_adaptive_api_1364_run5_20260722_232301.json,1364,5bf52406ea9c434b9d55227ec2196442,7,5b3ff764eb8c437a9424e4e01de3c0fb,10,l_mutation,filler,2abe031ceb40a2acdc1e89a695b53cd5bf9c48517a04f914eb71dd86cd4d3ca9,6076,False,nutrients,nutrients;silt;humus,False,37641,0.3,False,top500,False,1,184
ea_llm_self_adaptive_api_1364_run5_20260722_232301.json,1364,5bf52406ea9c434b9d55227ec2196442,7,5b3ff764eb8c437a9424e4e01de3c0fb,10,l_mutation,absent,186aec6ed6b6330832593d4c1a9d40077e790196cb907cd723f8e8d3d71e8ef7,5811,False,growth,growth;pattern;cycle,False,10681,0.4,False,top500,False,1,139
ea_llm_self_adaptive_api_1364_run5_20260722_232301.json,1364,85bea1dafa0b4c52963665eb4b39c9b0,7,432a546e036847b9a79ed62446bed40d,15,ml_mutation,genuine,6755714ce3779b65fde2d3d71e58644bc3b94926d9db1cd50f7ff910564c9040,5910,False,foyer,foyer;lobby;gallery,False,2535,0.3,False,top500,False,1,159
ea_llm_self_adaptive_api_1364_run5_20260722_232301.json,1364,85bea1dafa0b4c52963665eb4b39c9b0,7,432a546e036847b9a79ed62446bed40d,15,ml_mutation,wrong,2cfd5339cfdedf46795cfc089dfea7e0225903fe588b28e5cebc4e46488b9e3e,5908,False,door,door;window;floor,False,1168,0.3,False,top500,False,1,127
ea_llm_self_adaptive_api_1364_run5_20260722_232301.json,1364,85bea1dafa0b4c52963665eb4b39c9b0,7,432a546e036847b9a79ed62446bed40d,15,ml_mutation,filler,c41013c3e653c55a9d174a42b356484b1d1c5ad47a66fd19af3a47afded4bde6,5898,False,gallery,gallery;foyer;lobby,False,285,0.6,False,top500,False,1,160
ea_llm_self_adaptive_api_1364_run5_20260722_232301.json,1364,85bea1dafa0b4c52963665eb4b39c9b0,7,432a546e036847b9a79ed62446bed40d,15,ml_mutation,absent,e467bc7a6386ca8c68be5d4533217c13ae6b2e65557338cd805564c4874d2f3a,5670,False,gazebo,gazebo;balcony;porch,False,893,0.6,False,top100,False,1,164
ea_llm_self_adaptive_api_1364_run5_20260722_232301.json,1364,5a68e4836e6747cb986bd9f8ab150ce1,7,99eee845d446484587a00cbbc9847a15,33,m_mutation,genuine,8b81fb490f4c2323e649c634c9a01d46c5033d0be0acd541ff54150569d9ab26,6034,False,garden,garden;hub;plaza,False,10,0.4,False,top500,False,1,155
ea_llm_self_adaptive_api_1364_run5_20260722_232301.json,1364,5a68e4836e6747cb986bd9f8ab150ce1,7,99eee845d446484587a00cbbc9847a15,33,m_mutation,wrong,86c7436345d88189f1d762fb1b548d61b140db98c0d8d2422deb192aced26239,5944,False,gathering,gathering;heritage;symbol,False,2617,0.4,False,top500,False,1,192
ea_llm_self_adaptive_api_1364_run5_20260722_232301.json,1364,5a68e4836e6747cb986bd9f8ab150ce1,7,99eee845d446484587a00cbbc9847a15,33,m_mutation,filler,ebedc4d665edb5e2069a069225b571a96f05dacf2520a358f0b035df6a00212d,5985,False,symbol,symbol;monument;tradition,False,3107,0.7,False,top100,False,1,171
ea_llm_self_adaptive_api_1364_run5_20260722_232301.json,1364,5a68e4836e6747cb986bd9f8ab150ce1,7,99eee845d446484587a00cbbc9847a15,33,m_mutation,absent,c7d2b64460f73e6791faabcc9f2a9482d55073d788a212296767acc50a6d6b48,5644,False,community,community;gathering;meeting,False,3532,0.6,False,top500,False,1,155
ea_llm_self_adaptive_api_1364_run5_20260722_232301.json,1364,957add7d2c4145698396a02e409a0746,8,1abaf59921a24cdcb77c2c0e2942a758,6,l_mutation,genuine,bffa059b6c38f3ac838b95dc6c045a3a34e43505d7e95e47e71ffbe4feaa4887,6305,False,cultural,cultural;landscapes;features,False,355,0.3,False,top500,False,1,230
ea_llm_self_adaptive_api_1364_run5_20260722_232301.json,1364,957add7d2c4145698396a02e409a0746,8,1abaf59921a24cdcb77c2c0e2942a758,6,l_mutation,wrong,37f60e16737e1770b3eba52eb6e8d3d116ddc172ce531a1892ff38475cacf522,6271,False,story,story;narrative;legend,False,1843,0.3,False,top500,False,1,155
ea_llm_self_adaptive_api_1364_run5_20260722_232301.json,1364,957add7d2c4145698396a02e409a0746,8,1abaf59921a24cdcb77c2c0e2942a758,6,l_mutation,filler,0de50b1b99210f17e5c8479bc13b7b1191808cd69759dee685a8287b601152d5,6298,False,cultural,cultural;expression;artifact,False,355,0.3,False,top500,False,1,163
ea_llm_self_adaptive_api_1364_run5_20260722_232301.json,1364,957add7d2c4145698396a02e409a0746,8,1abaf59921a24cdcb77c2c0e2942a758,6,l_mutation,absent,5463ec4e5f0154f1dbb8c839dc273d733e37a1ba1752aa3588874d3b385a89d6,6033,False,natural,natural;feature;formation,False,4080,0.3,False,top500,False,1,117
ea_llm_self_adaptive_api_1364_run5_20260722_232301.json,1364,8ba9e73fe32f4a64bb6779f03e8e6325,8,06319b366808455da882407b56278d96,7,m_mutation,genuine,1c97fd73cb0e9c22daa3071d9891c1808245a0df08757a1b7ddd63a6d26ebbd7,6272,False,lobe,lobe;sinus;gland,False,56936,0.2,False,beyond,False,1,113
ea_llm_self_adaptive_api_1364_run5_20260722_232301.json,1364,8ba9e73fe32f4a64bb6779f03e8e6325,8,06319b366808455da882407b56278d96,7,m_mutation,wrong,b04dc483cbe1a00589a02285c0383d607bde285a78b250c4a5ef0fdf485ddc63,6221,False,forehead,forehead;cheek;nose,False,25423,0.2,False,beyond,False,1,141
ea_llm_self_adaptive_api_1364_run5_20260722_232301.json,1364,8ba9e73fe32f4a64bb6779f03e8e6325,8,06319b366808455da882407b56278d96,7,m_mutation,filler,a65d507cae52fd349bddb77fd6864d4f7f5bafbd1a3c655ba34c5e2355c39cd9,6257,False,head,head;brow;skull,False,1401,0.3,False,beyond,False,1,127
ea_llm_self_adaptive_api_1364_run5_20260722_232301.json,1364,8ba9e73fe32f4a64bb6779f03e8e6325,8,06319b366808455da882407b56278d96,7,m_mutation,absent,b0ac6c6fa5c5a68197247effa6745428cc1fdb41c656e5cfd008d760917e881d,5992,False,stone,stone;marble;granite,False,243,0.3,False,top500,False,2,129
ea_llm_self_adaptive_api_1364_run5_20260722_232301.json,1364,28ef8cbed02d44b5b33c2e3d105eec54,8,5b3ff764eb8c437a9424e4e01de3c0fb,10,ml_mutation,genuine,5045356ef74e3744c2f862648ecd4561568fb4846598ea62e3f7f6ab67b918f2,6352,False,orchard,orchard;vineyard;terrace,False,887,0.3,False,top500,False,1,166
ea_llm_self_adaptive_api_1364_run5_20260722_232301.json,1364,28ef8cbed02d44b5b33c2e3d105eec54,8,5b3ff764eb8c437a9424e4e01de3c0fb,10,ml_mutation,wrong,dbddd6d905fce3198503a88efb580176fb3faf281fec40a4b7821121b7fb1107,6279,False,prune,prune;fertilize;water,False,26452,0.7,False,top100,False,1,109
ea_llm_self_adaptive_api_1364_run5_20260722_232301.json,1364,28ef8cbed02d44b5b33c2e3d105eec54,8,5b3ff764eb8c437a9424e4e01de3c0fb,10,ml_mutation,filler,c6bc52ab498891588e9bf52a4ecf369c64eba8b65fedd3097743356afc28ab09,6317,False,bench,bench;fountain;path,False,2397,0.6,False,top100,False,1,168
ea_llm_self_adaptive_api_1364_run5_20260722_232301.json,1364,28ef8cbed02d44b5b33c2e3d105eec54,8,5b3ff764eb8c437a9424e4e01de3c0fb,10,ml_mutation,absent,12fc665c58e018c61036eaad0c90f14589013d91097b6e58f352d25cc1037274,6052,False,prune,prune;trim;weave,False,26452,0.4,False,top500,False,1,184
ea_llm_self_adaptive_api_1364_run5_20260722_232301.json,1364,feac0f21c3fc472d8c9170d6ab5f7477,8,432a546e036847b9a79ed62446bed40d,15,m_mutation,genuine,3c7902eb2af5f51fdd2b12c8c49355cc18608f16935bc964a21edfdcdc2999ed,6289,False,banquet,banquet;ceremony;event,False,618,0.6,False,top500,False,1,185
ea_llm_self_adaptive_api_1364_run5_20260722_232301.json,1364,feac0f21c3fc472d8c9170d6ab5f7477,8,432a546e036847b9a79ed62446bed40d,15,m_mutation,wrong,44b951ed4ea72ce65b62de9a89c0d3f42baaad3a0f32245e85cc2f5815aa5ddd,6280,False,heritage,heritage;tradition;legacy,False,127,0.3,False,top500,False,1,165
ea_llm_self_adaptive_api_1364_run5_20260722_232301.json,1364,feac0f21c3fc472d8c9170d6ab5f7477,8,432a546e036847b9a79ed62446bed40d,15,m_mutation,filler,7696ce14e633c8ac4abe346e452391017349a78d5883535c2ab0035eddcfcfc1,6277,False,banquet,banquet;ceremony;procession,False,618,0.3,False,top500,False,1,141
ea_llm_self_adaptive_api_1364_run5_20260722_232301.json,1364,feac0f21c3fc472d8c9170d6ab5f7477,8,432a546e036847b9a79ed62446bed40d,15,m_mutation,absent,f07b64460d029a88e6bb4c380689a7bc606e85ab242132c83aa4a17a771ac57c,6049,False,resonance,resonance;acoustics;echo,False,25837,0.3,False,beyond,False,1,83
ea_llm_self_adaptive_api_1364_run5_20260722_232301.json,1364,673212400b444c17923f57d70b1c9667,8,99eee845d446484587a00cbbc9847a15,33,s_mutation,genuine,1aaec7e77a5a86bf8852e66a6fbea385a93cc1cc3943afb699e2b41adea0e68a,6304,False,shrine,shrine;sanctum;chapel,False,36,0.7,False,top100,False,1,320
ea_llm_self_adaptive_api_1364_run5_20260722_232301.json,1364,673212400b444c17923f57d70b1c9667,8,99eee845d446484587a00cbbc9847a15,33,s_mutation,wrong,a07a97d908a22ef08072d9a0e76cf6a8546dfecf627005b2aaa7e915316d23c4,6219,False,shrine,shrine;synagogue;minaret,False,36,0.7,False,top100,False,3,115
ea_llm_self_adaptive_api_1364_run5_20260722_232301.json,1364,673212400b444c17923f57d70b1c9667,8,99eee845d446484587a00cbbc9847a15,33,s_mutation,filler,20cf97a8e3492fb223dddfe6c8ac7730dff6cdd033ed09920927339146e8accf,6255,False,sanctuary,sanctuary;shrine;monastery,False,195,0.7,False,top100,False,1,136
ea_llm_self_adaptive_api_1364_run5_20260722_232301.json,1364,673212400b444c17923f57d70b1c9667,8,99eee845d446484587a00cbbc9847a15,33,s_mutation,absent,93e53c891fdf6d8c396b0ebc6356962ea21160f463a74d6d87781925fd53c6cc,5914,False,temple,temple;shrine;sanctum,False,7,0.7,False,top100,False,1,110
ea_llm_self_adaptive_api_1364_run5_20260722_232301.json,1364,0f29de00a69040068bd30f184de9108d,9,1abaf59921a24cdcb77c2c0e2942a758,6,ml_mutation,genuine,424356de24fa7919639e42c0bcfb1ba6bca36a7bf35b3402ba83ff21dd530720,6708,False,symbol,symbol;icon;emblem,False,3107,0.7,False,top100,False,1,167
ea_llm_self_adaptive_api_1364_run5_20260722_232301.json,1364,0f29de00a69040068bd30f184de9108d,9,1abaf59921a24cdcb77c2c0e2942a758,6,ml_mutation,wrong,df41a482ac0854601f569967e747d934e757c15314be67e7f0bc000642e2f0d4,6669,False,statue,statue;sculpture;installation,False,63,0.7,False,top100,False,1,115
ea_llm_self_adaptive_api_1364_run5_20260722_232301.json,1364,0f29de00a69040068bd30f184de9108d,9,1abaf59921a24cdcb77c2c0e2942a758,6,ml_mutation,filler,f3afdcfcceaef648196cbb37344f2f2261d0a8f13c571546055610aa5540645d,6701,False,beacon,beacon;marker;memorial,False,5542,0.7,False,top100,False,1,196
ea_llm_self_adaptive_api_1364_run5_20260722_232301.json,1364,0f29de00a69040068bd30f184de9108d,9,1abaf59921a24cdcb77c2c0e2942a758,6,ml_mutation,absent,4774becb513e89ab4e5abba7a96f6c93523de870c69db65cb085978d94876df6,6436,False,symbol,symbol;emblem;icon,False,3107,0.7,False,top100,False,1,157
ea_llm_self_adaptive_api_1364_run5_20260722_232301.json,1364,d42978c25d1d42faa9c19ec0da6a64da,9,5b3ff764eb8c437a9424e4e01de3c0fb,10,l_mutation,genuine,9ff08bf24931f347b6fb7f5b05e06f750aead3842a0abd112c988c439433c450,6609,False,mud,mud;limestone;clay,False,4018,0.3,False,top500,False,1,168
ea_llm_self_adaptive_api_1364_run5_20260722_232301.json,1364,d42978c25d1d42faa9c19ec0da6a64da,9,5b3ff764eb8c437a9424e4e01de3c0fb,10,l_mutation,wrong,faf23b0037b521081a4eca2e88ddec2d5496439a008e5104d2a5c50763784c7d,6553,False,earth,earth;stone;air,False,4421,0.3,False,top500,False,1,154
ea_llm_self_adaptive_api_1364_run5_20260722_232301.json,1364,d42978c25d1d42faa9c19ec0da6a64da,9,5b3ff764eb8c437a9424e4e01de3c0fb,10,l_mutation,filler,3dcf06aad188301fdedf7e3619e63bef54fd567f5b23dfcac6b78d9b294528bb,6574,False,humus,humus;nutrient;sprout,False,15430,0.3,False,top500,False,1,201
ea_llm_self_adaptive_api_1364_run5_20260722_232301.json,1364,d42978c25d1d42faa9c19ec0da6a64da,9,5b3ff764eb8c437a9424e4e01de3c0fb,10,l_mutation,absent,7d9df78cd7cf62b0b56196a4fc1e69822f7a67935f81b8b52319993e87c593f0,6309,False,root,root;stone;mound,False,8857,0.7,False,top100,False,2,182
ea_llm_self_adaptive_api_1364_run5_20260722_232301.json,1364,31625023dbdd41c18d31adff54baad44,9,432a546e036847b9a79ed62446bed40d,15,s_mutation,genuine,c8f34fd264f1a56428455199ceecdec9810656cb5862674aef47b8be8d7ac532,6410,False,banquet,banquet;lobby;room,False,618,0.6,False,top100,False,1,154
ea_llm_self_adaptive_api_1364_run5_20260722_232301.json,1364,31625023dbdd41c18d31adff54baad44,9,432a546e036847b9a79ed62446bed40d,15,s_mutation,wrong,9290460de52986c990e43d4cb03ce34826fae52f6e1c31a2c50cab2b6d034786,6391,False,foyer,foyer;parlor;lobby,False,2535,0.6,False,top100,False,1,159
ea_llm_self_adaptive_api_1364_run5_20260722_232301.json,1364,31625023dbdd41c18d31adff54baad44,9,432a546e036847b9a79ed62446bed40d,15,s_mutation,filler,3c9b62408d9c4d3f34c5ac84a6b0584229dc79c5abeb73a72fc84480e8eccb9d,6398,False,chamber,chamber;suite;foyer,False,698,0.7,False,top100,False,1,108
ea_llm_self_adaptive_api_1364_run5_20260722_232301.json,1364,31625023dbdd41c18d31adff54baad44,9,432a546e036847b9a79ed62446bed40d,15,s_mutation,absent,a4b23fd17ce24b53d10b1e750fab916ac01fc7da4f744b189c4cf17384c3af47,6170,False,foyer,foyer;vestibule;lobby,False,2535,0.8,False,top100,False,1,133
ea_llm_self_adaptive_api_1364_run5_20260722_232301.json,1364,d96f23a5ec3e4c5e91a702aff88dc7ab,9,99eee845d446484587a00cbbc9847a15,33,m_mutation,genuine,1e90b8b6f29e826a55570e809d73bccc616d3b2793e99d7655740bea61201d9e,6589,False,etymology,etymology;origin;language,False,51275,0.2,False,beyond,False,3,260
ea_llm_self_adaptive_api_1364_run5_20260722_232301.json,1364,d96f23a5ec3e4c5e91a702aff88dc7ab,9,99eee845d446484587a00cbbc9847a15,33,m_mutation,wrong,2bac9c48015a7cce2f44160f05e9fb55e617377e67157539f66ad92db27ccb1c,6504,False,locale,locale;site;venue,False,3663,0.8,False,top100,False,1,147
ea_llm_self_adaptive_api_1364_run5_20260722_232301.json,1364,d96f23a5ec3e4c5e91a702aff88dc7ab,9,99eee845d446484587a00cbbc9847a15,33,m_mutation,filler,159bc3013aeda14b4392a064787586a98d1e30031a76479acf5612bc7f44704c,6540,False,symbol,symbol;icon;mosaic,False,3107,0.6,False,top500,False,1,149
ea_llm_self_adaptive_api_1364_run5_20260722_232301.json,1364,d96f23a5ec3e4c5e91a702aff88dc7ab,9,99eee845d446484587a00cbbc9847a15,33,m_mutation,absent,269a0f108473c1f40d0acb4788ecf2acd9c04f659a8b8133989925a6f4d0c3ca,6199,False,venue,venue;symbol;icon,False,166,0.6,False,top100,False,1,186
ea_llm_self_adaptive_api_1364_run5_20260722_232301.json,1364,ff7485d4bf7b4750a676fbef622838a5,9,7af8a5382b0c43fa8d73ec763a90a62f,38,m_mutation,genuine,5649d2962b91aa902f21910de051f2d4c913cc2b72198b6d875455913a6707b5,6691,False,lookout,lookout;spire;observatory,False,8316,0.5,False,top500,False,1,172
ea_llm_self_adaptive_api_1364_run5_20260722_232301.json,1364,ff7485d4bf7b4750a676fbef622838a5,9,7af8a5382b0c43fa8d73ec763a90a62f,38,m_mutation,wrong,ea23d81682c2fdfe1c168e01a2c9bae7facd93a16a0da6b7a058f4724874a41e,6625,False,watch,watch;signal;guard,False,1473,0.6,False,top500,False,1,96
ea_llm_self_adaptive_api_1364_run5_20260722_232301.json,1364,ff7485d4bf7b4750a676fbef622838a5,9,7af8a5382b0c43fa8d73ec763a90a62f,38,m_mutation,filler,a0146399553b40b9d240eb74ef06d32215d70ecab11008ab1d448e2699c643d1,6673,False,beacon,beacon;mast;dome,False,5542,0.3,False,top500,False,1,132
ea_llm_self_adaptive_api_1364_run5_20260722_232301.json,1364,ff7485d4bf7b4750a676fbef622838a5,9,7af8a5382b0c43fa8d73ec763a90a62f,38,m_mutation,absent,678aafa78927fd866223dc89dad550a6ef86ce884c4130085e915c3ff78302f4,6408,False,fort,fort;barracks;bunker,False,12,0.4,False,top500,False,1,128
