trace_file,game_number,child_id,generation,parent_id,parent_rank,sampled_op,arm,prompt_sha256,prompt_chars,llm_parse_failed,proposed_word,proposed_words,proposed_word_invalid,realized_rank,predicted_closeness,predicted_closeness_clamped,predicted_bucket,self_report_parse_failed,basis_words_count,reason_chars
ea_llm_self_adaptive_api_1307_run1_20260722_160312.json,1307,9b216c7dfced42d7b7a030b603800112,2,d034c643037147d5b81b845c2d4e1963,111,ml_mutation,genuine,7ff2223c9448a406e7628b0fae53b21a8edce81af4ae615554bf394ccc1c1795,3662,False,trust,trust;sympathy;affection,False,96,0.7,False,top100,False,1,199
ea_llm_self_adaptive_api_1307_run1_20260722_160312.json,1307,9b216c7dfced42d7b7a030b603800112,2,d034c643037147d5b81b845c2d4e1963,111,ml_mutation,wrong,b495bb6c34828e019a2d3aed94778d5fd2d90353e3472b04889a8c68cdebc74b,3600,False,care,care;aid;help,False,101,0.6,False,top500,False,1,155
ea_llm_self_adaptive_api_1307_run1_20260722_160312.json,1307,9b216c7dfced42d7b7a030b603800112,2,d034c643037147d5b81b845c2d4e1963,111,ml_mutation,filler,dbd07a009cb5c7de98c50652e11b4a57af44ad432580577f4d022eba48215312,3629,False,negotiation,negotiation;cooperation;communication,False,955,0.2,False,beyond,False,1,98
ea_llm_self_adaptive_api_1307_run1_20260722_160312.json,1307,9b216c7dfced42d7b7a030b603800112,2,d034c643037147d5b81b845c2d4e1963,111,ml_mutation,absent,1d52fc8a0c9196dce8030515eb0a19a5f8a401f1aa81453f28f533499b9307be,3364,False,support,support;solidarity;affection,False,2177,0.3,False,top500,False,1,167
ea_llm_self_adaptive_api_1307_run1_20260722_160312.json,1307,064bbbf7e99c4f39bfb53636ae710051,3,dd354cd07b094a2ba7f602fc0ac45e3b,13,l_mutation,genuine,586166f7b744deb381c14b5dd0f7e625d288cde55af68e9de2fcd5f8317436de,4397,False,material,material;provision;nourishment,False,2998,0.7,False,top500,False,2,202
ea_llm_self_adaptive_api_1307_run1_20260722_160312.json,1307,064bbbf7e99c4f39bfb53636ae710051,3,dd354cd07b094a2ba7f602fc0ac45e3b,13,l_mutation,wrong,05906cc482b5b6dd10fd22f77fbcc54a891f10d474aeaa7c66c28942ae302568,4409,False,distribution,distribution;allocation;systems,False,10595,0.2,False,beyond,False,1,164
ea_llm_self_adaptive_api_1307_run1_20260722_160312.json,1307,064bbbf7e99c4f39bfb53636ae710051,3,dd354cd07b094a2ba7f602fc0ac45e3b,13,l_mutation,filler,cdeac4d4c3a3891834d8f6c79b27a3aa6eb6f020caa82e21fe8934f137c5112d,4404,False,growth,growth;introspection;resilience,False,3825,0.4,False,top500,False,1,160
ea_llm_self_adaptive_api_1307_run1_20260722_160312.json,1307,064bbbf7e99c4f39bfb53636ae710051,3,dd354cd07b094a2ba7f602fc0ac45e3b,13,l_mutation,absent,42896278e2ced194d9f4fe42d42765cbd23756e3cd27103c53c8b989f8b19c3e,4139,False,space,space;layout;domain,False,4563,0.3,False,top500,False,3,170
ea_llm_self_adaptive_api_1307_run1_20260722_160312.json,1307,b0c22dcaeb974d258d69f024020128a2,3,9b216c7dfced42d7b7a030b603800112,62,l_mutation,genuine,2b494a8684df273d55af097e62b44ceb4b968c98c4e7c81929190bf74f462046,4622,False,network,network;symbiosis;interdependence,False,3246,0.3,False,top500,False,2,199
ea_llm_self_adaptive_api_1307_run1_20260722_160312.json,1307,b0c22dcaeb974d258d69f024020128a2,3,9b216c7dfced42d7b7a030b603800112,62,l_mutation,wrong,5d9fea324dfcde5bc58dceb04f8cb5965289fc50b075b7965a30f0bf985ea5af,4515,False,network,network;structure;pattern,False,3246,0.3,False,top500,False,1,195
ea_llm_self_adaptive_api_1307_run1_20260722_160312.json,1307,b0c22dcaeb974d258d69f024020128a2,3,9b216c7dfced42d7b7a030b603800112,62,l_mutation,filler,d49eaceca38e808c4b4e2a291bc254957bc62b1f0ad1b7bfb23f8c81d506afa5,4606,False,network,network;system;pattern,False,3246,0.4,False,top500,False,1,195
ea_llm_self_adaptive_api_1307_run1_20260722_160312.json,1307,b0c22dcaeb974d258d69f024020128a2,3,9b216c7dfced42d7b7a030b603800112,62,l_mutation,absent,9dd1bfe556191016799b88335b7bd1522c9f0c54f986af84b42d675a76ed9aa9,4265,False,network,network;pattern;structure,False,3246,0.3,False,top500,False,2,210
ea_llm_self_adaptive_api_1307_run1_20260722_160312.json,1307,6255e2fd41ae4b9ea3dcd678406bc2c9,3,d034c643037147d5b81b845c2d4e1963,111,s_mutation,genuine,42fc35d5d2d4df65be976113d907d8fd30d6a6265c645b39e84f2ce2274f3125,4284,False,camaraderie,camaraderie;fellowship;companionship,False,214,0.8,False,top500,False,1,144
ea_llm_self_adaptive_api_1307_run1_20260722_160312.json,1307,6255e2fd41ae4b9ea3dcd678406bc2c9,3,d034c643037147d5b81b845c2d4e1963,111,s_mutation,wrong,6bf30626d48374246652c72cddeb024709f6f15a52be073071ed60a51d69b0b9,4215,False,acquaintance,acquaintance;companionship;camaraderie,False,1877,0.6,False,top500,False,1,110
ea_llm_self_adaptive_api_1307_run1_20260722_160312.json,1307,6255e2fd41ae4b9ea3dcd678406bc2c9,3,d034c643037147d5b81b845c2d4e1963,111,s_mutation,filler,a8babe5b133b1e72ea2bdca719b30097c0e1c01faf049bb580f5a080697716f3,4251,False,companionship,companionship;camaraderie;solidarity,False,679,0.6,False,top500,False,1,135
ea_llm_self_adaptive_api_1307_run1_20260722_160312.json,1307,6255e2fd41ae4b9ea3dcd678406bc2c9,3,d034c643037147d5b81b845c2d4e1963,111,s_mutation,absent,02736458fc65bb53d64fc3aa3c92aab4ed54ad36dc517936c5b2864a91a34a51,3986,False,fellowship,fellowship;companionship;camaraderie,False,3484,0.6,False,top500,False,1,154
ea_llm_self_adaptive_api_1307_run1_20260722_160312.json,1307,851762e95d304bdf804510848900910b,3,076ea155a3d94644b881f39210a61a92,329,ml_mutation,genuine,2f81a15f5c2e3a13a4b5877a2c75c770d49bb4271df53456a2c1773e9de8d770,4411,False,cognition,cognition;recognition;apprehension,False,6627,0.6,False,top500,False,1,135
ea_llm_self_adaptive_api_1307_run1_20260722_160312.json,1307,851762e95d304bdf804510848900910b,3,076ea155a3d94644b881f39210a61a92,329,ml_mutation,wrong,3068893435dde06d10e0d4d34e8a9c23ca6419f0973e81500e813a010d27ba19,4360,False,insight,insight;intuition;judgment,False,135,0.4,False,top500,False,1,137
ea_llm_self_adaptive_api_1307_run1_20260722_160312.json,1307,851762e95d304bdf804510848900910b,3,076ea155a3d94644b881f39210a61a92,329,ml_mutation,filler,f356203368b7b5ae44e944d18faf7ca06adda27d695c1e6d2b8c307fc41c2a0d,4390,False,evaluation,evaluation;judgment;analysis,False,2449,0.6,False,top500,False,1,190
ea_llm_self_adaptive_api_1307_run1_20260722_160312.json,1307,851762e95d304bdf804510848900910b,3,076ea155a3d94644b881f39210a61a92,329,ml_mutation,absent,6c14bf802c007a32021d68ad3887588654df2e71adf00db35454b0ba8fd58916,4125,False,experience,experience;observation;insight,False,456,0.6,False,top500,False,1,134
ea_llm_self_adaptive_api_1307_run1_20260722_160312.json,1307,86669229bdc54f00a4ea18048b59e0f2,4,dd354cd07b094a2ba7f602fc0ac45e3b,13,s_mutation,genuine,9d246d136b12f846c5f470fd63fd7a0ad8620e23b56858115c49a631eecaad05,4652,False,mercy,mercy;kindness;generosity,False,820,0.6,False,top500,False,2,153
ea_llm_self_adaptive_api_1307_run1_20260722_160312.json,1307,86669229bdc54f00a4ea18048b59e0f2,4,dd354cd07b094a2ba7f602fc0ac45e3b,13,s_mutation,wrong,f7086d8789dd2fdcde4a0412e3e669671043dfb1ec77aec8a9af45a19a72f957,4648,False,benevolence,benevolence;generosity;tenderness,False,205,0.6,False,top500,False,1,120
ea_llm_self_adaptive_api_1307_run1_20260722_160312.json,1307,86669229bdc54f00a4ea18048b59e0f2,4,dd354cd07b094a2ba7f602fc0ac45e3b,13,s_mutation,filler,13a2060bf6019de6a7935be7024cc4983d08d7dd21169d56163e5378330c5060,4659,False,mercy,mercy;tenderness;generosity,False,820,0.6,False,top500,False,1,129
ea_llm_self_adaptive_api_1307_run1_20260722_160312.json,1307,86669229bdc54f00a4ea18048b59e0f2,4,dd354cd07b094a2ba7f602fc0ac45e3b,13,s_mutation,absent,e95aeffb65bb35a95014472ab6eefd09a694d702137d20ced818a33ecbb9df95,4394,False,generosity,generosity;kindness;care,False,15,0.7,False,top500,False,1,150
ea_llm_self_adaptive_api_1307_run1_20260722_160312.json,1307,75a94fee00a64734a2d677287cbb63f3,4,9b216c7dfced42d7b7a030b603800112,62,ml_mutation,genuine,aead40fed1a5330901b380a30fbde5af3ab2ff2037a85f995fd10f0ae9da6edc,4879,False,organization,organization;interaction;structure,False,1758,0.3,False,beyond,False,1,195
ea_llm_self_adaptive_api_1307_run1_20260722_160312.json,1307,75a94fee00a64734a2d677287cbb63f3,4,9b216c7dfced42d7b7a030b603800112,62,ml_mutation,wrong,c975e5d05585da6168aeec14230ba799c28ba8da6dfefa483095dfbf67c5a65f,4756,False,synergy,synergy;interdependence;interplay,False,5053,0.4,False,top500,False,1,160
ea_llm_self_adaptive_api_1307_run1_20260722_160312.json,1307,75a94fee00a64734a2d677287cbb63f3,4,9b216c7dfced42d7b7a030b603800112,62,ml_mutation,filler,96706848f81a6116c2a94a2d8f2365f30b3377d5ae2f71db2830e0a495e7aaef,4863,False,leader,leader;mediator;coordinator,False,1566,0.4,False,top500,False,1,138
ea_llm_self_adaptive_api_1307_run1_20260722_160312.json,1307,75a94fee00a64734a2d677287cbb63f3,4,9b216c7dfced42d7b7a030b603800112,62,ml_mutation,absent,725e4544ef2173a116bb085133a66d7ec16324e78a6555ed468729c87326e56d,4522,False,engagement,engagement;influence;interdependence,False,1830,0.4,False,top500,False,1,153
ea_llm_self_adaptive_api_1307_run1_20260722_160312.json,1307,57b26838559c40b9956d60e8d6f0a2cd,4,5676de5998654201a500a3cb0f8fe1c9,78,m_mutation,genuine,a7d5aa49cf35ac26675236cf2d33c5f4e64082b928d0278f0d2f519247f76944,4717,False,clarity,clarity;logic;analysis,False,81,0.6,False,top500,False,1,99
ea_llm_self_adaptive_api_1307_run1_20260722_160312.json,1307,57b26838559c40b9956d60e8d6f0a2cd,4,5676de5998654201a500a3cb0f8fe1c9,78,m_mutation,wrong,787a50da0ad7db982f81f9c982ac583364ff156d21b3a9ed72a9c74f22192cfc,4710,False,interpret,interpret;perceive;grasp,False,3854,0.6,False,top100,False,1,166
ea_llm_self_adaptive_api_1307_run1_20260722_160312.json,1307,57b26838559c40b9956d60e8d6f0a2cd,4,5676de5998654201a500a3cb0f8fe1c9,78,m_mutation,filler,ee03bd625c373c79ae9a52ea52c7f2262b762a8ac50e9f0b62df25d859afa4f5,4719,False,analysis,analysis;insight;clarity,False,2130,0.6,False,top500,False,3,159
ea_llm_self_adaptive_api_1307_run1_20260722_160312.json,1307,57b26838559c40b9956d60e8d6f0a2cd,4,5676de5998654201a500a3cb0f8fe1c9,78,m_mutation,absent,161c04f673ac2017c3702255b2474cfc082ac3ce1edc0f7b95c1eab91f4ba366,4491,False,system,system;network;framework,False,4738,0.6,False,top500,False,1,103
ea_llm_self_adaptive_api_1307_run1_20260722_160312.json,1307,1797bf736f20441188d30c7b6335173b,4,d034c643037147d5b81b845c2d4e1963,111,m_mutation,genuine,4311f805c53eadf5fc595049c15452835209a8d291e03c5da9307ab746cb8c19,4897,False,trust,trust;cooperation;loyalty,False,96,0.7,False,top100,False,1,149
ea_llm_self_adaptive_api_1307_run1_20260722_160312.json,1307,1797bf736f20441188d30c7b6335173b,4,d034c643037147d5b81b845c2d4e1963,111,m_mutation,wrong,ef2c9e4868bb6505c3f69e76b7fbc9e1b02480793afc38df05802c7283de9db6,4835,False,support,support;help;aid,False,2177,0.6,False,top500,False,1,131
ea_llm_self_adaptive_api_1307_run1_20260722_160312.json,1307,1797bf736f20441188d30c7b6335173b,4,d034c643037147d5b81b845c2d4e1963,111,m_mutation,filler,13e48c8b5f28a116b8cb1e6066dc85bc6a6ca8a36f12f97697a01f67c1edf1cc,4864,False,loyalty,loyalty;comfort;exchange,False,33,0.4,False,top500,False,1,216
ea_llm_self_adaptive_api_1307_run1_20260722_160312.json,1307,1797bf736f20441188d30c7b6335173b,4,d034c643037147d5b81b845c2d4e1963,111,m_mutation,absent,264a232fb72706dab102c0a45c170a5f1f8a046fce4b890a8ef4e5432690364d,4599,False,support,support;kindness;group,False,2177,0.4,False,top500,False,1,111
ea_llm_self_adaptive_api_1307_run1_20260722_160312.json,1307,6a6624b21973472c86e5d542f664bd50,5,86669229bdc54f00a4ea18048b59e0f2,11,s_mutation,genuine,1ae85e1cdafeb88ec1b0254ba10de97ee155ffd7b7a8d3e9c606a50476d2e67e,5060,False,thoughtfulness,thoughtfulness;considerateness;courtesy,False,41,0.7,False,top100,False,1,158
ea_llm_self_adaptive_api_1307_run1_20260722_160312.json,1307,6a6624b21973472c86e5d542f664bd50,5,86669229bdc54f00a4ea18048b59e0f2,11,s_mutation,wrong,9600726e1062713ce84bde7f28640ac1fdaec654c54f2461dbed3963cae2cb3b,5061,False,generous,generous;cordial;considerate,False,827,0.7,False,top100,False,1,71
ea_llm_self_adaptive_api_1307_run1_20260722_160312.json,1307,6a6624b21973472c86e5d542f664bd50,5,86669229bdc54f00a4ea18048b59e0f2,11,s_mutation,filler,045921bcfdbca9eff9dd1566c33f4fdbd053a484d888751eaa01218c1efe0dfb,5078,False,generosity,generosity;mercy;consideration,False,15,0.8,False,top100,False,1,92
ea_llm_self_adaptive_api_1307_run1_20260722_160312.json,1307,6a6624b21973472c86e5d542f664bd50,5,86669229bdc54f00a4ea18048b59e0f2,11,s_mutation,absent,f092f801b77ace76d3e63a47903d86127f2dcb7f87a5a196560bb062314b956a,4813,False,generosity,generosity;consideration;thoughtfulness,False,15,0.7,False,top500,False,1,114
ea_llm_self_adaptive_api_1307_run1_20260722_160312.json,1307,d64aea8efe184d24bb55b990b1dcfa78,5,dd354cd07b094a2ba7f602fc0ac45e3b,13,s_mutation,genuine,09bf6008658dd25ab9d9ad67a1224e440382e9bb0dca06ce21833dbb775fd19a,5235,False,tenderness,tenderness;gentleness;grace,False,425,0.6,False,top500,False,1,132
ea_llm_self_adaptive_api_1307_run1_20260722_160312.json,1307,d64aea8efe184d24bb55b990b1dcfa78,5,dd354cd07b094a2ba7f602fc0ac45e3b,13,s_mutation,wrong,ada0aa7815bbe46f1ff5e5ed219f00098f40cbcd94dd30aa458045b0834bc9a1,5253,False,forgiveness,forgiveness;pity;charity,False,176,0.3,False,top500,False,1,116
ea_llm_self_adaptive_api_1307_run1_20260722_160312.json,1307,d64aea8efe184d24bb55b990b1dcfa78,5,dd354cd07b094a2ba7f602fc0ac45e3b,13,s_mutation,filler,a03063e5d191e1a4f567f6815ee5883fb8a7f89388b9381bafd61f0942404e10,5242,False,mercy,mercy;tenderness;gentleness,False,820,0.4,False,top500,False,1,153
ea_llm_self_adaptive_api_1307_run1_20260722_160312.json,1307,d64aea8efe184d24bb55b990b1dcfa78,5,dd354cd07b094a2ba7f602fc0ac45e3b,13,s_mutation,absent,51d7912148874914832294a043a10892fcad37e645a179e18566c8b66e98bc14,4977,False,grace,grace;forgiveness;clemency,False,445,0.6,False,top500,False,1,122
ea_llm_self_adaptive_api_1307_run1_20260722_160312.json,1307,53699d5dd37a49ee952394c9ea002eb8,5,d034c643037147d5b81b845c2d4e1963,33,ml_mutation,genuine,803c38bca7c30d7156ec67b47365eb17eda008ae46ad2322294f2ce17a864dcc,5302,False,integrity,integrity;fairness;honesty,False,3,0.7,False,top100,False,1,154
ea_llm_self_adaptive_api_1307_run1_20260722_160312.json,1307,53699d5dd37a49ee952394c9ea002eb8,5,d034c643037147d5b81b845c2d4e1963,33,ml_mutation,wrong,1d86fc7804a17bf54fd6891dba0f4c4d79d1513fcce6c0ae4bdf2648063417eb,5235,False,integrity,integrity;honesty;fairness,False,3,0.7,False,top500,False,1,94
ea_llm_self_adaptive_api_1307_run1_20260722_160312.json,1307,53699d5dd37a49ee952394c9ea002eb8,5,d034c643037147d5b81b845c2d4e1963,33,ml_mutation,filler,de8d00b2f527d1b1869a025ca8b7aea9a0139a173e424c57f79e07819cb6587f,5269,False,integrity,integrity;devotion;fidelity,False,3,0.6,False,top500,False,1,129
ea_llm_self_adaptive_api_1307_run1_20260722_160312.json,1307,53699d5dd37a49ee952394c9ea002eb8,5,d034c643037147d5b81b845c2d4e1963,33,ml_mutation,absent,a028a2b3e4e8e41301473ee424ac9313e165177e0e44a7dcc1c8847a5dd527fa,5004,False,integrity,integrity;honesty;fairness,False,3,0.7,False,top100,False,1,168
ea_llm_self_adaptive_api_1307_run2_20260722_171316.json,1307,17b939056cac46efa3737de464fca2a0,2,72a0008c46304e56af0e4c73fb7c509e,76,m_mutation,genuine,58f87a3b3ffdf50eeffcb128e037f45657b9f9be484f2a1cf3d949f86c307d43,3707,False,care,care;nurture;tend,False,101,0.4,False,top500,False,1,148
ea_llm_self_adaptive_api_1307_run2_20260722_171316.json,1307,17b939056cac46efa3737de464fca2a0,2,72a0008c46304e56af0e4c73fb7c509e,76,m_mutation,wrong,cfb2001d443f626640c475642062eb00af8b395a6adad2e43a3877023e166984,3677,False,warmth,warmth;tenderness;compassion,False,305,0.6,False,top500,False,1,168
ea_llm_self_adaptive_api_1307_run2_20260722_171316.json,1307,17b939056cac46efa3737de464fca2a0,2,72a0008c46304e56af0e4c73fb7c509e,76,m_mutation,filler,f95cee928d39592f0d957a869adb6bfb847847a9c565c582426592cfce93dfaa,3722,False,empathy,empathy;compassion;tenderness,False,19,0.7,False,top100,False,1,104
ea_llm_self_adaptive_api_1307_run2_20260722_171316.json,1307,17b939056cac46efa3737de464fca2a0,2,72a0008c46304e56af0e4c73fb7c509e,76,m_mutation,absent,df498bc2580c3010bd6d18520d1f39befbaa4ccc65d385f22bcc7effa760784e,3457,False,emotion,emotion;empathy;sympathy,False,100,0.6,False,top500,False,1,101
ea_llm_self_adaptive_api_1307_run2_20260722_171316.json,1307,f0a3f96909f34ef28f6be98b2c384bee,2,25c445810f7947b7aad2410df452e5a2,751,ml_mutation,genuine,ffbd3a703350648f1db749bc8e7b65d7659deec13db1aaa0554059ea1bd463d6,3742,False,interaction,interaction;engagement;cohesion,False,1855,0.6,False,top500,False,1,121
ea_llm_self_adaptive_api_1307_run2_20260722_171316.json,1307,f0a3f96909f34ef28f6be98b2c384bee,2,25c445810f7947b7aad2410df452e5a2,751,ml_mutation,wrong,2958a7904908457020210bb5c42a5cbf0d521acdab38b2fa74ecf6070c8b75a1,3768,False,peer,peer;fellow;member,False,586,0.4,False,top500,False,1,123
ea_llm_self_adaptive_api_1307_run2_20260722_171316.json,1307,f0a3f96909f34ef28f6be98b2c384bee,2,25c445810f7947b7aad2410df452e5a2,751,ml_mutation,filler,c4a32ba5cd6a0c83a04e33d030860a247607899af208fb82442e7ad821c8c15c,3723,False,comrade,comrade;member,False,3328,0.4,False,beyond,False,1,115
ea_llm_self_adaptive_api_1307_run2_20260722_171316.json,1307,f0a3f96909f34ef28f6be98b2c384bee,2,25c445810f7947b7aad2410df452e5a2,751,ml_mutation,absent,f03321a123be2681675b193632767eb1484ea42b51195e898b7fc9dd3840c83a,3533,False,alliance,alliance;league;union,False,5994,0.6,False,top500,False,1,130
ea_llm_self_adaptive_api_1307_run2_20260722_171316.json,1307,a3e48a24c43a45de97856f75dc64693a,3,17b939056cac46efa3737de464fca2a0,11,l_mutation,genuine,978de0468def0ff64797ee9f38394efb306a6c014f761d3d8cefa12caa2bb2c3,4322,False,public,public;setting;space,False,1406,0.5,False,top500,False,1,188
ea_llm_self_adaptive_api_1307_run2_20260722_171316.json,1307,a3e48a24c43a45de97856f75dc64693a,3,17b939056cac46efa3737de464fca2a0,11,l_mutation,wrong,c9df4cb8dd3502098f57f3423d7e36898b0ccd32bc24c78e842188198f00f90c,4337,False,intent,intent;motive;purpose,False,792,0.3,False,top500,False,1,176
ea_llm_self_adaptive_api_1307_run2_20260722_171316.json,1307,a3e48a24c43a45de97856f75dc64693a,3,17b939056cac46efa3737de464fca2a0,11,l_mutation,filler,a7fb2570ce80c36f1b52029a885cdd4cf5def4124bde1cb7cd6091422046887d,4319,False,prosperity,prosperity;cooperation;harmony,False,888,0.4,False,top500,False,1,163
ea_llm_self_adaptive_api_1307_run2_20260722_171316.json,1307,a3e48a24c43a45de97856f75dc64693a,3,17b939056cac46efa3737de464fca2a0,11,l_mutation,absent,079b700c30d4da93abceffcec9e6ab6c7ad0ab1cb084318d573ad0a143012050,4091,False,institutions,institutions;systems;structures,False,2149,0.4,False,top500,False,1,136
ea_llm_self_adaptive_api_1307_run2_20260722_171316.json,1307,f99173763c2c4b5ebfec8c937d29c384,3,72a0008c46304e56af0e4c73fb7c509e,76,m_mutation,genuine,4d5d8bfbe0ef8d91b50bcbf03b6d183f030f0d2bfca623475075544adf49375d,4292,False,caress,caress;grace;comfort,False,10468,0.3,False,top500,False,1,153
ea_llm_self_adaptive_api_1307_run2_20260722_171316.json,1307,f99173763c2c4b5ebfec8c937d29c384,3,72a0008c46304e56af0e4c73fb7c509e,76,m_mutation,wrong,b25fcd96df801936592285c957bbe6a0110b483104915ebc23f1b3dbcf8c6a79,4261,False,warmth,warmth;gaze;caress,False,305,0.4,False,top500,False,1,111
ea_llm_self_adaptive_api_1307_run2_20260722_171316.json,1307,f99173763c2c4b5ebfec8c937d29c384,3,72a0008c46304e56af0e4c73fb7c509e,76,m_mutation,filler,22e6914c168ef32bcdc8fbd28b54d0a63957d9b021753c86d8877e570e4544c0,4307,False,warmth,warmth;comfort;joy,False,305,0.6,False,top100,False,1,168
ea_llm_self_adaptive_api_1307_run2_20260722_171316.json,1307,f99173763c2c4b5ebfec8c937d29c384,3,72a0008c46304e56af0e4c73fb7c509e,76,m_mutation,absent,5c87dee8cee87e6363fbbeba3e91e439a9e485a82aeb7179d7d7632be598963f,4042,False,comfort,comfort;nurture;soothe,False,1557,0.6,False,top500,False,1,131
ea_llm_self_adaptive_api_1307_run2_20260722_171316.json,1307,6af82d2f3e0d4a87907692d5de04af71,3,f8878399c9c24b67a5cefe6b79f4719d,329,l_mutation,genuine,9abf57bef56f32f4f3aa916bc39acf968b1b2c4f5b0c6b7dd95f0f81eca6126e,4503,False,abstract,abstract;representation;model,False,11077,0.3,False,top500,False,1,157
ea_llm_self_adaptive_api_1307_run2_20260722_171316.json,1307,6af82d2f3e0d4a87907692d5de04af71,3,f8878399c9c24b67a5cefe6b79f4719d,329,l_mutation,wrong,99d52f8ab7ff4fd187e0f70d37c4c9a303f437d41a89c5f9c5a5313b00ccc769,4489,False,stimulus,stimulus;cue;signal,False,9432,0.3,False,top500,False,1,196
ea_llm_self_adaptive_api_1307_run2_20260722_171316.json,1307,6af82d2f3e0d4a87907692d5de04af71,3,f8878399c9c24b67a5cefe6b79f4719d,329,l_mutation,filler,9a7df82ac4813c8459f59525978ab226aa95155dc838efa4fac7cc41efce34f2,4492,False,signal,signal;context;medium,False,11137,0.4,False,top500,False,1,162
ea_llm_self_adaptive_api_1307_run2_20260722_171316.json,1307,6af82d2f3e0d4a87907692d5de04af71,3,f8878399c9c24b67a5cefe6b79f4719d,329,l_mutation,absent,dc1cb2ecacb9bf66887e89bd6d322c19809e4f64168fbbb722bc228f6739c61d,4264,False,environment,environment;context;setting,False,1605,0.4,False,top500,False,1,108
ea_llm_self_adaptive_api_1307_run2_20260722_171316.json,1307,b6b828c83677488ebae134752bb76c86,3,aceb92b2e52a49be816c0984bf82f188,555,m_mutation,genuine,d9ab9b7b0f6bfb5a61f97ba72f6faa88ce6892741e6b919021482b900b9237e1,4320,False,legacy,legacy;lineage;continuity,False,2571,0.4,False,top500,False,1,131
ea_llm_self_adaptive_api_1307_run2_20260722_171316.json,1307,b6b828c83677488ebae134752bb76c86,3,aceb92b2e52a49be816c0984bf82f188,555,m_mutation,wrong,b7f6ae2bb65f375214a501c8e3c29d623cce9f20d6da265d99a7e5cdd26c250a,4272,False,legacy,legacy;practice;continuity,False,2571,0.7,False,top500,False,1,125
ea_llm_self_adaptive_api_1307_run2_20260722_171316.json,1307,b6b828c83677488ebae134752bb76c86,3,aceb92b2e52a49be816c0984bf82f188,555,m_mutation,filler,4184ac614e1c70a5783c285a40fe8e7b7a0011c966d8c2f26ce0b80ebc7f5fb2,4302,False,custody,custody;lineage;steward,False,9408,0.35,False,top500,False,1,154
ea_llm_self_adaptive_api_1307_run2_20260722_171316.json,1307,b6b828c83677488ebae134752bb76c86,3,aceb92b2e52a49be816c0984bf82f188,555,m_mutation,absent,dc686566a782226db3d8ac935b86953cd654bcbd9a4b2f4885edd1fd725e4ac4,4037,False,lineage,lineage;custody;continuity,False,7428,0.7,False,top500,False,1,153
ea_llm_self_adaptive_api_1307_run2_20260722_171316.json,1307,cf2b519a06104572a524f3237cf4d44a,4,17b939056cac46efa3737de464fca2a0,11,m_mutation,genuine,8535fe02291168213aeb90c14c9fe8d238059c9d6dd445220b8b4db5e1405164,4814,False,generosity,generosity;service;help,False,15,0.7,False,top100,False,1,95
ea_llm_self_adaptive_api_1307_run2_20260722_171316.json,1307,cf2b519a06104572a524f3237cf4d44a,4,17b939056cac46efa3737de464fca2a0,11,m_mutation,wrong,1852372c3661e6b4b7341ecdae2ab11f5e4254c26122b74abf3270216b9245ea,4812,False,hospitality,hospitality;grace;harmony,False,609,0.7,False,top100,False,1,143
ea_llm_self_adaptive_api_1307_run2_20260722_171316.json,1307,cf2b519a06104572a524f3237cf4d44a,4,17b939056cac46efa3737de464fca2a0,11,m_mutation,filler,e3d25cc61e8cdadd1f10adea2938ccfc8c0f5353106ae35e6dab9ccb5d948c2a,4811,False,generosity,generosity;benevolence;altruism,False,15,0.5,False,top500,False,1,149
ea_llm_self_adaptive_api_1307_run2_20260722_171316.json,1307,cf2b519a06104572a524f3237cf4d44a,4,17b939056cac46efa3737de464fca2a0,11,m_mutation,absent,1c768d75498a5bdc63b76b6a4071a4249b2a3a291693bcc786a467251d7a7954,4583,False,help,help;support;aid,False,2056,0.4,False,top500,False,1,172
ea_llm_self_adaptive_api_1307_run2_20260722_171316.json,1307,941a1f177c094370820d6f41b673bd29,4,8ddb997fe151465398b2b14e2d980ca1,31,s_mutation,genuine,c047ddea2ca14e4bbbe1984013b03de5cb878035d7ee146a87b4af743dcca8e0,4536,False,stance,stance;outlook;perspective,False,1223,0.7,False,top100,False,1,120
ea_llm_self_adaptive_api_1307_run2_20260722_171316.json,1307,941a1f177c094370820d6f41b673bd29,4,8ddb997fe151465398b2b14e2d980ca1,31,s_mutation,wrong,78bea28fd8890b7679d472d12bd8ae31c8b809be74626b360d1d0fa128624350,4526,False,perspective,perspective;stance;posture,False,376,0.7,False,top500,False,1,148
ea_llm_self_adaptive_api_1307_run2_20260722_171316.json,1307,941a1f177c094370820d6f41b673bd29,4,8ddb997fe151465398b2b14e2d980ca1,31,s_mutation,filler,cd2470979829960f385e069c093bc2f8085db32ebd4cb6f8c17d8bf6b8efd362,4521,False,stance,stance;orientation;perspective,False,1223,0.7,False,top500,False,1,141
ea_llm_self_adaptive_api_1307_run2_20260722_171316.json,1307,941a1f177c094370820d6f41b673bd29,4,8ddb997fe151465398b2b14e2d980ca1,31,s_mutation,absent,8b07bc1dc4720b2e02d629242c23e29fe0c4b70062f295b931b70cdef0373d2d,4293,False,orientation,orientation;stance;frame,False,3813,0.6,False,top500,False,2,112
ea_llm_self_adaptive_api_1307_run2_20260722_171316.json,1307,1fb61abdb62d414399ac8f42967b898c,4,72a0008c46304e56af0e4c73fb7c509e,76,s_mutation,genuine,e573e9a6c8e9a0cba02ff2342eb0a6bbcf1b4b4241a147e0cd0be554dbc47807,4774,False,attachment,attachment;closeness;devotion,False,6169,0.6,False,top500,False,1,86
ea_llm_self_adaptive_api_1307_run2_20260722_171316.json,1307,1fb61abdb62d414399ac8f42967b898c,4,72a0008c46304e56af0e4c73fb7c509e,76,s_mutation,wrong,c74428e494d699e700dd0ec043dfaca74c3d2543f6bd64e0c3ab5ea043486a26,4744,False,cherish,cherish;attachment;devotion,False,776,0.8,False,top100,False,1,145
ea_llm_self_adaptive_api_1307_run2_20260722_171316.json,1307,1fb61abdb62d414399ac8f42967b898c,4,72a0008c46304e56af0e4c73fb7c509e,76,s_mutation,filler,bca6ace8f71be5295cd90718ed62ac6a8bd796f51b7df454f45e6fdb3394d805,4789,False,attachment,attachment;devotion;companionship,False,6169,0.7,False,top100,False,1,97
ea_llm_self_adaptive_api_1307_run2_20260722_171316.json,1307,1fb61abdb62d414399ac8f42967b898c,4,72a0008c46304e56af0e4c73fb7c509e,76,s_mutation,absent,88a8f9f3fafeb7de4d9352ca04d3a8a14ed1c0a015d057a4d1e0b4b66e8f11db,4524,False,compassion,compassion;warmth;liking,False,13,0.8,False,top100,False,1,105
ea_llm_self_adaptive_api_1307_run2_20260722_171316.json,1307,32fbfc4a1a5d4da39912abfed7d0f197,4,f99173763c2c4b5ebfec8c937d29c384,79,m_mutation,genuine,af1295eb7ed1312286305bb1c4ca83cfcf24928c45b2b6250d4247b19a6461ad,4835,False,touch,touch;delicate;soothing,False,612,0.7,False,top100,False,2,187
ea_llm_self_adaptive_api_1307_run2_20260722_171316.json,1307,32fbfc4a1a5d4da39912abfed7d0f197,4,f99173763c2c4b5ebfec8c937d29c384,79,m_mutation,wrong,0bf53d352186c9fef0c2bac7bfbea1cae343a029f93adbfb12ad9c714e9961bf,4809,False,softness,softness;texture;delicacy,False,2069,0.3,False,top500,False,1,148
ea_llm_self_adaptive_api_1307_run2_20260722_171316.json,1307,32fbfc4a1a5d4da39912abfed7d0f197,4,f99173763c2c4b5ebfec8c937d29c384,79,m_mutation,filler,771861007e0fef288b9a0594135ac2e048ad7c85bd7c55cd5ab824bc805d952e,4828,False,softness,softness;delicacy;subtlety,False,2069,0.6,False,top500,False,1,138
ea_llm_self_adaptive_api_1307_run2_20260722_171316.json,1307,32fbfc4a1a5d4da39912abfed7d0f197,4,f99173763c2c4b5ebfec8c937d29c384,79,m_mutation,absent,724e287a8872de07d457ca97c6f0b6cea2a8962e4ef3595d67a42b6dabdad9b3,4563,False,softness,softness;smoothness;delicacy,False,2069,0.7,False,top500,False,1,103
ea_llm_self_adaptive_api_1307_run2_20260722_171316.json,1307,4b2301c900454eabb517384b7b1d6234,5,17b939056cac46efa3737de464fca2a0,11,l_mutation,genuine,4447bacc12431ef8138632ebeced573bd83783163696d7d0c597bfb4567c5f30,5273,False,space,space;presence;harmony,False,4563,0.4,False,top500,False,1,222
ea_llm_self_adaptive_api_1307_run2_20260722_171316.json,1307,4b2301c900454eabb517384b7b1d6234,5,17b939056cac46efa3737de464fca2a0,11,l_mutation,wrong,0a3319fbe4b43b540aeb6840e22dfcad5ee1498412a1053ba0404a64d7959bae,5288,False,movement,movement;gesture;proximity,False,3625,0.3,False,top500,False,1,166
ea_llm_self_adaptive_api_1307_run2_20260722_171316.json,1307,4b2301c900454eabb517384b7b1d6234,5,17b939056cac46efa3737de464fca2a0,11,l_mutation,filler,adc7d348779f3a2cf6eadd2d4a3b619ff1eba1880f5fcffba00e2783dfd41bd7,5270,False,material,material;texture;structure,False,2998,0.3,False,top500,False,1,192
ea_llm_self_adaptive_api_1307_run2_20260722_171316.json,1307,4b2301c900454eabb517384b7b1d6234,5,17b939056cac46efa3737de464fca2a0,11,l_mutation,absent,e49a4d37ecaeda0fbbb6bece17cb836fc6219747da49d8b3877df04951cee23b,5042,False,texture,texture;durability;density,False,7043,0.2,False,beyond,False,1,223
ea_llm_self_adaptive_api_1307_run2_20260722_171316.json,1307,574430b071ac4e208ee55410bd37cc5e,5,cf2b519a06104572a524f3237cf4d44a,15,m_mutation,genuine,d364f0255cb16bcf0935166edb453e9a1d51835566ac3c3bc1f22e2951013a97,5127,False,donate,donate;gift;charity,False,5723,0.3,False,top500,False,1,76
ea_llm_self_adaptive_api_1307_run2_20260722_171316.json,1307,574430b071ac4e208ee55410bd37cc5e,5,cf2b519a06104572a524f3237cf4d44a,15,m_mutation,wrong,3ee24fcbc4565378ba8ea131ef068397f2830eb33528c2a813669c925f0104d2,5154,False,intent,intent;purpose;motivation,False,792,0.3,False,top500,False,1,151
ea_llm_self_adaptive_api_1307_run2_20260722_171316.json,1307,574430b071ac4e208ee55410bd37cc5e,5,cf2b519a06104572a524f3237cf4d44a,15,m_mutation,filler,1334480a2c8d3b8c454be6739f6ca288803a5f342247411c615cfac852667843,5143,False,joy,joy;tenderness;contentment,False,372,0.35,False,top500,False,1,167
ea_llm_self_adaptive_api_1307_run2_20260722_171316.json,1307,574430b071ac4e208ee55410bd37cc5e,5,cf2b519a06104572a524f3237cf4d44a,15,m_mutation,absent,8bfffe42c4de7ae064965aaa56ef43d3aa68378b1a8696e886e4cf7f9e71f36f,4915,False,tenderness,tenderness;freedom;openness,False,425,0.6,False,top500,False,1,134
ea_llm_self_adaptive_api_1307_run2_20260722_171316.json,1307,ad97bc537c414339865cb511638f39e3,5,8ddb997fe151465398b2b14e2d980ca1,31,m_mutation,genuine,cb50b298dd5cf7e57ac3ac9457f34ab14ed68c8e40891853d986bec9936de988,5166,False,pose,pose;gait;angle,False,6015,0.4,False,top500,False,1,118
ea_llm_self_adaptive_api_1307_run2_20260722_171316.json,1307,ad97bc537c414339865cb511638f39e3,5,8ddb997fe151465398b2b14e2d980ca1,31,m_mutation,wrong,87dd360ab45973905e71fc0b732eec6bda528c98e16d16084cca8dd80afce7a3,5158,False,stance,stance;pose;gait,False,1223,0.6,False,top500,False,1,97
ea_llm_self_adaptive_api_1307_run2_20260722_171316.json,1307,ad97bc537c414339865cb511638f39e3,5,8ddb997fe151465398b2b14e2d980ca1,31,m_mutation,filler,4a42abd078be2069e7dc923b4c697d98026f5c68e480fcb7125d79873e038082,5151,False,posture,posture;stance;position,False,4161,0.5,False,top500,False,1,72
ea_llm_self_adaptive_api_1307_run2_20260722_171316.json,1307,ad97bc537c414339865cb511638f39e3,5,8ddb997fe151465398b2b14e2d980ca1,31,m_mutation,absent,d0607a4fa17ebc3feefabd0e854634f7921d4f306f73138036098dab51b26afa,4923,False,direction,direction;angle;slope,False,2441,0.3,False,beyond,False,2,207
ea_llm_self_adaptive_api_1307_run2_20260722_171316.json,1307,8e2cbd3193274c3aa29db5bd9a37b415,5,1fb61abdb62d414399ac8f42967b898c,33,l_mutation,genuine,7c425e3b860d313e692cddf74d79ea3e85f7a4d22f964ec5e82a1008a88a1228,5421,False,consistency,consistency;dependability;stability,False,151,0.3,False,top500,False,1,177
ea_llm_self_adaptive_api_1307_run2_20260722_171316.json,1307,8e2cbd3193274c3aa29db5bd9a37b415,5,1fb61abdb62d414399ac8f42967b898c,33,l_mutation,wrong,c761d6546e4bfdb2627c928d5d4983bf3e7872c84d62d023a8d56955d285b62b,5390,False,ceremony,ceremony;observance;ritual,False,7344,0.3,False,top500,False,1,177
ea_llm_self_adaptive_api_1307_run2_20260722_171316.json,1307,8e2cbd3193274c3aa29db5bd9a37b415,5,1fb61abdb62d414399ac8f42967b898c,33,l_mutation,filler,d1255c2bbfa427feac938c4f05a8944aff57de81e7805813610955578d048206,5416,False,steadfastness,steadfastness;reliability;faithfulness,False,574,0.4,False,top500,False,1,159
ea_llm_self_adaptive_api_1307_run2_20260722_171316.json,1307,8e2cbd3193274c3aa29db5bd9a37b415,5,1fb61abdb62d414399ac8f42967b898c,33,l_mutation,absent,daaef4ba9b4bf1341e3f335e998c1031ca7a048ab973e8b71ee090279975cffd,5151,False,systems,systems;institutions;frameworks,False,4738,0.4,False,top500,False,2,192
ea_llm_self_adaptive_api_1307_run2_20260722_171316.json,1307,4221e9a017c64a9481b2fff5a3421d04,6,17b939056cac46efa3737de464fca2a0,11,ml_mutation,genuine,f5ce0b8699cf7197ef58a19cb897f5d77674410a0c87e26e3a395f89ea5b94e3,5866,False,humility,humility;patience;forgiveness,False,6,0.6,False,top500,False,1,122
ea_llm_self_adaptive_api_1307_run2_20260722_171316.json,1307,4221e9a017c64a9481b2fff5a3421d04,6,17b939056cac46efa3737de464fca2a0,11,ml_mutation,wrong,69db12d1d75715b778f8d4fc02c00e0795b58b502f8e7d6137f7176cedb3cbce,5881,False,fairness,fairness;humility;respect,False,8,0.7,False,top100,False,1,203
ea_llm_self_adaptive_api_1307_run2_20260722_171316.json,1307,4221e9a017c64a9481b2fff5a3421d04,6,17b939056cac46efa3737de464fca2a0,11,ml_mutation,filler,a8c84361085b89b9323c22cc3cc2f0fa85ec935a831de540204f34c3467ab9d5,5863,False,cooperation,cooperation;teamwork;mutuality,False,481,0.6,False,top500,False,1,152
ea_llm_self_adaptive_api_1307_run2_20260722_171316.json,1307,4221e9a017c64a9481b2fff5a3421d04,6,17b939056cac46efa3737de464fca2a0,11,ml_mutation,absent,6bae64d2d50df5c0b0d0e233a7c2effeadf3dec9fcea6cd8735aa294d760e606,5635,False,friendship,friendship;harmony;cooperation,False,111,0.7,False,top100,False,1,190
ea_llm_self_adaptive_api_1307_run2_20260722_171316.json,1307,7ccc2d9460944e118e7a8c2475201e86,6,574430b071ac4e208ee55410bd37cc5e,12,ml_mutation,genuine,2007850c17cd2ca6ccaffd97bd3b4ac9b260d5795e4c2dfad1823b409dec93e8,5557,False,receptivity,receptivity;curiosity;adaptability,False,1216,0.3,False,top500,False,1,129
ea_llm_self_adaptive_api_1307_run2_20260722_171316.json,1307,7ccc2d9460944e118e7a8c2475201e86,6,574430b071ac4e208ee55410bd37cc5e,12,ml_mutation,wrong,ab41aafbfaa9fdde34d2f353468655ff9879887c4c28eee0e5a2ceb4140414e9,5580,False,agreeableness,agreeableness;curiosity;flexibility,False,5810,0.7,False,top100,False,1,181
ea_llm_self_adaptive_api_1307_run2_20260722_171316.json,1307,7ccc2d9460944e118e7a8c2475201e86,6,574430b071ac4e208ee55410bd37cc5e,12,ml_mutation,filler,14c95c2360c54af783f5c14a62d4c56eae0997ce78d15022dc5bf0716ca47ee1,5561,False,honesty,honesty;curiosity;flexibility,False,1,0.7,False,top100,False,1,128
ea_llm_self_adaptive_api_1307_run2_20260722_171316.json,1307,7ccc2d9460944e118e7a8c2475201e86,6,574430b071ac4e208ee55410bd37cc5e,12,ml_mutation,absent,7e58c177755232b992a9f4b45631114675b3fc41e9210ac5cf815e5182698fa1,5333,False,curiosity,curiosity;flexibility;resilience,False,170,0.7,False,top100,False,1,239
ea_llm_self_adaptive_api_1307_run2_20260722_171316.json,1307,67a916039a6b44bdbd15579bf20df2bd,6,cf2b519a06104572a524f3237cf4d44a,15,m_mutation,genuine,93036a9a34b8c5056a48a069b4ab78842645add3505db89770209caae2684edb,5646,False,mood,mood;warmth;joy,False,2035,0.4,False,top500,False,1,99
ea_llm_self_adaptive_api_1307_run2_20260722_171316.json,1307,67a916039a6b44bdbd15579bf20df2bd,6,cf2b519a06104572a524f3237cf4d44a,15,m_mutation,wrong,c0ced626eecd7942ca041008b9bb0764cc6cda4c0941af1c564d086e8c3a4dfa,5678,False,abundance,abundance;plenty;resources,False,1082,0.5,False,top500,False,1,159
ea_llm_self_adaptive_api_1307_run2_20260722_171316.json,1307,67a916039a6b44bdbd15579bf20df2bd,6,cf2b519a06104572a524f3237cf4d44a,15,m_mutation,filler,99962f7755190032c52b9b91e595ed6a8c0ed57884be4997b21f49a5cb17945c,5662,False,openness,openness;readiness;willingness,False,12,0.4,False,top500,False,1,98
ea_llm_self_adaptive_api_1307_run2_20260722_171316.json,1307,67a916039a6b44bdbd15579bf20df2bd,6,cf2b519a06104572a524f3237cf4d44a,15,m_mutation,absent,22eacb15490196e8c03e83d96804a3c9c7415fb9eebb7899bce799bf4c1bb845,5434,False,virtue,virtue;warmth;happiness,False,43,0.3,False,top500,False,1,63
ea_llm_self_adaptive_api_1307_run2_20260722_171316.json,1307,39fa5531b16842bab67802dc9219e4c1,6,8ddb997fe151465398b2b14e2d980ca1,31,s_mutation,genuine,ea23b58f4c89e6a20ae9881e44a5fc06f4668e6e71191008ab05400a41462520,5652,False,orientation,orientation;view;mood,False,3813,0.5,False,top500,False,1,133
ea_llm_self_adaptive_api_1307_run2_20260722_171316.json,1307,39fa5531b16842bab67802dc9219e4c1,6,8ddb997fe151465398b2b14e2d980ca1,31,s_mutation,wrong,d4cbc18f87ee1082340ef410a93bd0d3354d52ae3a2abe168dabe550d5a05489,5649,False,stance,stance;manner;perspective,False,1223,0.8,False,top100,False,1,91
ea_llm_self_adaptive_api_1307_run2_20260722_171316.json,1307,39fa5531b16842bab67802dc9219e4c1,6,8ddb997fe151465398b2b14e2d980ca1,31,s_mutation,filler,d3a37283f8a2c854c036bba80859784471059e0d30d93568237a30a83f4295c9,5637,False,stance,stance;position;orientation,False,1223,0.7,False,top100,False,1,104
ea_llm_self_adaptive_api_1307_run2_20260722_171316.json,1307,39fa5531b16842bab67802dc9219e4c1,6,8ddb997fe151465398b2b14e2d980ca1,31,s_mutation,absent,b5e25fafe19f59f0f735fe1d57f70344d2e3d28a107bc05d4eb67ce0788825b8,5409,False,stance,stance;position;perspective,False,1223,0.6,False,top500,False,1,108
ea_llm_self_adaptive_api_1307_run2_20260722_171316.json,1307,3d172ae53c0445ef8ae75ebd84e6e899,6,1fb61abdb62d414399ac8f42967b898c,33,l_mutation,genuine,7c220dcf9ac24c3ed2f23ba236ca7f0499996ba68a7d49c1a0ba3016130993ca,6019,False,influence,influence;impact;effect,False,1402,0.3,False,top500,False,1,156
ea_llm_self_adaptive_api_1307_run2_20260722_171316.json,1307,3d172ae53c0445ef8ae75ebd84e6e899,6,1fb61abdb62d414399ac8f42967b898c,33,l_mutation,wrong,5cd11f22e1b134ad661efcd40dbf4d5f679bfb1f9da65e6aba4fb4b97946aeaa,5988,False,perseverance,perseverance;resilience;continuity,False,40,0.3,False,top500,False,1,138
ea_llm_self_adaptive_api_1307_run2_20260722_171316.json,1307,3d172ae53c0445ef8ae75ebd84e6e899,6,1fb61abdb62d414399ac8f42967b898c,33,l_mutation,filler,b00e62c0f72ef6b03068b95c168fddac35b72d25e2909894e6a45806e277a035,6014,False,domain,domain;realm;territory,False,8403,0.3,False,top500,False,2,206
ea_llm_self_adaptive_api_1307_run2_20260722_171316.json,1307,3d172ae53c0445ef8ae75ebd84e6e899,6,1fb61abdb62d414399ac8f42967b898c,33,l_mutation,absent,b29719cd04ec633ae9b27d2d2da02f55bbff5fb65a6d24eef0fdda1af58ec89c,5749,False,resolve,resolve;perseverance;endurance,False,973,0.4,False,top500,False,1,161
ea_llm_self_adaptive_api_1307_run2_20260722_171316.json,1307,c3842e67998b4613bf774046a1581a27,7,7ccc2d9460944e118e7a8c2475201e86,3,ml_mutation,genuine,ac6da675f026503f2f911992846f3b767fe5ee06ac4c5d8f43b5d6cbb2f85602,5976,False,honesty,honesty;honor;duty,False,1,0.7,False,top100,False,1,144
ea_llm_self_adaptive_api_1307_run2_20260722_171316.json,1307,c3842e67998b4613bf774046a1581a27,7,7ccc2d9460944e118e7a8c2475201e86,3,ml_mutation,wrong,f2a9194927f201d906cd8779bd153b20986ef9f90130788199dd55a5a4a6ef25,5970,False,honesty,honesty;honor;justice,False,1,0.7,False,top500,False,1,207
ea_llm_self_adaptive_api_1307_run2_20260722_171316.json,1307,c3842e67998b4613bf774046a1581a27,7,7ccc2d9460944e118e7a8c2475201e86,3,ml_mutation,filler,167ccfa98eac5bae09238c31c9ccdc8bff79f777c972d3b96215af67c6cef283,5991,False,honesty,honesty;fairness;loyalty,False,1,0.7,False,top100,False,1,213
ea_llm_self_adaptive_api_1307_run2_20260722_171316.json,1307,c3842e67998b4613bf774046a1581a27,7,7ccc2d9460944e118e7a8c2475201e86,3,ml_mutation,absent,60cf41022ce3d475c07bfe6ec0b5b864681661ae9597928e905992c7485f6d6f,5726,False,honesty,honesty;justice;principle,False,1,0.3,False,top500,False,1,105
ea_llm_self_adaptive_api_1307_run3_20260722_181845.json,1307,054f49ea8a234fe3853d48a6ea0b0935,2,f57123d070414ea68ebf894fe8486bf2,483,s_mutation,genuine,8f789a2f4dcf82d727748102b1e3bfec96faafa5f6e7c720621a0695103ddfdf,3710,False,sustain,sustain;preserve;retain,False,2514,0.7,False,top500,False,1,205
ea_llm_self_adaptive_api_1307_run3_20260722_181845.json,1307,054f49ea8a234fe3853d48a6ea0b0935,2,f57123d070414ea68ebf894fe8486bf2,483,s_mutation,wrong,a0aad36cd580898c4066da05165acf82661a624c93738d856d2268b5742bc733,3613,False,sustain,sustain;preserve;uphold,False,2514,0.8,False,top100,False,1,131
ea_llm_self_adaptive_api_1307_run3_20260722_181845.json,1307,054f49ea8a234fe3853d48a6ea0b0935,2,f57123d070414ea68ebf894fe8486bf2,483,s_mutation,filler,a9d55f4104556d3a376906d542437ed2e3ebcd9840631020d5d14d8637c90cb5,3741,False,sustain,sustain;preserve;support,False,2514,0.6,False,top500,False,1,140
ea_llm_self_adaptive_api_1307_run3_20260722_181845.json,1307,054f49ea8a234fe3853d48a6ea0b0935,2,f57123d070414ea68ebf894fe8486bf2,483,s_mutation,absent,3828597473b641cff71cdcff28f583f25365539bedea9da8de023d817c15b29a,3400,False,preserve,preserve;sustain;uphold,False,1838,0.7,False,top500,False,1,123
ea_llm_self_adaptive_api_1307_run3_20260722_181845.json,1307,04cbe8d2527645988c5f5d03b3a88712,2,821b9a64e9a94e8e975f500dfe5e2b54,712,s_mutation,genuine,98303629bb08db2511b52e00a74d6be846629615a415f2b7e90b61a3fbbf23d4,3659,False,impulse,impulse;urge;drive,False,3586,0.6,False,top500,False,1,102
ea_llm_self_adaptive_api_1307_run3_20260722_181845.json,1307,04cbe8d2527645988c5f5d03b3a88712,2,821b9a64e9a94e8e975f500dfe5e2b54,712,s_mutation,wrong,75b249864a485071edda7d3b97d9eeb95d1ebffaa49df71aa1decd1ed6ed0ad4,3625,False,intuition,intuition;impulse;response,False,223,0.7,False,beyond,False,1,159
ea_llm_self_adaptive_api_1307_run3_20260722_181845.json,1307,04cbe8d2527645988c5f5d03b3a88712,2,821b9a64e9a94e8e975f500dfe5e2b54,712,s_mutation,filler,7d238d0be67addf833858a8d9a0ba4dfdf8e8a32b84b3e4841406fade185bbd7,3661,False,impulse,impulse;drive;urge,False,3586,0.6,False,top500,False,1,117
ea_llm_self_adaptive_api_1307_run3_20260722_181845.json,1307,04cbe8d2527645988c5f5d03b3a88712,2,821b9a64e9a94e8e975f500dfe5e2b54,712,s_mutation,absent,f62614c49bd83953689b72eb4d825c5f7d79c29139c21b508b2d8e057724e1c7,3396,False,impulse,impulse;intuition;drive,False,3586,0.8,False,top500,False,2,99
ea_llm_self_adaptive_api_1307_run3_20260722_181845.json,1307,ab4138ebc3e0449789654fc83558b83d,3,04cbe8d2527645988c5f5d03b3a88712,206,s_mutation,genuine,14c75762e8dac0d3da5900dd40395d567ad1b09bd65f70112a74de4960d7dad2,4069,False,essential,essential;inborn;native,False,844,0.6,False,top500,False,1,114
ea_llm_self_adaptive_api_1307_run3_20260722_181845.json,1307,ab4138ebc3e0449789654fc83558b83d,3,04cbe8d2527645988c5f5d03b3a88712,206,s_mutation,wrong,7fbe730bef6e7b33627e26697d292842ba48245bb3472eef6827a27a4544a837,4092,False,essential,essential;native;rooted,False,844,0.6,False,top500,False,1,158
ea_llm_self_adaptive_api_1307_run3_20260722_181845.json,1307,ab4138ebc3e0449789654fc83558b83d,3,04cbe8d2527645988c5f5d03b3a88712,206,s_mutation,filler,03f2a443b8b0da71c03908835e8e05f31fee4851a12009ad448eff4509489e1a,4083,False,essential,essential;inborn;native,False,844,0.6,False,top500,False,1,153
ea_llm_self_adaptive_api_1307_run3_20260722_181845.json,1307,ab4138ebc3e0449789654fc83558b83d,3,04cbe8d2527645988c5f5d03b3a88712,206,s_mutation,absent,59926efef906e3601481f72b6b60ec7db73005705d999859c8f7924c9c1ce0a9,3855,False,inborn,inborn;native;rooted,False,4959,0.6,False,top500,False,1,104
ea_llm_self_adaptive_api_1307_run3_20260722_181845.json,1307,8f0e268bfb08449597d138e20dfd689c,3,2f6493809ed346ea93a1a0f4dce36f2a,324,m_mutation,genuine,6d9a3474fad68db80e3bfd5ad0022712f7933e9e0a813609f7dc420d2d232c37,4236,False,analyze,analyze;reason;solve,False,3890,0.6,False,top500,False,1,123
ea_llm_self_adaptive_api_1307_run3_20260722_181845.json,1307,8f0e268bfb08449597d138e20dfd689c,3,2f6493809ed346ea93a1a0f4dce36f2a,324,m_mutation,wrong,7a9949784c83fd8a63efc35056cd7c9205bb3e393b0d00f474b7e47162f4a42d,4215,False,reason,reason;solve;evaluate,False,267,0.6,False,top500,False,1,140
ea_llm_self_adaptive_api_1307_run3_20260722_181845.json,1307,8f0e268bfb08449597d138e20dfd689c,3,2f6493809ed346ea93a1a0f4dce36f2a,324,m_mutation,filler,9decba74ebf96a373a75ada0b6fbf876e6bd1704d892bac773b807391e53ca29,4242,False,analyze,analyze;reason;deliberate,False,3890,0.6,False,top500,False,1,187
ea_llm_self_adaptive_api_1307_run3_20260722_181845.json,1307,8f0e268bfb08449597d138e20dfd689c,3,2f6493809ed346ea93a1a0f4dce36f2a,324,m_mutation,absent,eb599e280fcb2badbefc7f4950e1deb5bcdd48407917d6b339ee738f4cb54c78,3977,False,analyze,analyze;reason;evaluate,False,3890,0.5,False,top500,False,1,103
ea_llm_self_adaptive_api_1307_run3_20260722_181845.json,1307,3b6da0f7c0844aa2835848130c72152b,3,f57123d070414ea68ebf894fe8486bf2,329,ml_mutation,genuine,abbf7bd8090a2752fc4ebe3309a5c2fb48d48f4dd3f35f537a17f20ec25094d8,4337,False,sight,sight;sound;touch,False,2839,0.3,False,top500,False,1,154
ea_llm_self_adaptive_api_1307_run3_20260722_181845.json,1307,3b6da0f7c0844aa2835848130c72152b,3,f57123d070414ea68ebf894fe8486bf2,329,ml_mutation,wrong,5387aa98f470054d650d5f652b42294defc645d4daab754fa5fbf2a8c09decfc,4247,False,effect,effect;impact;influence,False,4908,0.6,False,top500,False,1,139
ea_llm_self_adaptive_api_1307_run3_20260722_181845.json,1307,3b6da0f7c0844aa2835848130c72152b,3,f57123d070414ea68ebf894fe8486bf2,329,ml_mutation,filler,ed63bb08fa477c6dc251ce87c864eeccae84c62fe27154c35f9cf4817f69046b,4368,False,interpret,interpret;understand;comprehend,False,3854,0.6,False,top500,False,1,221
ea_llm_self_adaptive_api_1307_run3_20260722_181845.json,1307,3b6da0f7c0844aa2835848130c72152b,3,f57123d070414ea68ebf894fe8486bf2,329,ml_mutation,absent,9e47a39705afffe86dceda1b6bce69550469742eb1449d8472d5ea37c4790fa4,4027,False,awareness,awareness;sensation;interpretation,False,559,0.4,False,top500,False,1,167
ea_llm_self_adaptive_api_1307_run3_20260722_181845.json,1307,0ad4a432e58649fd87e1eece3e83b4e0,3,054f49ea8a234fe3853d48a6ea0b0935,337,m_mutation,genuine,2ba758f300ab8df0110a5570c1687db09518f60f4f178e46251dc946060acfaa,4345,False,defend,defend;honor;safeguard,False,1377,0.6,False,top500,False,1,162
ea_llm_self_adaptive_api_1307_run3_20260722_181845.json,1307,0ad4a432e58649fd87e1eece3e83b4e0,3,054f49ea8a234fe3853d48a6ea0b0935,337,m_mutation,wrong,a485a28487a087c55d8b661092b14ac2c4874e0eb5dc4b0546b2a8e81a37ad51,4299,False,defend,defend;safeguard;protect,False,1377,0.4,False,top500,False,1,154
ea_llm_self_adaptive_api_1307_run3_20260722_181845.json,1307,0ad4a432e58649fd87e1eece3e83b4e0,3,054f49ea8a234fe3853d48a6ea0b0935,337,m_mutation,filler,edb913ecf36dbf61e08b14212a70d7277eaec7854daa1d5e14b2bd19aa0ee225,4321,False,defend,defend;safeguard;enforce,False,1377,0.7,False,top100,False,1,106
ea_llm_self_adaptive_api_1307_run3_20260722_181845.json,1307,0ad4a432e58649fd87e1eece3e83b4e0,3,054f49ea8a234fe3853d48a6ea0b0935,337,m_mutation,absent,0fc4021f941c93f30cb0d022509a09851befb47018f8de4e183bd780b0e416e3,4056,False,defend,defend;protect;advocate,False,1377,0.5,False,top500,False,1,156
ea_llm_self_adaptive_api_1307_run3_20260722_181845.json,1307,60a7bf65e8e2410dabeb8d18e1ca6670,4,3b6da0f7c0844aa2835848130c72152b,38,ml_mutation,genuine,703f722adcd16ae4f964a3324fad3c445b296148d28065112298f73cb0c990cf,4689,False,interpret,interpret;understand;judge,False,3854,0.3,False,top500,False,1,148
ea_llm_self_adaptive_api_1307_run3_20260722_181845.json,1307,60a7bf65e8e2410dabeb8d18e1ca6670,4,3b6da0f7c0844aa2835848130c72152b,38,ml_mutation,wrong,9258dc624df91f373a7b8c026a5610741708880e02fa534d7960ae052496b52c,4645,False,reflect,reflect;contemplate;realize,False,364,0.5,False,top500,False,1,219
ea_llm_self_adaptive_api_1307_run3_20260722_181845.json,1307,60a7bf65e8e2410dabeb8d18e1ca6670,4,3b6da0f7c0844aa2835848130c72152b,38,ml_mutation,filler,e7cab6bb2ef96b3880d556a07c3d03246f80924117bc13a2569bfe1f01e4c158,4662,False,see,see;hear;listen,False,865,0.6,False,top100,False,1,214
ea_llm_self_adaptive_api_1307_run3_20260722_181845.json,1307,60a7bf65e8e2410dabeb8d18e1ca6670,4,3b6da0f7c0844aa2835848130c72152b,38,ml_mutation,absent,14047f070ffcf6ba83e72b01588d880ef7c3ce20b402e1702c6bdda8045110f5,4397,False,processing,processing;response;mind,False,6900,0.3,False,top500,False,1,211
ea_llm_self_adaptive_api_1307_run3_20260722_181845.json,1307,a4e157032b624126b454e2e396db121f,4,fad4f71cb1424356aca92e3e68063a5f,70,l_mutation,genuine,b58aea1d1996b55a44ec42b939baa8a44a2a8af48649bba0160fd62f1d1c1d25,4993,False,norm,norm;community;ritual,False,968,0.3,False,top500,False,1,133
ea_llm_self_adaptive_api_1307_run3_20260722_181845.json,1307,a4e157032b624126b454e2e396db121f,4,fad4f71cb1424356aca92e3e68063a5f,70,l_mutation,wrong,f69af3c756bcd09af79f743dd47372087c2b832cf84e7f22f53ec9daf23668b2,4944,False,position,position;alignment;configuration,False,3435,0.2,False,beyond,False,1,216
ea_llm_self_adaptive_api_1307_run3_20260722_181845.json,1307,a4e157032b624126b454e2e396db121f,4,fad4f71cb1424356aca92e3e68063a5f,70,l_mutation,filler,46eac69a5b0502300c919151622e59c95f5da78b40a88f2b2035e9797b6767b3,5013,False,norm,norm;value;tradition,False,968,0.3,False,beyond,False,1,149
ea_llm_self_adaptive_api_1307_run3_20260722_181845.json,1307,a4e157032b624126b454e2e396db121f,4,fad4f71cb1424356aca92e3e68063a5f,70,l_mutation,absent,1e06b6438a86218b358f4b8d1833deec0d08ca3443ef8cfe508198d59b36e7f7,4672,False,tradition,tradition;custom;ritual,False,555,0.4,False,top500,False,1,114
ea_llm_self_adaptive_api_1307_run3_20260722_181845.json,1307,f28e3bcdc9c04bffb32f64414372e1b6,4,04cbe8d2527645988c5f5d03b3a88712,206,m_mutation,genuine,476ccf325698004e77570181e73f28a63330be42a79bdd161009d6f81e5a1a2b,4789,False,structure,structure;property;nature,False,3989,0.3,False,top500,False,1,159
ea_llm_self_adaptive_api_1307_run3_20260722_181845.json,1307,f28e3bcdc9c04bffb32f64414372e1b6,4,04cbe8d2527645988c5f5d03b3a88712,206,m_mutation,wrong,d9c5bc6f61cfd21f5a6c7044327c8fd343b2853676db34f0fecbf87b144ecf50,4819,False,trait,trait;quality;property,False,658,0.6,False,top500,False,1,112
ea_llm_self_adaptive_api_1307_run3_20260722_181845.json,1307,f28e3bcdc9c04bffb32f64414372e1b6,4,04cbe8d2527645988c5f5d03b3a88712,206,m_mutation,filler,d47a335a36ed0ec9ce8d9ca1f7c4401aa9d6b3b81c7f4fa980a879b66c5cab35,4803,False,texture,texture;quality;trait,False,7043,0.5,False,top500,False,3,139
ea_llm_self_adaptive_api_1307_run3_20260722_181845.json,1307,f28e3bcdc9c04bffb32f64414372e1b6,4,04cbe8d2527645988c5f5d03b3a88712,206,m_mutation,absent,a12c1c7c683f7e925bb5108fe026dc089f02335b7d0e5333894506cd509fae34,4575,False,trait,trait;quality;attribute,False,658,0.5,False,top500,False,1,175
ea_llm_self_adaptive_api_1307_run3_20260722_181845.json,1307,0feb32be3ea44ea1918173e4f3dd0be3,4,8f0e268bfb08449597d138e20dfd689c,267,s_mutation,genuine,d08cc9df4f1ebf8d685bcf63d269b39ce9c784c94bdedebab1e57133ea72f340,4737,False,infer,infer;conclude;derive,False,11045,0.75,False,top500,False,1,128
ea_llm_self_adaptive_api_1307_run3_20260722_181845.json,1307,0feb32be3ea44ea1918173e4f3dd0be3,4,8f0e268bfb08449597d138e20dfd689c,267,s_mutation,wrong,ebed94f62817e0cd9468d37bf6336bec356e9ac5454d21187dcdecc2bc92cd44,4728,False,infer,infer;discern;comprehend,False,11045,0.6,False,top500,False,1,142
ea_llm_self_adaptive_api_1307_run3_20260722_181845.json,1307,0feb32be3ea44ea1918173e4f3dd0be3,4,8f0e268bfb08449597d138e20dfd689c,267,s_mutation,filler,80ca2d66e4e5df1d37b25312f01e76ab1300c83815fff519ea9b8086f998ea91,4725,False,infer,infer;conclude;justify,False,11045,0.6,False,top500,False,1,99
ea_llm_self_adaptive_api_1307_run3_20260722_181845.json,1307,0feb32be3ea44ea1918173e4f3dd0be3,4,8f0e268bfb08449597d138e20dfd689c,267,s_mutation,absent,21ec3b13cc04faf2adba0ae2d4e39b276bd65479b85c67dde38c27d98974ba4d,4497,False,infer,infer;conclude;justify,False,11045,0.6,False,top500,False,1,178
ea_llm_self_adaptive_api_1307_run3_20260722_181845.json,1307,f9f831d95735481bb65b77072bbcaa76,5,fad4f71cb1424356aca92e3e68063a5f,31,m_mutation,genuine,cee0beedd57a28db80e46c2f3456a9e51065926f50463eb27375842ab8d86bca,5348,False,stance,stance;posture;position,False,1223,0.4,False,top500,False,1,141
ea_llm_self_adaptive_api_1307_run3_20260722_181845.json,1307,f9f831d95735481bb65b77072bbcaa76,5,fad4f71cb1424356aca92e3e68063a5f,31,m_mutation,wrong,a970320932a77b2350aae4092e8049619bfe3bb35d900b3dfe798b01396fe7a9,5306,False,pose,pose;stiff;lean,False,6015,0.4,False,top500,False,1,118
ea_llm_self_adaptive_api_1307_run3_20260722_181845.json,1307,f9f831d95735481bb65b77072bbcaa76,5,fad4f71cb1424356aca92e3e68063a5f,31,m_mutation,filler,337bae28b19e2a88eef50d72a3a60c5e51e8d98c67dd5fd1194e9150772c00b3,5368,False,posture,posture;stance;orientation,False,4161,0.2,False,beyond,False,1,101
ea_llm_self_adaptive_api_1307_run3_20260722_181845.json,1307,f9f831d95735481bb65b77072bbcaa76,5,fad4f71cb1424356aca92e3e68063a5f,31,m_mutation,absent,70e4b87844c84f2c086afa3d3ad5329dd27c93ee603d731455b6f4c4a66ba966,5027,False,posture,posture;orientation;stance,False,4161,0.5,False,top100,False,1,133
ea_llm_self_adaptive_api_1307_run3_20260722_181845.json,1307,4426a14c4c374a779c6bc575a7099ed6,5,3b6da0f7c0844aa2835848130c72152b,38,ml_mutation,genuine,74dc67f0bb6836779b9c35167f2e8f2ae2fcbe26eaeb054e75a2988efb89c663,5310,False,mental,mental;cognitive;aware,False,1358,0.3,False,top500,False,1,183
ea_llm_self_adaptive_api_1307_run3_20260722_181845.json,1307,4426a14c4c374a779c6bc575a7099ed6,5,3b6da0f7c0844aa2835848130c72152b,38,ml_mutation,wrong,2381f40320942cc1723f9a4d808d89875f560dec6cfec9511539bf0b33253c6a,5250,False,create,create;decide;design,False,2164,0.3,False,top500,False,1,200
ea_llm_self_adaptive_api_1307_run3_20260722_181845.json,1307,4426a14c4c374a779c6bc575a7099ed6,5,3b6da0f7c0844aa2835848130c72152b,38,ml_mutation,filler,b787b3446d9569243885927d07b03785f08230abe0b2685c5efd0e8086f9ba40,5283,False,perceive,perceive;understand;interpret,False,632,0.6,False,top500,False,1,196
ea_llm_self_adaptive_api_1307_run3_20260722_181845.json,1307,4426a14c4c374a779c6bc575a7099ed6,5,3b6da0f7c0844aa2835848130c72152b,38,ml_mutation,absent,4bc7ad52e680eae4e36405be569b3eb4a771aaaff1b9e58305b974e6e1a3efb3,5018,False,perceive,perceive;identify;observe,False,632,0.7,False,top100,False,1,159
ea_llm_self_adaptive_api_1307_run3_20260722_181845.json,1307,7319b9f5623e4f8abf641cd23880624a,5,f28e3bcdc9c04bffb32f64414372e1b6,75,l_mutation,genuine,8d5e63401bc451c969e8eaca5b123c2a083d85cff3c3413b9db4d44a757a9360,5548,False,environment,environment;context;setting,False,1605,0.3,False,top500,False,2,201
ea_llm_self_adaptive_api_1307_run3_20260722_181845.json,1307,7319b9f5623e4f8abf641cd23880624a,5,f28e3bcdc9c04bffb32f64414372e1b6,75,l_mutation,wrong,41da0667d3a5b95321bc0b83c182114bd5a8f69150d7c8eff6c27740f6da8012,5489,False,being,being;existence;presence,True,,0.4,False,top500,False,1,194
ea_llm_self_adaptive_api_1307_run3_20260722_181845.json,1307,7319b9f5623e4f8abf641cd23880624a,5,f28e3bcdc9c04bffb32f64414372e1b6,75,l_mutation,filler,58cb666b46a7c038d5eced76fa4572d78f091f0aa7ee448c0fe7a6be99518e4c,5510,False,form,form;pattern;principle,False,3291,0.3,False,top500,False,1,151
ea_llm_self_adaptive_api_1307_run3_20260722_181845.json,1307,7319b9f5623e4f8abf641cd23880624a,5,f28e3bcdc9c04bffb32f64414372e1b6,75,l_mutation,absent,b8b6b55fa46821dca5c551badb18cc28e5b786c832c339a2c9b2361e74cbd3f0,5245,False,flux,flux;morph;shift,False,16890,0.3,False,top500,False,1,189
ea_llm_self_adaptive_api_1307_run3_20260722_181845.json,1307,b848982c964742bfa793c41f941329bb,5,a4e157032b624126b454e2e396db121f,161,m_mutation,genuine,41d91aea537bf1234c93d0764e26f0478fd8532c0b5a7348e9b14957e6474bd8,5364,False,axioms,axioms;laws;theorems,False,6598,0.6,False,top500,False,1,148
ea_llm_self_adaptive_api_1307_run3_20260722_181845.json,1307,b848982c964742bfa793c41f941329bb,5,a4e157032b624126b454e2e396db121f,161,m_mutation,wrong,be742a954128efacb9cf376dc55aaf4b834d40a9c9be7e03a6decf999832b8c9,5317,False,axiom,axiom;law;corollary,False,6598,0.25,False,beyond,False,1,199
ea_llm_self_adaptive_api_1307_run3_20260722_181845.json,1307,b848982c964742bfa793c41f941329bb,5,a4e157032b624126b454e2e396db121f,161,m_mutation,filler,922d2d6b0bcce45fa06d9f7bd9c64309298dcc53c34499a121895f7f801081b0,5365,False,axioms,axioms;tenets;postulates,False,6598,0.5,False,top500,False,1,182
ea_llm_self_adaptive_api_1307_run3_20260722_181845.json,1307,b848982c964742bfa793c41f941329bb,5,a4e157032b624126b454e2e396db121f,161,m_mutation,absent,ca28881fb6f291cebc8bdd354b44293bd3b12f6b47130a4d608ba8b231949435,5100,False,axioms,axioms;tenets;postulates,False,6598,0.7,False,top100,False,1,93
ea_llm_self_adaptive_api_1307_run3_20260722_181845.json,1307,9223dc553dca4eae92a3bbe9c42de624,6,fad4f71cb1424356aca92e3e68063a5f,31,l_mutation,genuine,9179be54473cbfd6fec625c0f250d07df8ccca698b4cf7dde98670b0658413c8,5933,False,layout,layout;placement;alignment,False,7478,0.35,False,top500,False,1,182
ea_llm_self_adaptive_api_1307_run3_20260722_181845.json,1307,9223dc553dca4eae92a3bbe9c42de624,6,fad4f71cb1424356aca92e3e68063a5f,31,l_mutation,wrong,661853738c4eb81e1b8d781aad62ffd24ebe30837e0c599804227801e9d414b4,5874,False,direction,direction;angle;position,False,2441,0.3,False,top500,False,1,217
ea_llm_self_adaptive_api_1307_run3_20260722_181845.json,1307,9223dc553dca4eae92a3bbe9c42de624,6,fad4f71cb1424356aca92e3e68063a5f,31,l_mutation,filler,47667e51b87fdfbbe70648e216e2ac317fb0f931709cba77b5bbca7d94413916,5953,False,material,material;surface;density,False,2998,0.2,False,beyond,False,1,218
ea_llm_self_adaptive_api_1307_run3_20260722_181845.json,1307,9223dc553dca4eae92a3bbe9c42de624,6,fad4f71cb1424356aca92e3e68063a5f,31,l_mutation,absent,1c8cbda05d2cde5200b0f977494229ca2f5c9689abee674e0f9cd60148cb8ab0,5612,False,space,space;shape;form,False,4563,0.4,False,top500,False,1,221
ea_llm_self_adaptive_api_1307_run3_20260722_181845.json,1307,f437b777edc942d6b0bcd791c36c2f59,6,3b6da0f7c0844aa2835848130c72152b,38,m_mutation,genuine,c376811fa6a589928e5b2e853dc950f38a4b9269ebc6693f3c2d74bf4b0d12e6,5861,False,semantics,semantics;lexicon;significance,False,4016,0.5,False,top500,False,1,126
ea_llm_self_adaptive_api_1307_run3_20260722_181845.json,1307,f437b777edc942d6b0bcd791c36c2f59,6,3b6da0f7c0844aa2835848130c72152b,38,m_mutation,wrong,ae45fb511fd66a86cdc4264763d92c9b5a5e5f164e55cec71a098bda8dda3a2d,5816,False,discern,discern;realize;mind,False,1342,0.5,False,top500,False,1,181
ea_llm_self_adaptive_api_1307_run3_20260722_181845.json,1307,f437b777edc942d6b0bcd791c36c2f59,6,3b6da0f7c0844aa2835848130c72152b,38,m_mutation,filler,3de8aab7431c9d6497f03f2e4281e7cb31590935bb43013c59b6923bbb03102b,5834,False,aware,aware;grasp;meaning,False,775,0.6,False,top500,False,1,76
ea_llm_self_adaptive_api_1307_run3_20260722_181845.json,1307,f437b777edc942d6b0bcd791c36c2f59,6,3b6da0f7c0844aa2835848130c72152b,38,m_mutation,absent,fdbe790da5a38e5bc10ea1089a81f0da16ebfbbe0cc33b88d016f8d535bd3633,5569,False,understand,understand;know;consciousness,False,193,0.3,False,top500,False,1,127
ea_llm_self_adaptive_api_1307_run3_20260722_181845.json,1307,92b0e7774a214023aae5327c3ba83bcd,6,f28e3bcdc9c04bffb32f64414372e1b6,75,s_mutation,genuine,e23a8466e98d22e6a627a66265fc40edd95907141373a9c71c9ab38016f9968a,5787,False,feature,feature;merit;texture,False,7147,0.6,False,top500,False,2,117
ea_llm_self_adaptive_api_1307_run3_20260722_181845.json,1307,92b0e7774a214023aae5327c3ba83bcd,6,f28e3bcdc9c04bffb32f64414372e1b6,75,s_mutation,wrong,bdae7a0d06f287e8dfec9337b8c304c764a59f940493b5a0765543f5b57eb9cd,5728,False,core,core;principle;facet,False,1692,0.7,False,top100,False,2,123
ea_llm_self_adaptive_api_1307_run3_20260722_181845.json,1307,92b0e7774a214023aae5327c3ba83bcd,6,f28e3bcdc9c04bffb32f64414372e1b6,75,s_mutation,filler,0f85d00a84b2f295d91e8a791430ed904a42a0bff24ed862dffc56f71b2244b4,5749,False,intrinsic,intrinsic;aspects;essence,False,1503,0.6,False,top500,False,1,145
ea_llm_self_adaptive_api_1307_run3_20260722_181845.json,1307,92b0e7774a214023aae5327c3ba83bcd,6,f28e3bcdc9c04bffb32f64414372e1b6,75,s_mutation,absent,1d5e952cb2509bcc222babadf421ad5baa81a331e4191a58ff97aad5db0fba30,5484,False,intrinsic,intrinsic;faculty;endowment,False,1503,0.6,False,top500,False,2,130
ea_llm_self_adaptive_api_1307_run3_20260722_181845.json,1307,e2c85d95acc844ce948cb464d51d75d1,6,a4e157032b624126b454e2e396db121f,161,s_mutation,genuine,dc510b78d0a2f94dfb4b7f949118ac31b63aa50c1a33cb0b85c54462cd53488a,5766,False,ethics,ethics;standards;doctrines,False,36,0.5,False,top500,False,1,72
ea_llm_self_adaptive_api_1307_run3_20260722_181845.json,1307,e2c85d95acc844ce948cb464d51d75d1,6,a4e157032b624126b454e2e396db121f,161,s_mutation,wrong,13a16b8be69d3a5374ea92fd3fdcca04cf9ac4b137efa34ad0c887fbe5e82239,5725,False,tenets,tenets;doctrines;ethos,False,645,0.6,False,top500,False,1,102
ea_llm_self_adaptive_api_1307_run3_20260722_181845.json,1307,e2c85d95acc844ce948cb464d51d75d1,6,a4e157032b624126b454e2e396db121f,161,s_mutation,filler,04f01971de7d23808f66f386146ef0e245d710a1a56ab7da977beb223624cbba,5767,False,rules,rules;guidelines;standards,False,1108,0.6,False,top500,False,1,128
ea_llm_self_adaptive_api_1307_run3_20260722_181845.json,1307,e2c85d95acc844ce948cb464d51d75d1,6,a4e157032b624126b454e2e396db121f,161,s_mutation,absent,564b6713b1aa4e532d6c8d2fd4e5515b8cd818c917ee1d16c108834806818906,5502,False,tenets,tenets;doctrines;foundations,False,645,0.6,False,top500,False,1,130
ea_llm_self_adaptive_api_1307_run3_20260722_181845.json,1307,ab3293994db1442daddc45714ca7eb3f,7,fad4f71cb1424356aca92e3e68063a5f,31,l_mutation,genuine,dc84c24683b5b35eefbf1b4bb7a2d2eb0abe66d5ac36e1fd8cd6986caeb744b7,6435,False,motion,motion;direction;flow,False,12671,0.3,False,top500,False,1,163
ea_llm_self_adaptive_api_1307_run3_20260722_181845.json,1307,ab3293994db1442daddc45714ca7eb3f,7,fad4f71cb1424356aca92e3e68063a5f,31,l_mutation,wrong,e66d5c61d0e38b6f5ba8da0cdd1be5989b8cf371c590553e2d2ff69b93159a44,6393,False,land,land;valley;hill,False,6974,0.2,False,beyond,False,1,192
ea_llm_self_adaptive_api_1307_run3_20260722_181845.json,1307,ab3293994db1442daddc45714ca7eb3f,7,fad4f71cb1424356aca92e3e68063a5f,31,l_mutation,filler,daf9e8c70ce248a1101c506423befb58dd3c15c0785563699dc49e1c94ee7f47,6455,False,social,social;context;situation,False,1155,0.5,False,top500,False,1,156
ea_llm_self_adaptive_api_1307_run3_20260722_181845.json,1307,ab3293994db1442daddc45714ca7eb3f,7,fad4f71cb1424356aca92e3e68063a5f,31,l_mutation,absent,10135cf302aea62999747af32b40ae6b48de734b194ade7b38598fb5dd7368e1,6114,False,rock,rock;cave;ice,False,3953,0.1,False,beyond,False,1,147
ea_llm_self_adaptive_api_1307_run3_20260722_181845.json,1307,351693555bf84e3eac6a6ab255b94d3d,7,3b6da0f7c0844aa2835848130c72152b,38,ml_mutation,genuine,ac00a54690fdd50ce22b68f3a34b32a80d85cb48000f7348c32563923a274ce4,6368,False,focus,focus;concentration;intent,False,668,0.7,False,top100,False,1,141
ea_llm_self_adaptive_api_1307_run3_20260722_181845.json,1307,351693555bf84e3eac6a6ab255b94d3d,7,3b6da0f7c0844aa2835848130c72152b,38,ml_mutation,wrong,415d7825773efd1a1e98312ce1786c2cfd0cf7188a7eef489fbbe17ebfd01d04,6308,False,method,method;plan;approach,False,3942,0.4,False,top500,False,1,182
ea_llm_self_adaptive_api_1307_run3_20260722_181845.json,1307,351693555bf84e3eac6a6ab255b94d3d,7,3b6da0f7c0844aa2835848130c72152b,38,ml_mutation,filler,3fb4d2e99399b312c774a43fb023d2f2ab2369b3d0b7c11634182c9d38e82ce1,6341,False,imagine,imagine;discern;identify,False,1310,0.5,False,top500,False,1,162
ea_llm_self_adaptive_api_1307_run3_20260722_181845.json,1307,351693555bf84e3eac6a6ab255b94d3d,7,3b6da0f7c0844aa2835848130c72152b,38,ml_mutation,absent,35065e22689f9cb50773453d648fe9cd0ae699475871fd142fbe62670d68b547,6076,False,biological,biological;reaction;response,False,13793,0.2,False,beyond,False,2,183
ea_llm_self_adaptive_api_1307_run3_20260722_181845.json,1307,cc80bcd197c44239a447711e2053b9a0,7,f28e3bcdc9c04bffb32f64414372e1b6,75,l_mutation,genuine,f2719b973c7920113e48bc0473cd6b252ca2b1eb1f42c20e636e58f1688c5fa1,6538,False,function,function;system;dynamic,False,3561,0.3,False,top500,False,1,179
ea_llm_self_adaptive_api_1307_run3_20260722_181845.json,1307,cc80bcd197c44239a447711e2053b9a0,7,f28e3bcdc9c04bffb32f64414372e1b6,75,l_mutation,wrong,3efa0f6178458dee5a3f1ad995bc087501cafe851135713fcd5ad46b88249e6e,6463,False,model,model;archetype;prototype,False,7175,0.3,False,top500,False,1,173
ea_llm_self_adaptive_api_1307_run3_20260722_181845.json,1307,cc80bcd197c44239a447711e2053b9a0,7,f28e3bcdc9c04bffb32f64414372e1b6,75,l_mutation,filler,397963f52296f605afcc53b68453d7b2352243827ab21ce61255c9af4bac940f,6500,False,existential,existential;ontological;dimension,False,2911,0.3,False,top500,False,2,191
ea_llm_self_adaptive_api_1307_run3_20260722_181845.json,1307,cc80bcd197c44239a447711e2053b9a0,7,f28e3bcdc9c04bffb32f64414372e1b6,75,l_mutation,absent,e8014acbe56985f364d1f6ed64ca58c3a7f5a6998e31b3723ddee981950b0811,6235,False,temporal,temporal;dynamic;evolve,False,8885,0.4,False,top500,False,1,147
ea_llm_self_adaptive_api_1307_run3_20260722_181845.json,1307,74e53c8971db43f581c8467c71740e65,7,92b0e7774a214023aae5327c3ba83bcd,153,ml_mutation,genuine,9a61aa493c090c443c41fb10c7ef6d1e0547376f8c120484c109d83b8fe0f062,6186,False,trait,trait;quality;property,False,658,0.6,False,top500,False,2,135
ea_llm_self_adaptive_api_1307_run3_20260722_181845.json,1307,74e53c8971db43f581c8467c71740e65,7,92b0e7774a214023aae5327c3ba83bcd,153,ml_mutation,wrong,7300c41e6c269e7ffe71852d3d0e4f3831ca7a85b1b54ade69eb53a7f03299f8,6175,False,sort,sort;type;manner,False,934,0.4,False,top500,False,1,256
ea_llm_self_adaptive_api_1307_run3_20260722_181845.json,1307,74e53c8971db43f581c8467c71740e65,7,92b0e7774a214023aae5327c3ba83bcd,153,ml_mutation,filler,0c1ca935b014f1433f0e0749b93afdda4e7c1b116f4af1c25a3c4095ca83316a,6203,False,function,function;role;purpose,False,3561,0.5,False,top500,False,1,166
ea_llm_self_adaptive_api_1307_run3_20260722_181845.json,1307,74e53c8971db43f581c8467c71740e65,7,92b0e7774a214023aae5327c3ba83bcd,153,ml_mutation,absent,7a1db446210e757b6acff36889e1f245df2171f36f9f0eebc2e79ce82f55b3b1,5938,False,trait,trait;quality;property,False,658,0.7,False,top100,False,3,123
ea_llm_self_adaptive_api_1307_run3_20260722_181845.json,1307,bcce89a85bba46668140a0e9affd2134,8,b711f3e774234e93bdcca1957fe5c65d,11,m_mutation,genuine,5278febb45efb1bb37c04566ab1282728bea0ced8b2dd2be438a6a066b84fcb0,6545,False,deed,deed;act;habit,False,1136,0.7,False,top100,False,1,179
ea_llm_self_adaptive_api_1307_run3_20260722_181845.json,1307,bcce89a85bba46668140a0e9affd2134,8,b711f3e774234e93bdcca1957fe5c65d,11,m_mutation,wrong,163891a566008e202ab7d874894451c43b6be687fca447c06da986d6cc3b9c44,6491,False,generosity,generosity;hospitality;courtesy,False,15,0.6,False,top500,False,1,95
ea_llm_self_adaptive_api_1307_run3_20260722_181845.json,1307,bcce89a85bba46668140a0e9affd2134,8,b711f3e774234e93bdcca1957fe5c65d,11,m_mutation,filler,d380d18def43457c8b6e1941882ea0d592be92cd2d0afde75fa1e7761c7ba98f,6521,False,deed,deed;gift;smile,False,1136,0.6,False,top100,False,1,93
ea_llm_self_adaptive_api_1307_run3_20260722_181845.json,1307,bcce89a85bba46668140a0e9affd2134,8,b711f3e774234e93bdcca1957fe5c65d,11,m_mutation,absent,aa3662f77f7b0ad6d44d26c653817d22f8add9b42a2d363f0990ca2d4300eac9,6256,False,act,act;deed;help,False,1228,0.6,False,top500,False,3,185
ea_llm_self_adaptive_api_1307_run3_20260722_181845.json,1307,210bb515c96744b5851499d80383f869,8,fad4f71cb1424356aca92e3e68063a5f,31,ml_mutation,genuine,a78b97da36ac850441033cfa3ab64d3b6298ba4798c4866c43d4633b70e0c618,6787,False,behavior,behavior;norm;custom,False,785,0.7,False,top500,False,1,178
ea_llm_self_adaptive_api_1307_run3_20260722_181845.json,1307,210bb515c96744b5851499d80383f869,8,fad4f71cb1424356aca92e3e68063a5f,31,ml_mutation,wrong,285d918a86791975259fc9113ba56bbba82411597c61c1da681946ff8791800c,6729,False,norm,norm;value;role,False,968,0.6,False,top500,False,1,161
ea_llm_self_adaptive_api_1307_run3_20260722_181845.json,1307,210bb515c96744b5851499d80383f869,8,fad4f71cb1424356aca92e3e68063a5f,31,ml_mutation,filler,ff3e466b966d3b93888a301c3225b292259d4ea93861e734ad09f215eb807236,6807,False,norm,norm;bias;tradition,False,968,0.7,False,top100,False,1,169
ea_llm_self_adaptive_api_1307_run3_20260722_181845.json,1307,210bb515c96744b5851499d80383f869,8,fad4f71cb1424356aca92e3e68063a5f,31,ml_mutation,absent,b9caab62b4478b64fbfa0c139b30d2646b91913bd4b6a358883ea940e7d8e159,6466,False,approach,approach;frame;viewpoint,False,368,0.3,False,top500,False,2,177
ea_llm_self_adaptive_api_1307_run3_20260722_181845.json,1307,37389d819b05443b9d8b17832ca45c97,8,3b6da0f7c0844aa2835848130c72152b,38,l_mutation,genuine,0a09c95195719ddf69d06134a3c4f01df4cc3afb80e6edc7fe2831fa199af834,6864,False,move,move;direction;travel,False,3148,0.3,False,top500,False,1,141
ea_llm_self_adaptive_api_1307_run3_20260722_181845.json,1307,37389d819b05443b9d8b17832ca45c97,8,3b6da0f7c0844aa2835848130c72152b,38,l_mutation,wrong,fb5c37c9230a308b9a1006a4b65b3d9d1eb36604dfe707ec40289fcc95f5dbd1,6819,False,mind,mind;behavior;abstraction,False,343,0.3,False,top500,False,1,144
ea_llm_self_adaptive_api_1307_run3_20260722_181845.json,1307,37389d819b05443b9d8b17832ca45c97,8,3b6da0f7c0844aa2835848130c72152b,38,l_mutation,filler,6a9d4ab1e7709ba37da684f1bd4086c4717790bd1ce7d98c0b884cfee8def820,6837,False,mind,mind;reasoning;mentality,False,343,0.3,False,top500,False,1,185
ea_llm_self_adaptive_api_1307_run3_20260722_181845.json,1307,37389d819b05443b9d8b17832ca45c97,8,3b6da0f7c0844aa2835848130c72152b,38,l_mutation,absent,71d291d5405f443f52c61c67b98556546b83a2749a141615bbb0748269689f2b,6572,False,motion,motion;path;track,False,12671,0.3,False,top500,False,1,162
ea_llm_self_adaptive_api_1307_run3_20260722_181845.json,1307,fa49c69d0ee6481bbd8362aec02028b7,8,f28e3bcdc9c04bffb32f64414372e1b6,75,m_mutation,genuine,aeeb19aafa03431a98b27b99d7096c27beb9ea8f17e8c24bbb2b02f2ae34ad9a,6806,False,rate,rate;test;grade,False,6886,0.5,False,top500,False,1,99
ea_llm_self_adaptive_api_1307_run3_20260722_181845.json,1307,fa49c69d0ee6481bbd8362aec02028b7,8,f28e3bcdc9c04bffb32f64414372e1b6,75,m_mutation,wrong,1903639bbbd3fafe46bd90b9f9dad376fa7be3e896c3afdb35fbd5fd13418dbd,6740,False,standard,standard;measure;grade,False,447,0.6,False,top100,False,1,141
ea_llm_self_adaptive_api_1307_run3_20260722_181845.json,1307,fa49c69d0ee6481bbd8362aec02028b7,8,f28e3bcdc9c04bffb32f64414372e1b6,75,m_mutation,filler,67adc5e56e8bded92188509987188c2ed371a5aa690e723b85b135e1446e3511,6768,False,appraise,appraise;standard;criterion,False,5074,0.7,False,top100,False,1,182
ea_llm_self_adaptive_api_1307_run3_20260722_181845.json,1307,fa49c69d0ee6481bbd8362aec02028b7,8,f28e3bcdc9c04bffb32f64414372e1b6,75,m_mutation,absent,618af1fa565efca55a6f53f1e4bb721020d5c3760040bc70bca51b3912fb6ea0,6503,False,criterion,criterion;standard;measure,False,1920,0.4,False,top500,False,1,126
ea_llm_self_adaptive_api_1307_run3_20260722_181845.json,1307,35a24e35b8b9455983610daa3de8d268,9,b711f3e774234e93bdcca1957fe5c65d,11,l_mutation,genuine,af6c63d5255bd7f81c2fb04e5d6587eaad535b3f9617cd504a632e4bd11bb215,7119,False,wellness,wellness;health;fitness,False,3803,0.3,False,top500,False,1,146
ea_llm_self_adaptive_api_1307_run3_20260722_181845.json,1307,35a24e35b8b9455983610daa3de8d268,9,b711f3e774234e93bdcca1957fe5c65d,11,l_mutation,wrong,f2ca96d0dd15f116480f8f5ff1c583480a1791a0491fcba81c8086597b5807c0,7071,False,generosity,generosity;fairness;warmth,False,15,0.3,False,top500,False,1,129
ea_llm_self_adaptive_api_1307_run3_20260722_181845.json,1307,35a24e35b8b9455983610daa3de8d268,9,b711f3e774234e93bdcca1957fe5c65d,11,l_mutation,filler,540c74b152bc2370ec0f503f3698e1f45eac2c92f5faeae28a43e97f41bcc6e4,7095,False,growth,growth;cycle;flow,False,3825,0.3,False,top500,False,1,190
ea_llm_self_adaptive_api_1307_run3_20260722_181845.json,1307,35a24e35b8b9455983610daa3de8d268,9,b711f3e774234e93bdcca1957fe5c65d,11,l_mutation,absent,9fea135c8b9d5abbba4763a5ff30856ff810ae4bc4e70c3c0b42d75eb14a6aeb,6830,False,networks,networks;connections;link,False,3246,0.4,False,top500,False,1,183
ea_llm_self_adaptive_api_1307_run3_20260722_181845.json,1307,2f27ac295686413788adc1b50630780d,9,210bb515c96744b5851499d80383f869,26,l_mutation,genuine,394e710b4882cd7867c759ca40c8e684213487c55adfa66429066e111fc03e9e,7303,False,grace,grace;propriety;decorum,False,445,0.3,False,top500,False,1,143
ea_llm_self_adaptive_api_1307_run3_20260722_181845.json,1307,2f27ac295686413788adc1b50630780d,9,210bb515c96744b5851499d80383f869,26,l_mutation,wrong,3ee8f328bb0d3f93ae425f67e3e244f6650d885678b2d37b0c77db77180f9890,7204,False,space,space;zone;area,False,4563,0.3,False,top500,False,1,170
ea_llm_self_adaptive_api_1307_run3_20260722_181845.json,1307,2f27ac295686413788adc1b50630780d,9,210bb515c96744b5851499d80383f869,26,l_mutation,filler,8b488f5a7a378a0b0b104f4b9de882dff738bb6e34c4f72e88188de084ee7067,7306,False,spatial,spatial;contextual;environmental,False,13703,0.3,False,top500,False,1,199
ea_llm_self_adaptive_api_1307_run3_20260722_181845.json,1307,2f27ac295686413788adc1b50630780d,9,210bb515c96744b5851499d80383f869,26,l_mutation,absent,29890f418f2b47a9456197ca38b534ff01f8a5e1b108eb7a8e74adc02945053a,6965,False,region,region;zone;locale,False,10806,0.3,False,top500,False,1,192
ea_llm_self_adaptive_api_1307_run3_20260722_181845.json,1307,617fd817be1d44b1b7b398b20e60c88b,9,fad4f71cb1424356aca92e3e68063a5f,31,m_mutation,genuine,dd659ad5f9eef5b4ac0bc95fea366ff431be510815a7ed1a070ef06a871f0df0,7328,False,stance,stance;angle;position,False,1223,0.6,False,top500,False,1,136
ea_llm_self_adaptive_api_1307_run3_20260722_181845.json,1307,617fd817be1d44b1b7b398b20e60c88b,9,fad4f71cb1424356aca92e3e68063a5f,31,m_mutation,wrong,b70b954544c6d827cf2dd74ea30ada7459081b2fac4361783c52076f50f16a76,7286,False,angle,angle;view;axis,False,5828,0.2,False,top500,False,1,142
ea_llm_self_adaptive_api_1307_run3_20260722_181845.json,1307,617fd817be1d44b1b7b398b20e60c88b,9,fad4f71cb1424356aca92e3e68063a5f,31,m_mutation,filler,c33ef00e9d1b751ce6f45a4c3076f7f1dd9b335ea9d0ddcc2940433b000b9059,7348,False,posture,posture;stance;gesture,False,4161,0.3,False,top500,False,1,156
ea_llm_self_adaptive_api_1307_run3_20260722_181845.json,1307,617fd817be1d44b1b7b398b20e60c88b,9,fad4f71cb1424356aca92e3e68063a5f,31,m_mutation,absent,b41abad4a9ba3e4a1a2bdbae1d7bf89828bc6296804ab7a1bdebb0507f78fbfe,7007,False,angle,angle;position;orientation,False,5828,0.4,False,top500,False,1,104
ea_llm_self_adaptive_api_1307_run3_20260722_181845.json,1307,608656bafa974b97a1ce367c60ea7221,9,3b6da0f7c0844aa2835848130c72152b,38,ml_mutation,genuine,52a66482310050d732c6548323de0c25304313196b674e40d7eb96e9e4c9f431,7280,False,cognitive,cognitive;mentality;reasoning,False,5519,0.6,False,top100,False,2,156
ea_llm_self_adaptive_api_1307_run3_20260722_181845.json,1307,608656bafa974b97a1ce367c60ea7221,9,3b6da0f7c0844aa2835848130c72152b,38,ml_mutation,wrong,ccd0d51b5a9cf3faca57ea9ab47a99b2f93ce9db9162f3e88f2991b2847190e4,7236,False,mind,mind;mood;intent,False,343,0.5,False,top100,False,1,158
ea_llm_self_adaptive_api_1307_run3_20260722_181845.json,1307,608656bafa974b97a1ce367c60ea7221,9,3b6da0f7c0844aa2835848130c72152b,38,ml_mutation,filler,f1d99af53cce676102db0c2abfec3385e8c072e5ab247b54041cce1062b53b5d,7253,False,judgment,judgment;choice;option,False,464,0.2,False,beyond,False,1,245
ea_llm_self_adaptive_api_1307_run3_20260722_181845.json,1307,608656bafa974b97a1ce367c60ea7221,9,3b6da0f7c0844aa2835848130c72152b,38,ml_mutation,absent,bc943050d953ec89dde568d6eefb8cb762cc9fe5ae8a9d9c214e5427eca7a0ef,6988,False,feel,feel;emotional;response,False,352,0.2,False,top100,False,2,182
ea_llm_self_adaptive_api_1307_run3_20260722_181845.json,1307,2318fa5763404c0d854c649bfb0ef703,10,210bb515c96744b5851499d80383f869,8,m_mutation,genuine,ea99b3dd89f2380abe0bd3274aaee80e04b0272e68800b7358e62fa1667748d9,7439,False,equity,equity;judgment;justice,False,3627,0.7,False,top100,False,1,87
ea_llm_self_adaptive_api_1307_run3_20260722_181845.json,1307,2318fa5763404c0d854c649bfb0ef703,10,210bb515c96744b5851499d80383f869,8,m_mutation,wrong,4139f023908227cc6104f2e382e4df09563bbfd143037d163fd455fcbfb93088,7338,False,justice,justice;equity;impartial,False,388,0.3,False,top500,False,1,75
ea_llm_self_adaptive_api_1307_run3_20260722_181845.json,1307,2318fa5763404c0d854c649bfb0ef703,10,210bb515c96744b5851499d80383f869,8,m_mutation,filler,d3b8301a14f2b8fba892cf703641c8f4535fdfa0c3c7a64c676352cc2baea6b9,7442,False,justice,justice;equity;impartial,False,388,0.6,False,top100,False,1,126
ea_llm_self_adaptive_api_1307_run3_20260722_181845.json,1307,2318fa5763404c0d854c649bfb0ef703,10,210bb515c96744b5851499d80383f869,8,m_mutation,absent,79572dead1668131e76bf582ed95e0bcbf45bad2f9ea466280e81f75c9abd6d9,7101,False,justice,justice;equity;balance,False,388,0.6,False,top100,False,1,160
ea_llm_self_adaptive_api_1307_run3_20260722_181845.json,1307,87342e8a59174c41aa6574efd955dd66,10,fad4f71cb1424356aca92e3e68063a5f,10,ml_mutation,genuine,cf918a2dac16e9488ee9de66052a7c35b821a017914e40dde747f4dd40d3fbb9,7563,False,bravery,bravery;virtue;integrity,False,29,0.8,False,top100,False,1,132
ea_llm_self_adaptive_api_1307_run3_20260722_181845.json,1307,87342e8a59174c41aa6574efd955dd66,10,fad4f71cb1424356aca92e3e68063a5f,10,ml_mutation,wrong,5c4942d44b0b9fbba3963068aae12e591a373a9a731dc6073c54e2c9a1acaf74,7514,False,valor,valor;integrity;dignity,False,1303,0.7,False,top100,False,1,163
ea_llm_self_adaptive_api_1307_run3_20260722_181845.json,1307,87342e8a59174c41aa6574efd955dd66,10,fad4f71cb1424356aca92e3e68063a5f,10,ml_mutation,filler,1d130e646d77a222e241831d35db92c35c22db49cc25f652294fd2d6fbca7e5e,7583,False,bravery,bravery;integrity;perseverance,False,29,0.8,False,top100,False,1,116
ea_llm_self_adaptive_api_1307_run3_20260722_181845.json,1307,87342e8a59174c41aa6574efd955dd66,10,fad4f71cb1424356aca92e3e68063a5f,10,ml_mutation,absent,79aa2e14c5edfcd4dc819ba8b8b78ba5522dc2551ac27b2c7b82881380d49ccf,7242,False,integrity,integrity;honesty;duty,False,3,0.7,False,top100,False,1,171
ea_llm_self_adaptive_api_1307_run4_20260722_184920.json,1307,88bbcece9ec742c9abeec06be3754a58,2,7a7c6cd0476940b5b6a74f9c6384acae,181,s_mutation,genuine,86a7982be07283644ee4d41e0bb887ac2eb95e362897cc69517a61deffba34b8,3624,False,refinement,refinement;finesse;intricacy,False,1212,0.6,False,top500,False,1,129
ea_llm_self_adaptive_api_1307_run4_20260722_184920.json,1307,88bbcece9ec742c9abeec06be3754a58,2,7a7c6cd0476940b5b6a74f9c6384acae,181,s_mutation,wrong,5938678f0e38f92c2ec900b2daf282f1a3c9a9467e88d4f12eec951645522da9,3621,False,delicacy,delicacy;refinement;fineness,False,1074,0.7,False,top500,False,1,102
ea_llm_self_adaptive_api_1307_run4_20260722_184920.json,1307,88bbcece9ec742c9abeec06be3754a58,2,7a7c6cd0476940b5b6a74f9c6384acae,181,s_mutation,filler,db36a5a27987b320f1762247b9056e78282f9eae68e6e930f1425272ea62991a,3613,False,delicacy,delicacy;refinement;precision,False,1074,0.6,False,top500,False,2,129
ea_llm_self_adaptive_api_1307_run4_20260722_184920.json,1307,88bbcece9ec742c9abeec06be3754a58,2,7a7c6cd0476940b5b6a74f9c6384acae,181,s_mutation,absent,e185d07534169dfc4442fdc6cbe1a14e4c2c0175f83ce35243db1e63d02c539c,3385,False,delicacy,delicacy;refinement;sophistication,False,1074,0.75,False,top100,False,1,68
ea_llm_self_adaptive_api_1307_run4_20260722_184920.json,1307,e7e47b4bef444a9c93aa14d5cc235661,2,9dda2b7ea732465ebeece9b50fce94c1,606,ml_mutation,genuine,a52d5443517c80ef4378a511074f57947ca3a79ee530a36ce82de6c698fe3f01,3721,False,promote,promote;enhance;improve,False,572,0.4,False,top500,False,1,89
ea_llm_self_adaptive_api_1307_run4_20260722_184920.json,1307,e7e47b4bef444a9c93aa14d5cc235661,2,9dda2b7ea732465ebeece9b50fce94c1,606,ml_mutation,wrong,3cdaa82f40028b298743a5debfb15d8091cf674eb905f1297fc87cd3ca0cbe87,3720,False,empathy,empathy;compassion;understanding,False,19,0.6,False,top500,False,1,164
ea_llm_self_adaptive_api_1307_run4_20260722_184920.json,1307,e7e47b4bef444a9c93aa14d5cc235661,2,9dda2b7ea732465ebeece9b50fce94c1,606,ml_mutation,filler,2412f924c3f9a6837efaf47191d6f8b29cf0c7f429ffaad5592811ded9ff5ff3,3717,False,encourage,encourage;promote;stimulate,False,374,0.6,False,top500,False,1,98
ea_llm_self_adaptive_api_1307_run4_20260722_184920.json,1307,e7e47b4bef444a9c93aa14d5cc235661,2,9dda2b7ea732465ebeece9b50fce94c1,606,ml_mutation,absent,c26d9e0234c784a8af8ef47b87564ea98c002464cceb5c01df5c1002eedd5228,3489,False,encourage,encourage;motivate;inspire,False,374,0.6,False,top500,False,1,185
ea_llm_self_adaptive_api_1307_run4_20260722_184920.json,1307,7746807a216745d0bd3912819ad94156,3,8237b52109674fa0a672fe8bf3b43fe5,77,m_mutation,genuine,a53b96d82265b9c70846f6d66ccd47da48756b8a1e6155cf7320ef2684a5f0ed,4156,False,moral,moral;ethic;obligation,False,47,0.6,False,top500,False,1,79
ea_llm_self_adaptive_api_1307_run4_20260722_184920.json,1307,7746807a216745d0bd3912819ad94156,3,8237b52109674fa0a672fe8bf3b43fe5,77,m_mutation,wrong,eb33d463a339c5a6ae5fbf7daa2b5f569b8211bfa44de48dfa4cc361dd9e9c40,4173,False,burden,burden;obligation;commitment,False,3654,0.3,False,top500,False,1,114
ea_llm_self_adaptive_api_1307_run4_20260722_184920.json,1307,7746807a216745d0bd3912819ad94156,3,8237b52109674fa0a672fe8bf3b43fe5,77,m_mutation,filler,e3f904ad484b81ede8c5ee6cf48d80a8719ae043478ddaa4e0484bd835667c72,4165,False,obligation,obligation;accountability;ethical,False,854,0.5,False,top500,False,1,126
ea_llm_self_adaptive_api_1307_run4_20260722_184920.json,1307,7746807a216745d0bd3912819ad94156,3,8237b52109674fa0a672fe8bf3b43fe5,77,m_mutation,absent,051ff1ec66a3623b1d7faf2264a77e84faad0071e0a5bb75c945a02f95b69fd4,3937,False,obligation,obligation;accountability;burden,False,854,0.6,False,top500,False,1,155
ea_llm_self_adaptive_api_1307_run4_20260722_184920.json,1307,04b37a5879424aadb98f04e9fb407d78,3,3216b3423503493e8143ada5061ce4b6,98,m_mutation,genuine,62565208b3b428b39da99cf53b520f90274859497f72e48de560361af8efbc10,4170,False,legacy,legacy;status;credibility,False,2571,0.6,False,top500,False,1,95
ea_llm_self_adaptive_api_1307_run4_20260722_184920.json,1307,04b37a5879424aadb98f04e9fb407d78,3,3216b3423503493e8143ada5061ce4b6,98,m_mutation,wrong,8c8f074f7c61b90b272a9fb853f877889d0d7d6f2072986258f365b6cbe0d656,4214,False,integrity,integrity;trust;credibility,False,3,0.6,False,top500,False,1,117
ea_llm_self_adaptive_api_1307_run4_20260722_184920.json,1307,04b37a5879424aadb98f04e9fb407d78,3,3216b3423503493e8143ada5061ce4b6,98,m_mutation,filler,2d1b470f27e89ba32a3e7448dd780c0b358a20e1b2a07bd6f45b48f59ce2a157,4171,False,standing,standing;credibility;integrity,False,986,0.7,False,top500,False,1,158
ea_llm_self_adaptive_api_1307_run4_20260722_184920.json,1307,04b37a5879424aadb98f04e9fb407d78,3,3216b3423503493e8143ada5061ce4b6,98,m_mutation,absent,f8eff63bd798bddb6c2f2e8e8dbe7ae0b39d27ca65b712c549472f4a8cbc2345,3981,False,preserve,preserve;evaluate;signal,False,1838,0.6,False,top500,False,1,104
ea_llm_self_adaptive_api_1307_run4_20260722_184920.json,1307,69395820c75843b693ffcb026e50b503,3,7a7c6cd0476940b5b6a74f9c6384acae,181,ml_mutation,genuine,0109c458c971ec46455a85094f3281ab170c490fad1a43d93b265e3d1d687807,4274,False,softness,softness;grace;elegance,False,2069,0.4,False,top500,False,1,171
ea_llm_self_adaptive_api_1307_run4_20260722_184920.json,1307,69395820c75843b693ffcb026e50b503,3,7a7c6cd0476940b5b6a74f9c6384acae,181,ml_mutation,wrong,1bb83d94e57fdff35f315f2fa1e8a407c679c667096baedd0316c989c51801a0,4271,False,attributes,attributes;qualities;features,False,1063,0.6,False,top500,False,1,153
ea_llm_self_adaptive_api_1307_run4_20260722_184920.json,1307,69395820c75843b693ffcb026e50b503,3,7a7c6cd0476940b5b6a74f9c6384acae,181,ml_mutation,filler,9d7b280ee89c55f9d127f5550a48483d49dd7d6f5a6b6aa155ab261eef244f19,4263,False,grace,grace;elegance;charm,False,445,0.4,False,top500,False,1,145
ea_llm_self_adaptive_api_1307_run4_20260722_184920.json,1307,69395820c75843b693ffcb026e50b503,3,7a7c6cd0476940b5b6a74f9c6384acae,181,ml_mutation,absent,40d6e2da54cdacbc9a1faf03867f70b3b2570ad56eaeb66a11fd5cd9a3dc44f3,4035,False,depth,depth;quality;texture,False,1065,0.6,False,top500,False,2,132
ea_llm_self_adaptive_api_1307_run4_20260722_184920.json,1307,33d8a272fa36462c98f86128fc73b09a,4,2d57463193f641bca563455b8271f557,3,l_mutation,genuine,afbbedc10a084b889f39584cadf5087021cfbf3438496b2a2cff687e960e398a,4970,False,interdependence,interdependence;alignment;cohesion,False,2076,0.3,False,top500,False,2,220
ea_llm_self_adaptive_api_1307_run4_20260722_184920.json,1307,33d8a272fa36462c98f86128fc73b09a,4,2d57463193f641bca563455b8271f557,3,l_mutation,wrong,438eac021c9dea588fdaec2ab2259980ffcc1c38814909e9d711e1169f7e416e,5002,False,coherence,coherence;alignment;consistency,False,3010,0.4,False,top500,False,1,205
ea_llm_self_adaptive_api_1307_run4_20260722_184920.json,1307,33d8a272fa36462c98f86128fc73b09a,4,2d57463193f641bca563455b8271f557,3,l_mutation,filler,71e68f8966eb04c8593c53e61b6183ec9b5ea7568386044a9070fc5037a573f3,4973,False,coherence,coherence;solidity;unity,False,3010,0.6,False,top500,False,3,219
ea_llm_self_adaptive_api_1307_run4_20260722_184920.json,1307,33d8a272fa36462c98f86128fc73b09a,4,2d57463193f641bca563455b8271f557,3,l_mutation,absent,57203c6836943e16a49a99e333c21b019a3600e553e80e06d69012e0e159a0dc,4632,False,coherence,coherence;sustenance;continuity,False,3010,0.4,False,top500,False,3,171
ea_llm_self_adaptive_api_1307_run4_20260722_184920.json,1307,7174441ce11747c7bc70b7b40020854c,4,b252716442a64180940089175c75b55b,6,m_mutation,genuine,c5bec41ac6ccab9c7ed4c7a44ab7cd49ad64170309650f1ec70ee8692dbffe9d,4729,False,modesty,modesty;restraint;humble,False,50,0.5,False,top500,False,2,123
ea_llm_self_adaptive_api_1307_run4_20260722_184920.json,1307,7174441ce11747c7bc70b7b40020854c,4,b252716442a64180940089175c75b55b,6,m_mutation,wrong,76e7252a3a39602c7152f1887ea3c5986000b44cade04124579c5acd84d34761,4722,False,modesty,modesty;meekness;reverence,False,50,0.4,False,top500,False,1,152
ea_llm_self_adaptive_api_1307_run4_20260722_184920.json,1307,7174441ce11747c7bc70b7b40020854c,4,b252716442a64180940089175c75b55b,6,m_mutation,filler,878e157fa061d5b1754ad16093f3a4664d4ed73c062331983ffc260e3dbe865f,4719,False,modesty,modesty;awareness;yield,False,50,0.6,False,top500,False,1,84
ea_llm_self_adaptive_api_1307_run4_20260722_184920.json,1307,7174441ce11747c7bc70b7b40020854c,4,b252716442a64180940089175c75b55b,6,m_mutation,absent,1fb96c38a12c6ebeb32ae0869684aad5fb20c40274606613622ce248bd9bb0d9,4491,False,modesty,modesty;introspection;openness,False,50,0.3,False,top500,False,1,128
ea_llm_self_adaptive_api_1307_run4_20260722_184920.json,1307,d1832b6a7cad4ce4aa97ba9881f42bd9,4,7746807a216745d0bd3912819ad94156,37,ml_mutation,genuine,15bbca46865a1d6608e12ae79d091e139192b4bbbc5cccb1d86ea0a4c0fcf130,4751,False,trustworthiness,trustworthiness;dependability;reliability,False,30,0.6,False,top500,False,1,151
ea_llm_self_adaptive_api_1307_run4_20260722_184920.json,1307,d1832b6a7cad4ce4aa97ba9881f42bd9,4,7746807a216745d0bd3912819ad94156,37,ml_mutation,wrong,fc8d5dfce5d0d4f467b2e15a9b5a885c8d86c2aa342e9ea04506885a060d75b8,4758,False,integrity,integrity;reliability;trustworthiness,False,3,0.6,False,top100,False,1,143
ea_llm_self_adaptive_api_1307_run4_20260722_184920.json,1307,d1832b6a7cad4ce4aa97ba9881f42bd9,4,7746807a216745d0bd3912819ad94156,37,ml_mutation,filler,92c5e86ff09666cac4ca5ea43e33708f8991d89dc3c104432e3934ade4f62062,4751,False,expectation,expectation;norm;standard,False,265,0.3,False,top500,False,1,172
ea_llm_self_adaptive_api_1307_run4_20260722_184920.json,1307,d1832b6a7cad4ce4aa97ba9881f42bd9,4,7746807a216745d0bd3912819ad94156,37,ml_mutation,absent,94aef7a2c46091415de70654b66026f5f75c98a2db9176b4b955a65538ee1df7,4523,False,integrity,integrity;honor;justice,False,3,0.7,False,top500,False,1,119
ea_llm_self_adaptive_api_1307_run4_20260722_184920.json,1307,8ebf4728894049f99b70414cecfb64de,4,04b37a5879424aadb98f04e9fb407d78,52,m_mutation,genuine,7f70d3c1771cba9f212011452d87974f1a10ab304615f4f44dc36434159018c9,4861,False,reliability,reliability;authenticity;assurance,False,208,0.7,False,top500,False,3,167
ea_llm_self_adaptive_api_1307_run4_20260722_184920.json,1307,8ebf4728894049f99b70414cecfb64de,4,04b37a5879424aadb98f04e9fb407d78,52,m_mutation,wrong,8fc0fd9f0fae78c5f64d357c704dbb7194a145f2194a2e9496578c4d91d59b08,4870,False,evidence,evidence;proof;validation,False,565,0.6,False,top500,False,1,115
ea_llm_self_adaptive_api_1307_run4_20260722_184920.json,1307,8ebf4728894049f99b70414cecfb64de,4,04b37a5879424aadb98f04e9fb407d78,52,m_mutation,filler,870d2553ebee87ad0ffb966d6780054a4f46532b31652997df603eabbe453cdd,4851,False,integrity,integrity;authenticity;fact,False,3,0.7,False,top500,False,1,172
ea_llm_self_adaptive_api_1307_run4_20260722_184920.json,1307,8ebf4728894049f99b70414cecfb64de,4,04b37a5879424aadb98f04e9fb407d78,52,m_mutation,absent,234e91215cd0774ee6c29f9325242a1b0446325f0d0967ea241526fac7bf4349,4623,False,evidence,evidence;authenticity;validity,False,565,0.6,False,top500,False,1,112
ea_llm_self_adaptive_api_1307_run5_20260722_201412.json,1307,4864d3a654f54a5c899e5326a795fcf9,2,e472a5bd3c85453b900e01423585843b,445,l_mutation,genuine,4f61dd73861527f645bbbd857f78aca2f0fcdf1b3d9ececac047756ca8ea32d7,4020,False,echo,echo;vibe;pulse,False,5391,0.3,False,top500,False,3,190
ea_llm_self_adaptive_api_1307_run5_20260722_201412.json,1307,4864d3a654f54a5c899e5326a795fcf9,2,e472a5bd3c85453b900e01423585843b,445,l_mutation,wrong,51ad940e79dca3cdf7b138a5c2106c1d96d5391dbcc9374d0d1fcce050ee87a3,4034,False,current,current;stream;pulse,False,4182,0.4,False,top500,False,1,233
ea_llm_self_adaptive_api_1307_run5_20260722_201412.json,1307,4864d3a654f54a5c899e5326a795fcf9,2,e472a5bd3c85453b900e01423585843b,445,l_mutation,filler,f62d066ca9c81d02b3050fe13a9e3ede66665746e2416d6ce8f18e8742248d53,3991,False,aura,aura;resonance;ether,False,2495,0.4,False,top500,False,1,96
ea_llm_self_adaptive_api_1307_run5_20260722_201412.json,1307,4864d3a654f54a5c899e5326a795fcf9,2,e472a5bd3c85453b900e01423585843b,445,l_mutation,absent,3887d04bc397c4f7a3cb7c18df56f338a1b5c94ecafa3c6b934c2cfb8dbb4057,3726,False,momentum,momentum;vibration;frequency,False,5164,0.3,False,top500,False,1,115
ea_llm_self_adaptive_api_1307_run5_20260722_201412.json,1307,f8f345f0a12b4d278b85733962f4c8b3,2,c76821108e9d4261b874c55960226d1d,664,s_mutation,genuine,0cda35bdc2fc56c6b1c74c17b8a7120816ff48e9ff90430c4f2cf35fcfe5f378,3753,False,distribution,distribution;stability;arrangement,False,10595,0.7,False,top500,False,1,162
ea_llm_self_adaptive_api_1307_run5_20260722_201412.json,1307,f8f345f0a12b4d278b85733962f4c8b3,2,c76821108e9d4261b874c55960226d1d,664,s_mutation,wrong,b2537ce7acc3daa9559bfaf76a466b7af67e18f3e0ec7556f04904a580c3ad93,3694,False,stability,stability;distribution;arrangement,False,1670,0.6,False,top500,False,1,135
ea_llm_self_adaptive_api_1307_run5_20260722_201412.json,1307,f8f345f0a12b4d278b85733962f4c8b3,2,c76821108e9d4261b874c55960226d1d,664,s_mutation,filler,1ceb998d14bc292c04c84e1789a8ee37905d2a40fba0fea4903a76a45b0a765a,3717,False,harmony,harmony;stability;cohesion,False,787,0.7,False,top500,False,1,109
ea_llm_self_adaptive_api_1307_run5_20260722_201412.json,1307,f8f345f0a12b4d278b85733962f4c8b3,2,c76821108e9d4261b874c55960226d1d,664,s_mutation,absent,b1369375aa7fb04467e74c85217df9921bcc30e1d6ca4187f77c8654a7812352,3452,False,cohesion,cohesion;unity;stability,False,1976,0.7,False,top500,False,1,136
ea_llm_self_adaptive_api_1307_run5_20260722_201412.json,1307,e1a7bbc3e972477cbafffe5fe7d1df9f,3,e3cc5829608244fb9b6ad27652d013a8,98,m_mutation,genuine,d16863ebc5f253baae8ecb8ea78ad0182b7dffe737c21257ee5b7c1cc6e22bf0,4295,False,trust,trust;credibility;status,False,96,0.6,False,top500,False,1,117
ea_llm_self_adaptive_api_1307_run5_20260722_201412.json,1307,e1a7bbc3e972477cbafffe5fe7d1df9f,3,e3cc5829608244fb9b6ad27652d013a8,98,m_mutation,wrong,06cac69ce1d95eef82cae9a48fb70b14ddf8cc3e1c222cf51be1ca4690802747,4341,False,esteem,esteem;credibility;integrity,False,231,0.7,False,top500,False,1,128
ea_llm_self_adaptive_api_1307_run5_20260722_201412.json,1307,e1a7bbc3e972477cbafffe5fe7d1df9f,3,e3cc5829608244fb9b6ad27652d013a8,98,m_mutation,filler,88f1056f8c585b3eec3c14ccf5bc7918b9623fba371aa3f081edec421ae828a0,4300,False,credibility,credibility;standing;legacy,False,52,0.6,False,top500,False,1,97
ea_llm_self_adaptive_api_1307_run5_20260722_201412.json,1307,e1a7bbc3e972477cbafffe5fe7d1df9f,3,e3cc5829608244fb9b6ad27652d013a8,98,m_mutation,absent,132bf6c266e7abc0e70527f6934d028f1ab052f64cf9ccb42432436e44a697f3,4110,False,status,status;credibility;integrity,False,3986,0.4,False,top500,False,1,83
ea_llm_self_adaptive_api_1307_run5_20260722_201412.json,1307,00a14f765b444b8da1855238d6d8445e,3,fd7dc4b4745944939b2242cd3921368f,293,m_mutation,genuine,bcfa70d8e02557daf7072731d18de27833651087703dc167e7c8ff3a74502cb6,4405,False,elasticity,elasticity;durability;strength,False,7804,0.4,False,top500,False,1,154
ea_llm_self_adaptive_api_1307_run5_20260722_201412.json,1307,00a14f765b444b8da1855238d6d8445e,3,fd7dc4b4745944939b2242cd3921368f,293,m_mutation,wrong,06a95d04beaaf53034ddc2e7cb75e75c6ce55e79db723e9100a6e0330f75d904,4407,False,toughness,toughness;endurance;durability,False,306,0.6,False,top500,False,1,152
ea_llm_self_adaptive_api_1307_run5_20260722_201412.json,1307,00a14f765b444b8da1855238d6d8445e,3,fd7dc4b4745944939b2242cd3921368f,293,m_mutation,filler,fdd9b555ff20713ca0f9aec7d4b3505d1a39f74fc8631d782d500ec0d09aa85e,4392,False,durability,durability;endurance;strength,False,1455,0.4,False,top500,False,1,146
ea_llm_self_adaptive_api_1307_run5_20260722_201412.json,1307,00a14f765b444b8da1855238d6d8445e,3,fd7dc4b4745944939b2242cd3921368f,293,m_mutation,absent,dbbf1044e6aaaf9e2bee7470490225b177876feb413985bbebd4c90565935f8e,4127,False,material,material;structure;flexibility,False,2998,0.2,False,beyond,False,1,168
ea_llm_self_adaptive_api_1307_run5_20260722_201412.json,1307,5ab9b0a296ed43e3b4351ce86de01448,3,e472a5bd3c85453b900e01423585843b,445,l_mutation,genuine,30a38de67f1462c5f2fc91b2c93171bb4cccb446137e0558cf2fc222d686fecb,4699,False,ease,ease;presence;glide,False,816,0.3,False,top500,False,1,177
ea_llm_self_adaptive_api_1307_run5_20260722_201412.json,1307,5ab9b0a296ed43e3b4351ce86de01448,3,e472a5bd3c85453b900e01423585843b,445,l_mutation,wrong,0f8362f803e2275a4d3dd9b0abce35134592f528a5d0f241cc9b234384491dfc,4713,False,momentum,momentum;flux;transition,False,5164,0.6,False,top500,False,3,237
ea_llm_self_adaptive_api_1307_run5_20260722_201412.json,1307,5ab9b0a296ed43e3b4351ce86de01448,3,e472a5bd3c85453b900e01423585843b,445,l_mutation,filler,8fca689d6af36d782a14bcff748a33bb12f0a606f3126d3bb90abddb7d515147,4670,False,space,space;time;echo,False,4563,0.3,False,top500,False,1,178
ea_llm_self_adaptive_api_1307_run5_20260722_201412.json,1307,5ab9b0a296ed43e3b4351ce86de01448,3,e472a5bd3c85453b900e01423585843b,445,l_mutation,absent,449f1b94b737b41f92830d94f5672a54c676fc3bdff29c6a74a77d163d79f932,4405,False,aura,aura;presence;ease,False,2495,0.4,False,top500,False,2,136
ea_llm_self_adaptive_api_1307_run5_20260722_201412.json,1307,97c635aa52ba459eb0209fe1f139c2bd,3,c76821108e9d4261b874c55960226d1d,664,l_mutation,genuine,6ffb995ec058a249abac131852c506799b1371c48471adfaec8e98228dda4b6f,4740,False,ecosystem,ecosystem;cycle;network,False,9255,0.4,False,top500,False,1,154
ea_llm_self_adaptive_api_1307_run5_20260722_201412.json,1307,97c635aa52ba459eb0209fe1f139c2bd,3,c76821108e9d4261b874c55960226d1d,664,l_mutation,wrong,fe793ae10a9adf2d80e5b6cf97089d4cb13eb5fceb85be57ed9c064d14fe089b,4676,False,dynamic,dynamic;pattern;interaction,False,3225,0.3,False,top500,False,1,214
ea_llm_self_adaptive_api_1307_run5_20260722_201412.json,1307,97c635aa52ba459eb0209fe1f139c2bd,3,c76821108e9d4261b874c55960226d1d,664,l_mutation,filler,0a80309d79a033a5397b61a65e1c4b06a52596916dc0185e98dd0c4ed9635ba6,4704,False,temporal,temporal;dynamic;pattern,False,8885,0.7,False,top500,False,1,136
ea_llm_self_adaptive_api_1307_run5_20260722_201412.json,1307,97c635aa52ba459eb0209fe1f139c2bd,3,c76821108e9d4261b874c55960226d1d,664,l_mutation,absent,0653a022d90365fa419b21a40c8b87c0fdc7826c915ff94ca22364f6436c566d,4439,False,material,material;texture;density,False,2998,0.3,False,top500,False,1,151
ea_llm_self_adaptive_api_1307_run5_20260722_201412.json,1307,f6e9f5fbc8ea41cfb9c331a4e76973f0,4,e1a7bbc3e972477cbafffe5fe7d1df9f,3,m_mutation,genuine,73a10fd76fbfd1953812f37e9d6336e7800f57461faed93dd7bcba23e03f9475,4766,False,consistency,consistency;purity;accuracy,False,151,0.7,False,top100,False,1,97
ea_llm_self_adaptive_api_1307_run5_20260722_201412.json,1307,f6e9f5fbc8ea41cfb9c331a4e76973f0,4,e1a7bbc3e972477cbafffe5fe7d1df9f,3,m_mutation,wrong,343ab8a410ea1d1e3c4b1a4f2e421b3eb0d4eb88efe9df6051fa42a01b70befe,4791,False,principle,principle;consistency;honesty,False,161,0.4,False,top500,False,1,163
ea_llm_self_adaptive_api_1307_run5_20260722_201412.json,1307,f6e9f5fbc8ea41cfb9c331a4e76973f0,4,e1a7bbc3e972477cbafffe5fe7d1df9f,3,m_mutation,filler,ad766947e5cfcce2f53b3b8f587f97cfbd7fbd0cf24d6cb1fc4751c984aa4a49,4772,False,soundness,soundness;consistency;solidity,False,1517,0.7,False,top500,False,1,135
ea_llm_self_adaptive_api_1307_run5_20260722_201412.json,1307,f6e9f5fbc8ea41cfb9c331a4e76973f0,4,e1a7bbc3e972477cbafffe5fe7d1df9f,3,m_mutation,absent,6fa7da5bdaa5106904e2c8963fca459013fd7207e64c2e58f64872f37daf5b14,4544,False,principles,principles;ethics;consistency,False,161,0.7,False,top100,False,1,93
ea_llm_self_adaptive_api_1307_run5_20260722_201412.json,1307,960f173303d24a6a92a562950c523c62,4,e472a5bd3c85453b900e01423585843b,81,l_mutation,genuine,7e9c95a5e6861ffe7fa67623be2a76e79a06e1c4ca126d64c9507fb08930cc23,5078,False,perception,perception;interpretation;sensory,False,329,0.35,False,top500,False,1,103
ea_llm_self_adaptive_api_1307_run5_20260722_201412.json,1307,960f173303d24a6a92a562950c523c62,4,e472a5bd3c85453b900e01423585843b,81,l_mutation,wrong,c337f221ed2adf6a7ea433c76b0a807c039b6b2bc13c7f922e586b44a286a5c0,5081,False,insight,insight;focus;perspective,False,135,0.3,False,top500,False,1,141
ea_llm_self_adaptive_api_1307_run5_20260722_201412.json,1307,960f173303d24a6a92a562950c523c62,4,e472a5bd3c85453b900e01423585843b,81,l_mutation,filler,7d15764d3f318c09b004189d68f4bb7a28b0bb35b734b02de7d4adbdf35c4a9e,5049,False,context,context;perspective;insight,False,1039,0.3,False,top500,False,1,149
ea_llm_self_adaptive_api_1307_run5_20260722_201412.json,1307,960f173303d24a6a92a562950c523c62,4,e472a5bd3c85453b900e01423585843b,81,l_mutation,absent,3affa8cedbcb5e4654e93a341e03881ec3cd2107df5361d57d02b897746b5e59,4784,False,perception,perception;schema;context,False,329,0.4,False,top500,False,2,159
ea_llm_self_adaptive_api_1307_run5_20260722_201412.json,1307,9e4e9452e10b4060ab6c13b8ac5d5ede,4,e3cc5829608244fb9b6ad27652d013a8,98,s_mutation,genuine,088c34819e3d5800529e88ef297393cd59722cb4901d1f6943fd011c3b86827a,4788,False,status,status;credibility;standing,False,3986,0.7,False,top500,False,1,119
ea_llm_self_adaptive_api_1307_run5_20260722_201412.json,1307,9e4e9452e10b4060ab6c13b8ac5d5ede,4,e3cc5829608244fb9b6ad27652d013a8,98,s_mutation,wrong,8c893a6dc6b8e80b7fa3542f5b77f3a84a8d4076d35db3aa081890adce40a15c,4836,False,status,status;respect;name,False,3986,0.7,False,top500,False,1,88
ea_llm_self_adaptive_api_1307_run5_20260722_201412.json,1307,9e4e9452e10b4060ab6c13b8ac5d5ede,4,e3cc5829608244fb9b6ad27652d013a8,98,s_mutation,filler,da24d11b1728345d940f7b76582514f40e72219329e9e0f2a9f3445bbe08a584,4793,False,status,status;esteem;prestige,False,3986,0.3,False,top100,False,1,98
ea_llm_self_adaptive_api_1307_run5_20260722_201412.json,1307,9e4e9452e10b4060ab6c13b8ac5d5ede,4,e3cc5829608244fb9b6ad27652d013a8,98,s_mutation,absent,7b26eef395c4891cf5406f0d86aa713ac4436ad58a17b3f77fad7451faa29112,4603,False,status,status;standing;prestige,False,3986,0.8,False,top500,False,1,101
ea_llm_self_adaptive_api_1307_run5_20260722_201412.json,1307,f5f59e65522941ba80d778baa769ccf3,4,00a14f765b444b8da1855238d6d8445e,254,ml_mutation,genuine,8b4c875ecbd283377277ec83f21afa817ee8cd374b244876a5285c0137defea5,4913,False,flexibility,flexibility;elasticity;plasticity,False,587,0.4,False,top500,False,2,179
ea_llm_self_adaptive_api_1307_run5_20260722_201412.json,1307,f5f59e65522941ba80d778baa769ccf3,4,00a14f765b444b8da1855238d6d8445e,254,ml_mutation,wrong,a5e83311ea6983a56339208cdb0f720772661c9e059aa683278e30d458efbe5a,4888,False,ductile,ductile;tough;plastic,False,60223,0.5,False,top500,False,1,226
ea_llm_self_adaptive_api_1307_run5_20260722_201412.json,1307,f5f59e65522941ba80d778baa769ccf3,4,00a14f765b444b8da1855238d6d8445e,254,ml_mutation,filler,44b3d1ab6a02ca400292b88df0e09249ae627e54571e8e1d836d08df0ae04b70,4877,False,ductility,ductility;flexibility;stiffness,False,12573,0.65,False,top500,False,1,135
ea_llm_self_adaptive_api_1307_run5_20260722_201412.json,1307,f5f59e65522941ba80d778baa769ccf3,4,00a14f765b444b8da1855238d6d8445e,254,ml_mutation,absent,431fe1eaeca2b53f391daf6d3b8ad33d48b6fb1533ffe1176adeab42187d8e2d,4612,False,flexibility,flexibility;ductility;elasticity,False,587,0.7,False,top500,False,2,155
