run,count,spearman_rho,bucket_accuracy,mean_signed_bucket_error,off_by_one_rate,ece,brier,auroc,positive_rate
ea_llm_self_adaptive_api_1390_run1_20260720_144938.json,19,-0.44339737197008056,0.5789473684210527,-0.15789473684210525,0.3684210526315789,0.3421052631578947,0.20263157894736838,0.8235294117647058,0.10526315789473684
ea_llm_self_adaptive_api_1390_run1_20260720_162708.json,42,-0.14139799011068485,0.14285714285714285,-0.7380952380952381,0.7857142857142857,0.37142857142857144,0.24761904761904768,0.5394736842105263,0.09523809523809523
ea_llm_self_adaptive_api_1391_run1_20260720_214320.json,42,-0.09100834082858064,0.23809523809523808,-0.42857142857142855,0.5476190476190477,0.34285714285714275,0.2742857142857143,0.575,0.23809523809523808
ea_llm_self_adaptive_api_1391_run1_20260720_223127.json,37,-0.5137166039308831,0.32432432432432434,-0.43243243243243246,0.5135135135135135,0.28783783783783784,0.21331081081081082,0.6125,0.13513513513513514
ea_llm_self_adaptive_api_1392_run1_20260721_123448.json,24,-0.46699248360138357,0.3333333333333333,-0.75,0.5833333333333334,0.42083333333333334,0.2660416666666667,0.9126984126984127,0.125
ea_llm_self_adaptive_api_1392_run1_20260721_131533.json,19,-0.26373155495528616,0.3333333333333333,-0.5555555555555556,0.6666666666666666,0.4222222222222223,0.20111111111111113,,0.0
